#! /usr/local/Cellar/icarus-verilog/13.0/bin/vvp
:ivl_version "13.0 (stable)" "(v13_0)";
:ivl_delay_selection "TYPICAL";
:vpi_time_precision - 12;
:vpi_module "/usr/local/Cellar/icarus-verilog/13.0/lib/ivl/system.vpi";
:vpi_module "/usr/local/Cellar/icarus-verilog/13.0/lib/ivl/vhdl_sys.vpi";
:vpi_module "/usr/local/Cellar/icarus-verilog/13.0/lib/ivl/vhdl_textio.vpi";
:vpi_module "/usr/local/Cellar/icarus-verilog/13.0/lib/ivl/v2005_math.vpi";
:vpi_module "/usr/local/Cellar/icarus-verilog/13.0/lib/ivl/va_math.vpi";
:vpi_module "/usr/local/Cellar/icarus-verilog/13.0/lib/ivl/v2009.vpi";
S_0x7ff0c700b660 .scope package, "$unit" "$unit" 2 1;
 .timescale 0 0;
S_0x7ff0c700b8c0 .scope module, "Lift8" "Lift8" 3 605;
 .timescale -9 -12;
    .port_info 0 /INPUT 1 "clk";
    .port_info 1 /INPUT 1 "reset";
    .port_info 2 /INPUT 3 "req_floor";
    .port_info 3 /OUTPUT 2 "idle";
    .port_info 4 /OUTPUT 2 "door";
    .port_info 5 /OUTPUT 2 "Up";
    .port_info 6 /OUTPUT 2 "Down";
    .port_info 7 /OUTPUT 3 "current_floor";
    .port_info 8 /OUTPUT 8 "requests";
    .port_info 9 /OUTPUT 3 "max_request";
    .port_info 10 /OUTPUT 3 "min_request";
    .port_info 11 /INPUT 1 "emergency_stop";
L_0x7ff0c702c1d0 .functor AND 1, L_0x7ff0c702bfd0, L_0x7ff0c702c0d0, C4<1>, C4<1>;
L_0x7ff0c702cdf0 .functor BUFZ 3, v0x7ff0c7020be0_0, C4<000>, C4<000>, C4<000>;
v0x7ff0c70223e0_0 .net "Down", 1 0, L_0x7ff0c702d4b0;  1 drivers
v0x7ff0c7022470_0 .net "Up", 1 0, L_0x7ff0c702d350;  1 drivers
v0x7ff0c700b7d0_0 .net *"_ivl_0", 0 0, L_0x7ff0c702bfd0;  1 drivers
L_0x7ff0c7173248 .functor BUFT 1, C4<111>, C4<0>, C4<0>, C4<0>;
v0x7ff0c7022500_0 .net/2u *"_ivl_20", 2 0, L_0x7ff0c7173248;  1 drivers
L_0x7ff0c7173290 .functor BUFT 1, C4<000>, C4<0>, C4<0>, C4<0>;
v0x7ff0c7022590_0 .net/2u *"_ivl_24", 2 0, L_0x7ff0c7173290;  1 drivers
L_0x7ff0c71732d8 .functor BUFT 1, C4<0>, C4<0>, C4<0>, C4<0>;
v0x7ff0c7022660_0 .net/2u *"_ivl_28", 0 0, L_0x7ff0c71732d8;  1 drivers
v0x7ff0c7022700_0 .net *"_ivl_3", 0 0, L_0x7ff0c702c0d0;  1 drivers
L_0x7ff0c7173320 .functor BUFT 1, C4<0>, C4<0>, C4<0>, C4<0>;
v0x7ff0c70227a0_0 .net/2u *"_ivl_32", 0 0, L_0x7ff0c7173320;  1 drivers
L_0x7ff0c7173368 .functor BUFT 1, C4<0>, C4<0>, C4<0>, C4<0>;
v0x7ff0c7022850_0 .net/2u *"_ivl_36", 0 0, L_0x7ff0c7173368;  1 drivers
L_0x7ff0c71733b0 .functor BUFT 1, C4<0>, C4<0>, C4<0>, C4<0>;
v0x7ff0c7022960_0 .net/2u *"_ivl_40", 0 0, L_0x7ff0c71733b0;  1 drivers
v0x7ff0c7022a10_0 .net "bottom_limit_i", 0 0, L_0x7ff0c702d020;  1 drivers
o0x7ff0c7142a58 .functor BUFZ 1, c4<z>; HiZ drive
v0x7ff0c7022ac0_0 .net "clk", 0 0, o0x7ff0c7142a58;  0 drivers
v0x7ff0c7022b50_0 .net "cur_floor", 2 0, v0x7ff0c7020be0_0;  1 drivers
v0x7ff0c7022be0_0 .net "current_floor", 2 0, L_0x7ff0c702cdf0;  1 drivers
v0x7ff0c7022c70_0 .net "door", 1 0, L_0x7ff0c702d250;  1 drivers
v0x7ff0c7022d20_0 .net "door_open", 0 0, v0x7ff0c7020170_0;  1 drivers
o0x7ff0c7142c98 .functor BUFZ 1, c4<z>; HiZ drive
v0x7ff0c7022dd0_0 .net "emergency_stop", 0 0, o0x7ff0c7142c98;  0 drivers
v0x7ff0c7022f80_0 .net "estop_latched", 0 0, L_0x7ff0c702cc70;  1 drivers
v0x7ff0c7023010_0 .net "fsm_state", 2 0, L_0x7ff0c702cce0;  1 drivers
v0x7ff0c70230a0_0 .net "idle", 1 0, L_0x7ff0c702d140;  1 drivers
v0x7ff0c7023130_0 .net "idle_o", 0 0, v0x7ff0c70210e0_0;  1 drivers
v0x7ff0c70231c0_0 .net "max_request", 2 0, L_0x7ff0c702c460;  1 drivers
v0x7ff0c7023250_0 .net "min_request", 2 0, L_0x7ff0c702c510;  1 drivers
v0x7ff0c7023300_0 .net "moving_down", 0 0, L_0x7ff0c702c960;  1 drivers
v0x7ff0c70233b0_0 .net "moving_up", 0 0, L_0x7ff0c702c840;  1 drivers
o0x7ff0c7143208 .functor BUFZ 3, c4<zzz>; HiZ drive
v0x7ff0c7023460_0 .net "req_floor", 2 0, o0x7ff0c7143208;  0 drivers
v0x7ff0c7023510_0 .var "req_floor_q", 2 0;
v0x7ff0c70235a0_0 .net "req_valid", 0 0, L_0x7ff0c702c1d0;  1 drivers
v0x7ff0c7023650_0 .net "requests", 7 0, L_0x7ff0c702c300;  1 drivers
o0x7ff0c71432f8 .functor BUFZ 1, c4<z>; HiZ drive
v0x7ff0c7023700_0 .net "reset", 0 0, o0x7ff0c71432f8;  0 drivers
v0x7ff0c70237b0_0 .net "service_dir_down", 0 0, v0x7ff0c701fdb0_0;  1 drivers
v0x7ff0c7023860_0 .net "service_dir_up", 0 0, v0x7ff0c701fef0_0;  1 drivers
v0x7ff0c7023910_0 .net "top_limit_i", 0 0, L_0x7ff0c702cf00;  1 drivers
v0x7ff0c7022e80_0 .net "transit_unused", 7 0, L_0x7ff0c702c3b0;  1 drivers
L_0x7ff0c702bfd0 .cmp/ne 3, o0x7ff0c7143208, v0x7ff0c7023510_0;
L_0x7ff0c702c0d0 .reduce/nor o0x7ff0c71432f8;
L_0x7ff0c702cf00 .cmp/eq 3, v0x7ff0c7020be0_0, L_0x7ff0c7173248;
L_0x7ff0c702d020 .cmp/eq 3, v0x7ff0c7020be0_0, L_0x7ff0c7173290;
L_0x7ff0c702d140 .concat [ 1 1 0 0], v0x7ff0c70210e0_0, L_0x7ff0c71732d8;
L_0x7ff0c702d250 .concat [ 1 1 0 0], v0x7ff0c7020170_0, L_0x7ff0c7173320;
L_0x7ff0c702d350 .concat [ 1 1 0 0], v0x7ff0c701fef0_0, L_0x7ff0c7173368;
L_0x7ff0c702d4b0 .concat [ 1 1 0 0], v0x7ff0c701fdb0_0, L_0x7ff0c71733b0;
S_0x7ff0c700bd20 .scope module, "u_ctrl" "elevator_controller" 3 649, 3 8 0, S_0x7ff0c700b8c0;
 .timescale -9 -12;
    .port_info 0 /INPUT 1 "clk";
    .port_info 1 /INPUT 1 "reset";
    .port_info 2 /INPUT 1 "req_valid";
    .port_info 3 /INPUT 3 "req_floor";
    .port_info 4 /INPUT 1 "req_cabin";
    .port_info 5 /INPUT 1 "req_hall_up";
    .port_info 6 /INPUT 8 "cabin_buttons";
    .port_info 7 /INPUT 8 "hall_up_buttons";
    .port_info 8 /INPUT 8 "hall_down_buttons";
    .port_info 9 /INPUT 1 "emergency_stop";
    .port_info 10 /INPUT 1 "top_limit";
    .port_info 11 /INPUT 1 "bottom_limit";
    .port_info 12 /INPUT 1 "door_obstructed";
    .port_info 13 /OUTPUT 1 "door_open";
    .port_info 14 /OUTPUT 1 "idle";
    .port_info 15 /OUTPUT 1 "moving_up";
    .port_info 16 /OUTPUT 1 "moving_down";
    .port_info 17 /OUTPUT 1 "service_dir_up";
    .port_info 18 /OUTPUT 1 "service_dir_down";
    .port_info 19 /OUTPUT 3 "current_floor";
    .port_info 20 /OUTPUT 8 "pending_requests";
    .port_info 21 /OUTPUT 8 "transit_hall_pending";
    .port_info 22 /OUTPUT 3 "max_request";
    .port_info 23 /OUTPUT 3 "min_request";
    .port_info 24 /OUTPUT 1 "estop_latched";
    .port_info 25 /OUTPUT 3 "fsm_state";
P_0x7ff0c700be90 .param/l "DOOR_OPEN_CYCLES" 0 3 10, C4<00000000000000000000000000001010>;
P_0x7ff0c700bed0 .param/l "DOOR_TIMER_W" 0 3 12, C4<00000000000000000000000000000100>;
P_0x7ff0c700bf10 .param/l "FLOOR_W" 0 3 11, C4<00000000000000000000000000000011>;
P_0x7ff0c700bf50 .param/l "MIN_INIT" 1 3 48, C4<111>;
P_0x7ff0c700bf90 .param/l "NUM_FLOORS" 0 3 9, C4<00000000000000000000000000001000>;
P_0x7ff0c700bfd0 .param/l "TOP_FLOOR" 1 3 47, C4<00000000000000000000000000000111>;
enum0x7ff0c7259950 .enum4 (3)
   "ST_RESET" 3'b000,
   "ST_DOOR_CLOSED_IDLE" 3'b001,
   "ST_DOOR_OPEN_IDLE" 3'b010,
   "ST_MOVING_UP" 3'b011,
   "ST_MOVING_DOWN" 3'b100,
   "ST_UP_DIR_SETTER" 3'b101,
   "ST_DOWN_DIR_SETTER" 3'b110
 ;
L_0x7ff0c702c300 .functor BUFZ 8, v0x7ff0c7021ad0_0, C4<00000000>, C4<00000000>, C4<00000000>;
L_0x7ff0c702c3b0 .functor BUFZ 8, v0x7ff0c70220c0_0, C4<00000000>, C4<00000000>, C4<00000000>;
L_0x7ff0c702c460 .functor BUFZ 3, v0x7ff0c7021230_0, C4<000>, C4<000>, C4<000>;
L_0x7ff0c702c510 .functor BUFZ 3, v0x7ff0c7021440_0, C4<000>, C4<000>, C4<000>;
L_0x7ff0c702cc70 .functor BUFZ 1, v0x7ff0c7020570_0, C4<0>, C4<0>, C4<0>;
L_0x7ff0c702cce0 .functor BUFZ 3, v0x7ff0c7021e10_0, C4<000>, C4<000>, C4<000>;
L_0x7ff0c7173008 .functor BUFT 1, C4<011>, C4<0>, C4<0>, C4<0>;
v0x7ff0c701f690_0 .net/2u *"_ivl_14", 2 0, L_0x7ff0c7173008;  1 drivers
L_0x7ff0c7173050 .functor BUFT 1, C4<100>, C4<0>, C4<0>, C4<0>;
v0x7ff0c701f750_0 .net/2u *"_ivl_18", 2 0, L_0x7ff0c7173050;  1 drivers
v0x7ff0c701f7f0_0 .var "any_request", 0 0;
v0x7ff0c701f8a0_0 .net "bottom_limit", 0 0, L_0x7ff0c702d020;  alias, 1 drivers
L_0x7ff0c7173128 .functor BUFT 1, C4<00000000>, C4<0>, C4<0>, C4<0>;
v0x7ff0c701f930_0 .net "cabin_buttons", 7 0, L_0x7ff0c7173128;  1 drivers
v0x7ff0c701fa20_0 .var "can_move_down", 0 0;
v0x7ff0c701fac0_0 .var "can_move_up", 0 0;
v0x7ff0c701fb60_0 .net "clk", 0 0, o0x7ff0c7142a58;  alias, 0 drivers
v0x7ff0c701fc00_0 .net "current_floor", 2 0, v0x7ff0c7020be0_0;  alias, 1 drivers
v0x7ff0c701fd10_0 .var "dir_down_d", 0 0;
v0x7ff0c701fdb0_0 .var "dir_down_q", 0 0;
v0x7ff0c701fe50_0 .var "dir_up_d", 0 0;
v0x7ff0c701fef0_0 .var "dir_up_q", 0 0;
L_0x7ff0c7173200 .functor BUFT 1, C4<0>, C4<0>, C4<0>, C4<0>;
v0x7ff0c701ff90_0 .net "door_obstructed", 0 0, L_0x7ff0c7173200;  1 drivers
v0x7ff0c7020030_0 .net "door_open", 0 0, v0x7ff0c7020170_0;  alias, 1 drivers
v0x7ff0c70200d0_0 .var "door_open_d", 0 0;
v0x7ff0c7020170_0 .var "door_open_q", 0 0;
v0x7ff0c7020300_0 .var "door_timer_d", 3 0;
v0x7ff0c7020390_0 .var "door_timer_q", 3 0;
v0x7ff0c7020430_0 .net "emergency_stop", 0 0, o0x7ff0c7142c98;  alias, 0 drivers
v0x7ff0c70204d0_0 .var "estop_active_d", 0 0;
v0x7ff0c7020570_0 .var "estop_active_q", 0 0;
v0x7ff0c7020610_0 .net "estop_latched", 0 0, L_0x7ff0c702cc70;  alias, 1 drivers
v0x7ff0c70206b0_0 .var "estop_saved_dir_down_d", 0 0;
v0x7ff0c7020750_0 .var "estop_saved_dir_down_q", 0 0;
v0x7ff0c70207f0_0 .var "estop_saved_dir_up_d", 0 0;
v0x7ff0c7020890_0 .var "estop_saved_dir_up_q", 0 0;
v0x7ff0c7020930_0 .var "estop_saved_state_d", 2 0;
v0x7ff0c70209e0_0 .var "estop_saved_state_q", 2 0;
v0x7ff0c7020a90_0 .var "floor_d", 2 0;
v0x7ff0c7020b40_0 .var "floor_has_request", 0 0;
v0x7ff0c7020be0_0 .var "floor_q", 2 0;
v0x7ff0c7020c90_0 .net "fsm_state", 2 0, L_0x7ff0c702cce0;  alias, 1 drivers
L_0x7ff0c71731b8 .functor BUFT 1, C4<00000000>, C4<0>, C4<0>, C4<0>;
v0x7ff0c7020220_0 .net "hall_down_buttons", 7 0, L_0x7ff0c71731b8;  1 drivers
L_0x7ff0c7173170 .functor BUFT 1, C4<00000000>, C4<0>, C4<0>, C4<0>;
v0x7ff0c7020f20_0 .net "hall_up_buttons", 7 0, L_0x7ff0c7173170;  1 drivers
v0x7ff0c7020fb0_0 .net "idle", 0 0, v0x7ff0c70210e0_0;  alias, 1 drivers
v0x7ff0c7021040_0 .var "idle_d", 0 0;
v0x7ff0c70210e0_0 .var "idle_q", 0 0;
v0x7ff0c7021180_0 .var "max_req_d", 2 0;
v0x7ff0c7021230_0 .var "max_req_q", 2 0;
v0x7ff0c70212e0_0 .net "max_request", 2 0, L_0x7ff0c702c460;  alias, 1 drivers
v0x7ff0c7021390_0 .var "min_req_d", 2 0;
v0x7ff0c7021440_0 .var "min_req_q", 2 0;
v0x7ff0c70214f0_0 .net "min_request", 2 0, L_0x7ff0c702c510;  alias, 1 drivers
v0x7ff0c70215a0_0 .net "moving_down", 0 0, L_0x7ff0c702c960;  alias, 1 drivers
v0x7ff0c7021640_0 .net "moving_up", 0 0, L_0x7ff0c702c840;  alias, 1 drivers
v0x7ff0c70216e0_0 .net "pending_requests", 7 0, L_0x7ff0c702c300;  alias, 1 drivers
L_0x7ff0c7173098 .functor BUFT 1, C4<1>, C4<0>, C4<0>, C4<0>;
v0x7ff0c7021790_0 .net "req_cabin", 0 0, L_0x7ff0c7173098;  1 drivers
v0x7ff0c7021830_0 .net "req_floor", 2 0, o0x7ff0c7143208;  alias, 0 drivers
L_0x7ff0c71730e0 .functor BUFT 1, C4<0>, C4<0>, C4<0>, C4<0>;
v0x7ff0c70218e0_0 .net "req_hall_up", 0 0, L_0x7ff0c71730e0;  1 drivers
v0x7ff0c7021980_0 .net "req_valid", 0 0, L_0x7ff0c702c1d0;  alias, 1 drivers
v0x7ff0c7021a20_0 .var "requests_d", 7 0;
v0x7ff0c7021ad0_0 .var "requests_q", 7 0;
v0x7ff0c7021b80_0 .net "reset", 0 0, o0x7ff0c71432f8;  alias, 0 drivers
v0x7ff0c7021c20_0 .net "service_dir_down", 0 0, v0x7ff0c701fdb0_0;  alias, 1 drivers
v0x7ff0c7021cc0_0 .net "service_dir_up", 0 0, v0x7ff0c701fef0_0;  alias, 1 drivers
v0x7ff0c7021d60_0 .var "state_d", 2 0;
v0x7ff0c7021e10_0 .var "state_q", 2 0;
v0x7ff0c7021ec0_0 .net "top_limit", 0 0, L_0x7ff0c702cf00;  alias, 1 drivers
v0x7ff0c7021f60_0 .var "transit_d", 7 0;
v0x7ff0c7022010_0 .net "transit_hall_pending", 7 0, L_0x7ff0c702c3b0;  alias, 1 drivers
v0x7ff0c70220c0_0 .var "transit_q", 7 0;
E_0x7ff0c7009790 .event posedge, v0x7ff0c7021b80_0, v0x7ff0c701fb60_0;
E_0x7ff0c70097d0/0 .event anyedge, v0x7ff0c701fdb0_0, v0x7ff0c70210e0_0, v0x7ff0c7021e10_0, v0x7ff0c7021ad0_0;
E_0x7ff0c70097d0/1 .event anyedge, v0x7ff0c70220c0_0, v0x7ff0c7021230_0, v0x7ff0c7021440_0, v0x7ff0c7020be0_0;
E_0x7ff0c70097d0/2 .event anyedge, v0x7ff0c701fef0_0, v0x7ff0c7020170_0, v0x7ff0c7020390_0, v0x7ff0c7020570_0;
E_0x7ff0c70097d0/3 .event anyedge, v0x7ff0c7020890_0, v0x7ff0c7020750_0, v0x7ff0c70209e0_0, v0x7ff0c7021ec0_0;
E_0x7ff0c70097d0/4 .event anyedge, v0x7ff0c701f8a0_0, v0x7ff0c701f930_0, v0x7ff0c7020f20_0, v0x7ff0c7020220_0;
E_0x7ff0c70097d0/5 .event anyedge, v0x7ff0c7021980_0, v0x7ff0c7021830_0, v0x7ff0c7021790_0, v0x7ff0c70218e0_0;
E_0x7ff0c70097d0/6 .event anyedge, v0x7ff0c7021b80_0, v0x7ff0c7020430_0, v0x7ff0c701ff90_0;
E_0x7ff0c70097d0 .event/or E_0x7ff0c70097d0/0, E_0x7ff0c70097d0/1, E_0x7ff0c70097d0/2, E_0x7ff0c70097d0/3, E_0x7ff0c70097d0/4, E_0x7ff0c70097d0/5, E_0x7ff0c70097d0/6;
L_0x7ff0c702c840 .cmp/eq 3, v0x7ff0c7021e10_0, L_0x7ff0c7173008;
L_0x7ff0c702c960 .cmp/eq 3, v0x7ff0c7021e10_0, L_0x7ff0c7173050;
S_0x7ff0c700c430 .scope begin, "$unm_blk_18" "$unm_blk_18" 3 233, 3 233 0, S_0x7ff0c700bd20;
 .timescale -9 -12;
v0x7ff0c701c5f0_0 .var "new_immediate", 7 0;
v0x7ff0c701c6b0_0 .var "new_req_bits", 7 0;
v0x7ff0c701c750_0 .var "new_transit", 7 0;
v0x7ff0c701c7e0_0 .var "skip_ground_floor", 0 0;
S_0x7ff0c700c5a0 .scope begin, "$ivl_for_loop3" "$ivl_for_loop3" 3 281, 3 281 0, S_0x7ff0c700c430;
 .timescale -9 -12;
v0x7ff0c7009ec0_0 .var/2s "i", 31 0;
S_0x7ff0c701c870 .scope autofunction.vec4.s3, "clamp_floor" "clamp_floor" 3 135, 3 135 0, S_0x7ff0c700bd20;
 .timescale -9 -12;
; Variable clamp_floor is vec4 return value of scope S_0x7ff0c701c870
v0x7ff0c701cac0_0 .var "floor", 2 0;
TD_Lift8.u_ctrl.clamp_floor ;
    %load/vec4 v0x7ff0c701cac0_0;
    %cmpi/u 7, 0, 3;
    %flag_or 5, 4; GT is !LE
    %flag_inv 5;
    %jmp/0xz  T_0.0, 5;
    %pushi/vec4 7, 0, 3;
    %ret/vec4 0, 0, 3;  Assign to clamp_floor (store_vec4_to_lval)
    %disable/flow S_0x7ff0c701c870;
T_0.0 ;
    %load/vec4 v0x7ff0c701cac0_0;
    %ret/vec4 0, 0, 3;  Assign to clamp_floor (store_vec4_to_lval)
    %disable/flow S_0x7ff0c701c870;
    %end;
S_0x7ff0c701cb70 .scope autofunction.vec4.s8, "collect_new_requests" "collect_new_requests" 3 170, 3 170 0, S_0x7ff0c700bd20;
 .timescale -9 -12;
v0x7ff0c701cfd0_0 .var "additions", 7 0;
v0x7ff0c701d090_0 .var "cabin_req", 7 0;
; Variable collect_new_requests is vec4 return value of scope S_0x7ff0c701cb70
v0x7ff0c701d200_0 .var "cur_dir_down", 0 0;
v0x7ff0c701d2a0_0 .var "cur_dir_up", 0 0;
v0x7ff0c701d380_0 .var "cur_floor", 2 0;
v0x7ff0c701d430_0 .var "cur_idle", 0 0;
v0x7ff0c701d4d0_0 .var "hall_down_req", 7 0;
v0x7ff0c701d580_0 .var "hall_up_req", 7 0;
v0x7ff0c701d690_0 .var "idx", 2 0;
v0x7ff0c701d740_0 .var "pulse_cabin", 0 0;
v0x7ff0c701d7e0_0 .var "pulse_floor", 2 0;
v0x7ff0c701d890_0 .var "pulse_hall_up", 0 0;
v0x7ff0c701d930_0 .var "req_pulse", 0 0;
TD_Lift8.u_ctrl.collect_new_requests ;
    %pushi/vec4 0, 0, 8;
    %store/vec4 v0x7ff0c701cfd0_0, 0, 8;
    %fork t_1, S_0x7ff0c701cd50;
    %jmp t_0;
    .scope S_0x7ff0c701cd50;
t_1 ;
    %pushi/vec4 0, 0, 32;
    %store/vec4 v0x7ff0c701cf10_0, 0, 32;
T_1.2 ; Top of for-loop
    %load/vec4 v0x7ff0c701cf10_0;
    %cmpi/s 8, 0, 32;
	  %jmp/0xz T_1.3, 5;
    %load/vec4 v0x7ff0c701d090_0;
    %load/vec4 v0x7ff0c701cf10_0;
    %part/s 1;
    %flag_set/vec4 8;
    %jmp/0xz  T_1.5, 8;
    %pushi/vec4 1, 0, 1;
    %ix/getv/s 4, v0x7ff0c701cf10_0;
    %store/vec4 v0x7ff0c701cfd0_0, 4, 1;
T_1.5 ;
    %load/vec4 v0x7ff0c701d580_0;
    %load/vec4 v0x7ff0c701cf10_0;
    %part/s 1;
    %flag_set/vec4 9;
    %flag_get/vec4 9;
    %jmp/0 T_1.9, 9;
    %alloc S_0x7ff0c701d9d0;
    %load/vec4 v0x7ff0c701cf10_0;
    %pad/s 3;
    %pushi/vec4 1, 0, 1;
    %pushi/vec4 0, 0, 1;
    %load/vec4 v0x7ff0c701d380_0;
    %load/vec4 v0x7ff0c701d2a0_0;
    %load/vec4 v0x7ff0c701d200_0;
    %load/vec4 v0x7ff0c701d430_0;
    %store/vec4 v0x7ff0c701de00_0, 0, 1;
    %store/vec4 v0x7ff0c701dc40_0, 0, 1;
    %store/vec4 v0x7ff0c701dce0_0, 0, 1;
    %store/vec4 v0x7ff0c701dd70_0, 0, 3;
    %store/vec4 v0x7ff0c701db90_0, 0, 1;
    %store/vec4 v0x7ff0c701e030_0, 0, 1;
    %store/vec4 v0x7ff0c701dee0_0, 0, 3;
    %callf/vec4 TD_Lift8.u_ctrl.hall_call_allowed, S_0x7ff0c701d9d0;
    %free S_0x7ff0c701d9d0;
    %and;
T_1.9;
    %flag_set/vec4 8;
    %jmp/0xz  T_1.7, 8;
    %pushi/vec4 1, 0, 1;
    %ix/getv/s 4, v0x7ff0c701cf10_0;
    %store/vec4 v0x7ff0c701cfd0_0, 4, 1;
T_1.7 ;
    %load/vec4 v0x7ff0c701d4d0_0;
    %load/vec4 v0x7ff0c701cf10_0;
    %part/s 1;
    %flag_set/vec4 9;
    %flag_get/vec4 9;
    %jmp/0 T_1.12, 9;
    %alloc S_0x7ff0c701d9d0;
    %load/vec4 v0x7ff0c701cf10_0;
    %pad/s 3;
    %pushi/vec4 0, 0, 1;
    %pushi/vec4 0, 0, 1;
    %load/vec4 v0x7ff0c701d380_0;
    %load/vec4 v0x7ff0c701d2a0_0;
    %load/vec4 v0x7ff0c701d200_0;
    %load/vec4 v0x7ff0c701d430_0;
    %store/vec4 v0x7ff0c701de00_0, 0, 1;
    %store/vec4 v0x7ff0c701dc40_0, 0, 1;
    %store/vec4 v0x7ff0c701dce0_0, 0, 1;
    %store/vec4 v0x7ff0c701dd70_0, 0, 3;
    %store/vec4 v0x7ff0c701db90_0, 0, 1;
    %store/vec4 v0x7ff0c701e030_0, 0, 1;
    %store/vec4 v0x7ff0c701dee0_0, 0, 3;
    %callf/vec4 TD_Lift8.u_ctrl.hall_call_allowed, S_0x7ff0c701d9d0;
    %free S_0x7ff0c701d9d0;
    %and;
T_1.12;
    %flag_set/vec4 8;
    %jmp/0xz  T_1.10, 8;
    %pushi/vec4 1, 0, 1;
    %ix/getv/s 4, v0x7ff0c701cf10_0;
    %store/vec4 v0x7ff0c701cfd0_0, 4, 1;
T_1.10 ;
T_1.4 ; for-loop step statement
    ; show_stmt_assign_vector: Get l-value for compressed += operand
    %load/vec4 v0x7ff0c701cf10_0;
    %pushi/vec4 1, 0, 32;
    %add;
    %cast2;
    %store/vec4 v0x7ff0c701cf10_0, 0, 32;
    %jmp T_1.2;
T_1.3 ; for-loop exit label
    %end;
    .scope S_0x7ff0c701cb70;
t_0 %join;
    %load/vec4 v0x7ff0c701d930_0;
    %flag_set/vec4 8;
    %jmp/0xz  T_1.13, 8;
    %alloc S_0x7ff0c701c870;
    %load/vec4 v0x7ff0c701d7e0_0;
    %store/vec4 v0x7ff0c701cac0_0, 0, 3;
    %callf/vec4 TD_Lift8.u_ctrl.clamp_floor, S_0x7ff0c701c870;
    %free S_0x7ff0c701c870;
    %store/vec4 v0x7ff0c701d690_0, 0, 3;
    %load/vec4 v0x7ff0c701d740_0;
    %flag_set/vec4 8;
    %jmp/1 T_1.17, 8;
    %alloc S_0x7ff0c701d9d0;
    %load/vec4 v0x7ff0c701d690_0;
    %load/vec4 v0x7ff0c701d890_0;
    %pushi/vec4 0, 0, 1;
    %load/vec4 v0x7ff0c701d380_0;
    %load/vec4 v0x7ff0c701d2a0_0;
    %load/vec4 v0x7ff0c701d200_0;
    %load/vec4 v0x7ff0c701d430_0;
    %store/vec4 v0x7ff0c701de00_0, 0, 1;
    %store/vec4 v0x7ff0c701dc40_0, 0, 1;
    %store/vec4 v0x7ff0c701dce0_0, 0, 1;
    %store/vec4 v0x7ff0c701dd70_0, 0, 3;
    %store/vec4 v0x7ff0c701db90_0, 0, 1;
    %store/vec4 v0x7ff0c701e030_0, 0, 1;
    %store/vec4 v0x7ff0c701dee0_0, 0, 3;
    %callf/vec4 TD_Lift8.u_ctrl.hall_call_allowed, S_0x7ff0c701d9d0;
    %free S_0x7ff0c701d9d0;
    %flag_set/vec4 9;
    %flag_or 8, 9;
T_1.17;
    %jmp/0xz  T_1.15, 8;
    %pushi/vec4 1, 0, 1;
    %ix/getv 4, v0x7ff0c701d690_0;
    %store/vec4 v0x7ff0c701cfd0_0, 4, 1;
T_1.15 ;
T_1.13 ;
    %load/vec4 v0x7ff0c701cfd0_0;
    %ret/vec4 0, 0, 8;  Assign to collect_new_requests (store_vec4_to_lval)
    %disable/flow S_0x7ff0c701cb70;
    %end;
S_0x7ff0c701cd50 .scope autobegin, "$ivl_for_loop2" "$ivl_for_loop2" 3 188, 3 188 0, S_0x7ff0c701cb70;
 .timescale -9 -12;
v0x7ff0c701cf10_0 .var/2s "i", 31 0;
S_0x7ff0c701d9d0 .scope autofunction.vec4.s1, "hall_call_allowed" "hall_call_allowed" 3 142, 3 142 0, S_0x7ff0c700bd20;
 .timescale -9 -12;
v0x7ff0c701db90_0 .var "cabin", 0 0;
v0x7ff0c701dc40_0 .var "cur_dir_down", 0 0;
v0x7ff0c701dce0_0 .var "cur_dir_up", 0 0;
v0x7ff0c701dd70_0 .var "cur_floor", 2 0;
v0x7ff0c701de00_0 .var "cur_idle", 0 0;
v0x7ff0c701dee0_0 .var "floor", 2 0;
; Variable hall_call_allowed is vec4 return value of scope S_0x7ff0c701d9d0
v0x7ff0c701e030_0 .var "hall_up", 0 0;
TD_Lift8.u_ctrl.hall_call_allowed ;
    %load/vec4 v0x7ff0c701db90_0;
    %flag_set/vec4 8;
    %jmp/0xz  T_2.18, 8;
    %pushi/vec4 1, 0, 1;
    %ret/vec4 0, 0, 1;  Assign to hall_call_allowed (store_vec4_to_lval)
    %disable/flow S_0x7ff0c701d9d0;
T_2.18 ;
    %load/vec4 v0x7ff0c701de00_0;
    %flag_set/vec4 8;
    %jmp/0xz  T_2.20, 8;
    %pushi/vec4 1, 0, 1;
    %ret/vec4 0, 0, 1;  Assign to hall_call_allowed (store_vec4_to_lval)
    %disable/flow S_0x7ff0c701d9d0;
T_2.20 ;
    %load/vec4 v0x7ff0c701dd70_0;
    %load/vec4 v0x7ff0c701dee0_0;
    %cmp/u;
    %jmp/0xz  T_2.22, 5;
    %load/vec4 v0x7ff0c701e030_0;
    %flag_set/vec4 8;
    %flag_get/vec4 8;
    %jmp/0 T_2.24, 8;
    %load/vec4 v0x7ff0c701dce0_0;
    %and;
T_2.24;
    %ret/vec4 0, 0, 1;  Assign to hall_call_allowed (store_vec4_to_lval)
    %disable/flow S_0x7ff0c701d9d0;
T_2.22 ;
    %load/vec4 v0x7ff0c701dee0_0;
    %load/vec4 v0x7ff0c701dd70_0;
    %cmp/u;
    %jmp/0xz  T_2.25, 5;
    %load/vec4 v0x7ff0c701e030_0;
    %nor/r;
    %flag_set/vec4 8;
    %flag_get/vec4 8;
    %jmp/0 T_2.27, 8;
    %load/vec4 v0x7ff0c701dc40_0;
    %and;
T_2.27;
    %ret/vec4 0, 0, 1;  Assign to hall_call_allowed (store_vec4_to_lval)
    %disable/flow S_0x7ff0c701d9d0;
T_2.25 ;
    %pushi/vec4 1, 0, 1;
    %ret/vec4 0, 0, 1;  Assign to hall_call_allowed (store_vec4_to_lval)
    %disable/flow S_0x7ff0c701d9d0;
    %end;
S_0x7ff0c701e0d0 .scope autofunction.vec4.s1, "is_cabin_addition" "is_cabin_addition" 3 215, 3 215 0, S_0x7ff0c700bd20;
 .timescale -9 -12;
v0x7ff0c701e2d0_0 .var "cabin_req", 7 0;
v0x7ff0c701e370_0 .var/2u "floor_idx", 31 0;
; Variable is_cabin_addition is vec4 return value of scope S_0x7ff0c701e0d0
v0x7ff0c701e4c0_0 .var "pulse_cabin", 0 0;
v0x7ff0c701e550_0 .var "pulse_floor", 2 0;
v0x7ff0c701e640_0 .var "req_pulse", 0 0;
TD_Lift8.u_ctrl.is_cabin_addition ;
    %load/vec4 v0x7ff0c701e2d0_0;
    %load/vec4 v0x7ff0c701e370_0;
    %part/u 1;
    %flag_set/vec4 8;
    %jmp/0xz  T_3.28, 8;
    %pushi/vec4 1, 0, 1;
    %ret/vec4 0, 0, 1;  Assign to is_cabin_addition (store_vec4_to_lval)
    %disable/flow S_0x7ff0c701e0d0;
T_3.28 ;
    %load/vec4 v0x7ff0c701e640_0;
    %flag_set/vec4 10;
    %flag_get/vec4 10;
    %jmp/0 T_3.33, 10;
    %load/vec4 v0x7ff0c701e4c0_0;
    %and;
T_3.33;
    %flag_set/vec4 9;
    %flag_get/vec4 9;
    %jmp/0 T_3.32, 9;
    %load/vec4 v0x7ff0c701e370_0;
    %pad/u 3;
    %alloc S_0x7ff0c701c870;
    %load/vec4 v0x7ff0c701e550_0;
    %store/vec4 v0x7ff0c701cac0_0, 0, 3;
    %callf/vec4 TD_Lift8.u_ctrl.clamp_floor, S_0x7ff0c701c870;
    %free S_0x7ff0c701c870;
    %cmp/e;
    %flag_get/vec4 4;
    %and;
T_3.32;
    %flag_set/vec4 8;
    %jmp/0xz  T_3.30, 8;
    %pushi/vec4 1, 0, 1;
    %ret/vec4 0, 0, 1;  Assign to is_cabin_addition (store_vec4_to_lval)
    %disable/flow S_0x7ff0c701e0d0;
T_3.30 ;
    %pushi/vec4 0, 0, 1;
    %ret/vec4 0, 0, 1;  Assign to is_cabin_addition (store_vec4_to_lval)
    %disable/flow S_0x7ff0c701e0d0;
    %end;
S_0x7ff0c701e6e0 .scope autofunction.vec4.s3, "scan_highest_request" "scan_highest_request" 3 100, 3 100 0, S_0x7ff0c700bd20;
 .timescale -9 -12;
v0x7ff0c701eb30_0 .var "found", 0 0;
v0x7ff0c701ebe0_0 .var "req_bitmap", 7 0;
v0x7ff0c701ec80_0 .var "result", 2 0;
; Variable scan_highest_request is vec4 return value of scope S_0x7ff0c701e6e0
TD_Lift8.u_ctrl.scan_highest_request ;
    %pushi/vec4 0, 0, 3;
    %store/vec4 v0x7ff0c701ec80_0, 0, 3;
    %pushi/vec4 0, 0, 1;
    %store/vec4 v0x7ff0c701eb30_0, 0, 1;
    %fork t_3, S_0x7ff0c701e8a0;
    %jmp t_2;
    .scope S_0x7ff0c701e8a0;
t_3 ;
    %pushi/vec4 7, 0, 32;
    %store/vec4 v0x7ff0c701ea70_0, 0, 32;
T_4.34 ; Top of for-loop
    %load/vec4 v0x7ff0c701ea70_0;
    %cmpi/s 0, 0, 32;
    %flag_inv 5; GE is !LT
	  %jmp/0xz T_4.35, 5;
    %load/vec4 v0x7ff0c701eb30_0;
    %nor/r;
    %flag_set/vec4 9;
    %flag_get/vec4 9;
    %jmp/0 T_4.39, 9;
    %load/vec4 v0x7ff0c701ebe0_0;
    %load/vec4 v0x7ff0c701ea70_0;
    %part/s 1;
    %and;
T_4.39;
    %flag_set/vec4 8;
    %jmp/0xz  T_4.37, 8;
    %load/vec4 v0x7ff0c701ea70_0;
    %pad/s 3;
    %store/vec4 v0x7ff0c701ec80_0, 0, 3;
    %pushi/vec4 1, 0, 1;
    %store/vec4 v0x7ff0c701eb30_0, 0, 1;
T_4.37 ;
T_4.36 ; for-loop step statement
    ; show_stmt_assign_vector: Get l-value for compressed -= operand
    %load/vec4 v0x7ff0c701ea70_0;
    %pushi/vec4 1, 0, 32;
    %sub;
    %cast2;
    %store/vec4 v0x7ff0c701ea70_0, 0, 32;
    %jmp T_4.34;
T_4.35 ; for-loop exit label
    %end;
    .scope S_0x7ff0c701e6e0;
t_2 %join;
    %load/vec4 v0x7ff0c701ec80_0;
    %ret/vec4 0, 0, 3;  Assign to scan_highest_request (store_vec4_to_lval)
    %disable/flow S_0x7ff0c701e6e0;
    %end;
S_0x7ff0c701e8a0 .scope autobegin, "$ivl_for_loop0" "$ivl_for_loop0" 3 107, 3 107 0, S_0x7ff0c701e6e0;
 .timescale -9 -12;
v0x7ff0c701ea70_0 .var/2s "i", 31 0;
S_0x7ff0c701ede0 .scope autofunction.vec4.s3, "scan_lowest_request" "scan_lowest_request" 3 116, 3 116 0, S_0x7ff0c700bd20;
 .timescale -9 -12;
v0x7ff0c701f230_0 .var "found", 0 0;
v0x7ff0c701f2e0_0 .var "req_bitmap", 7 0;
v0x7ff0c701f390_0 .var "result", 2 0;
; Variable scan_lowest_request is vec4 return value of scope S_0x7ff0c701ede0
v0x7ff0c701f500_0 .var "skip_ground", 0 0;
v0x7ff0c701f5e0_0 .var/2s "start_floor", 31 0;
TD_Lift8.u_ctrl.scan_lowest_request ;
    %pushi/vec4 7, 0, 3;
    %store/vec4 v0x7ff0c701f390_0, 0, 3;
    %pushi/vec4 0, 0, 1;
    %store/vec4 v0x7ff0c701f230_0, 0, 1;
    %load/vec4 v0x7ff0c701f500_0;
    %flag_set/vec4 8;
    %jmp/0 T_5.40, 8;
    %pushi/vec4 1, 0, 32;
    %jmp/1 T_5.41, 8;
T_5.40 ; End of true expr.
    %pushi/vec4 0, 0, 32;
    %jmp/0 T_5.41, 8;
 ; End of false expr.
    %blend;
T_5.41;
    %cast2;
    %store/vec4 v0x7ff0c701f5e0_0, 0, 32;
    %fork t_5, S_0x7ff0c701efa0;
    %jmp t_4;
    .scope S_0x7ff0c701efa0;
t_5 ;
    %load/vec4 v0x7ff0c701f5e0_0;
    %store/vec4 v0x7ff0c701f170_0, 0, 32;
T_5.42 ; Top of for-loop
    %load/vec4 v0x7ff0c701f170_0;
    %cmpi/s 8, 0, 32;
	  %jmp/0xz T_5.43, 5;
    %load/vec4 v0x7ff0c701f230_0;
    %nor/r;
    %flag_set/vec4 9;
    %flag_get/vec4 9;
    %jmp/0 T_5.47, 9;
    %load/vec4 v0x7ff0c701f2e0_0;
    %load/vec4 v0x7ff0c701f170_0;
    %part/s 1;
    %and;
T_5.47;
    %flag_set/vec4 8;
    %jmp/0xz  T_5.45, 8;
    %load/vec4 v0x7ff0c701f170_0;
    %pad/s 3;
    %store/vec4 v0x7ff0c701f390_0, 0, 3;
    %pushi/vec4 1, 0, 1;
    %store/vec4 v0x7ff0c701f230_0, 0, 1;
T_5.45 ;
T_5.44 ; for-loop step statement
    ; show_stmt_assign_vector: Get l-value for compressed += operand
    %load/vec4 v0x7ff0c701f170_0;
    %pushi/vec4 1, 0, 32;
    %add;
    %cast2;
    %store/vec4 v0x7ff0c701f170_0, 0, 32;
    %jmp T_5.42;
T_5.43 ; for-loop exit label
    %end;
    .scope S_0x7ff0c701ede0;
t_4 %join;
    %load/vec4 v0x7ff0c701f390_0;
    %ret/vec4 0, 0, 3;  Assign to scan_lowest_request (store_vec4_to_lval)
    %disable/flow S_0x7ff0c701ede0;
    %end;
S_0x7ff0c701efa0 .scope autobegin, "$ivl_for_loop1" "$ivl_for_loop1" 3 126, 3 126 0, S_0x7ff0c701ede0;
 .timescale -9 -12;
v0x7ff0c701f170_0 .var/2s "i", 31 0;
S_0x7ff0c700bbb0 .scope module, "elevator_controller_tb" "elevator_controller_tb" 4 3;
 .timescale -9 -12;
v0x7ff0c702acf0_0 .var "bottom_limit", 0 0;
v0x7ff0c702ada0_0 .var "cabin_buttons", 7 0;
v0x7ff0c702ae50_0 .var "clk", 0 0;
v0x7ff0c702af20_0 .net "current_floor", 2 0, L_0x7ff0c702d870;  1 drivers
v0x7ff0c702afd0_0 .var "door_obstructed", 0 0;
v0x7ff0c702b0a0_0 .net "door_open", 0 0, L_0x7ff0c702d950;  1 drivers
v0x7ff0c702b150_0 .var "emergency_stop", 0 0;
v0x7ff0c702b200_0 .net "estop_latched", 0 0, L_0x7ff0c702df20;  1 drivers
v0x7ff0c702b2b0_0 .net "fsm_state", 2 0, L_0x7ff0c702df90;  1 drivers
v0x7ff0c702b3e0_0 .var "hall_down_buttons", 7 0;
v0x7ff0c702b470_0 .var "hall_up_buttons", 7 0;
v0x7ff0c702b500_0 .net "idle", 0 0, L_0x7ff0c702da00;  1 drivers
v0x7ff0c702b5b0_0 .net "max_request", 2 0, L_0x7ff0c702d710;  1 drivers
v0x7ff0c702b660_0 .net "min_request", 2 0, L_0x7ff0c702d7c0;  1 drivers
v0x7ff0c702b710_0 .net "moving_down", 0 0, L_0x7ff0c702dc10;  1 drivers
v0x7ff0c702b7c0_0 .net "moving_up", 0 0, L_0x7ff0c702daf0;  1 drivers
v0x7ff0c702b870_0 .net "pending_requests", 7 0, L_0x7ff0c702d5b0;  1 drivers
v0x7ff0c702ba20_0 .var "req_cabin", 0 0;
v0x7ff0c702bab0_0 .var "req_floor", 2 0;
v0x7ff0c702bb40_0 .var "req_hall_up", 0 0;
v0x7ff0c702bbd0_0 .var "req_valid", 0 0;
v0x7ff0c702bc60_0 .var "reset", 0 0;
v0x7ff0c702bd10_0 .net "service_dir_down", 0 0, L_0x7ff0c702de20;  1 drivers
v0x7ff0c702bdc0_0 .net "service_dir_up", 0 0, L_0x7ff0c702dd70;  1 drivers
v0x7ff0c702be70_0 .var "top_limit", 0 0;
v0x7ff0c702bf20_0 .net "transit_hall_pending", 7 0, L_0x7ff0c702d660;  1 drivers
E_0x7ff0c7023c20 .event anyedge, v0x7ff0c7028280_0;
E_0x7ff0c7023c80 .event negedge, v0x7ff0c70281e0_0;
S_0x7ff0c7023cd0 .scope module, "dut" "elevator_controller" 4 36, 3 8 0, S_0x7ff0c700bbb0;
 .timescale -9 -12;
    .port_info 0 /INPUT 1 "clk";
    .port_info 1 /INPUT 1 "reset";
    .port_info 2 /INPUT 1 "req_valid";
    .port_info 3 /INPUT 3 "req_floor";
    .port_info 4 /INPUT 1 "req_cabin";
    .port_info 5 /INPUT 1 "req_hall_up";
    .port_info 6 /INPUT 8 "cabin_buttons";
    .port_info 7 /INPUT 8 "hall_up_buttons";
    .port_info 8 /INPUT 8 "hall_down_buttons";
    .port_info 9 /INPUT 1 "emergency_stop";
    .port_info 10 /INPUT 1 "top_limit";
    .port_info 11 /INPUT 1 "bottom_limit";
    .port_info 12 /INPUT 1 "door_obstructed";
    .port_info 13 /OUTPUT 1 "door_open";
    .port_info 14 /OUTPUT 1 "idle";
    .port_info 15 /OUTPUT 1 "moving_up";
    .port_info 16 /OUTPUT 1 "moving_down";
    .port_info 17 /OUTPUT 1 "service_dir_up";
    .port_info 18 /OUTPUT 1 "service_dir_down";
    .port_info 19 /OUTPUT 3 "current_floor";
    .port_info 20 /OUTPUT 8 "pending_requests";
    .port_info 21 /OUTPUT 8 "transit_hall_pending";
    .port_info 22 /OUTPUT 3 "max_request";
    .port_info 23 /OUTPUT 3 "min_request";
    .port_info 24 /OUTPUT 1 "estop_latched";
    .port_info 25 /OUTPUT 3 "fsm_state";
P_0x7ff0c7023ea0 .param/l "DOOR_OPEN_CYCLES" 0 3 10, C4<00000000000000000000000000000100>;
P_0x7ff0c7023ee0 .param/l "DOOR_TIMER_W" 0 3 12, C4<00000000000000000000000000000011>;
P_0x7ff0c7023f20 .param/l "FLOOR_W" 0 3 11, C4<00000000000000000000000000000011>;
P_0x7ff0c7023f60 .param/l "MIN_INIT" 1 3 48, C4<111>;
P_0x7ff0c7023fa0 .param/l "NUM_FLOORS" 0 3 9, C4<00000000000000000000000000001000>;
P_0x7ff0c7023fe0 .param/l "TOP_FLOOR" 1 3 47, C4<00000000000000000000000000000111>;
enum0x7ff0c725e130 .enum4 (3)
   "ST_RESET" 3'b000,
   "ST_DOOR_CLOSED_IDLE" 3'b001,
   "ST_DOOR_OPEN_IDLE" 3'b010,
   "ST_MOVING_UP" 3'b011,
   "ST_MOVING_DOWN" 3'b100,
   "ST_UP_DIR_SETTER" 3'b101,
   "ST_DOWN_DIR_SETTER" 3'b110
 ;
L_0x7ff0c702d5b0 .functor BUFZ 8, v0x7ff0c702a150_0, C4<00000000>, C4<00000000>, C4<00000000>;
L_0x7ff0c702d660 .functor BUFZ 8, v0x7ff0c702a740_0, C4<00000000>, C4<00000000>, C4<00000000>;
L_0x7ff0c702d710 .functor BUFZ 3, v0x7ff0c70298b0_0, C4<000>, C4<000>, C4<000>;
L_0x7ff0c702d7c0 .functor BUFZ 3, v0x7ff0c7029ac0_0, C4<000>, C4<000>, C4<000>;
L_0x7ff0c702d870 .functor BUFZ 3, v0x7ff0c7029260_0, C4<000>, C4<000>, C4<000>;
L_0x7ff0c702d950 .functor BUFZ 1, v0x7ff0c70287f0_0, C4<0>, C4<0>, C4<0>;
L_0x7ff0c702da00 .functor BUFZ 1, v0x7ff0c7029760_0, C4<0>, C4<0>, C4<0>;
L_0x7ff0c702dd70 .functor BUFZ 1, v0x7ff0c7028570_0, C4<0>, C4<0>, C4<0>;
L_0x7ff0c702de20 .functor BUFZ 1, v0x7ff0c7028430_0, C4<0>, C4<0>, C4<0>;
L_0x7ff0c702df20 .functor BUFZ 1, v0x7ff0c7028bf0_0, C4<0>, C4<0>, C4<0>;
L_0x7ff0c702df90 .functor BUFZ 3, v0x7ff0c702a490_0, C4<000>, C4<000>, C4<000>;
L_0x7ff0c71733f8 .functor BUFT 1, C4<011>, C4<0>, C4<0>, C4<0>;
v0x7ff0c7027d10_0 .net/2u *"_ivl_14", 2 0, L_0x7ff0c71733f8;  1 drivers
L_0x7ff0c7173440 .functor BUFT 1, C4<100>, C4<0>, C4<0>, C4<0>;
v0x7ff0c7027dd0_0 .net/2u *"_ivl_18", 2 0, L_0x7ff0c7173440;  1 drivers
v0x7ff0c7027e70_0 .var "any_request", 0 0;
v0x7ff0c7027f20_0 .net "bottom_limit", 0 0, v0x7ff0c702acf0_0;  1 drivers
v0x7ff0c7027fb0_0 .net "cabin_buttons", 7 0, v0x7ff0c702ada0_0;  1 drivers
v0x7ff0c70280a0_0 .var "can_move_down", 0 0;
v0x7ff0c7028140_0 .var "can_move_up", 0 0;
v0x7ff0c70281e0_0 .net "clk", 0 0, v0x7ff0c702ae50_0;  1 drivers
v0x7ff0c7028280_0 .net "current_floor", 2 0, L_0x7ff0c702d870;  alias, 1 drivers
v0x7ff0c7028390_0 .var "dir_down_d", 0 0;
v0x7ff0c7028430_0 .var "dir_down_q", 0 0;
v0x7ff0c70284d0_0 .var "dir_up_d", 0 0;
v0x7ff0c7028570_0 .var "dir_up_q", 0 0;
v0x7ff0c7028610_0 .net "door_obstructed", 0 0, v0x7ff0c702afd0_0;  1 drivers
v0x7ff0c70286b0_0 .net "door_open", 0 0, L_0x7ff0c702d950;  alias, 1 drivers
v0x7ff0c7028750_0 .var "door_open_d", 0 0;
v0x7ff0c70287f0_0 .var "door_open_q", 0 0;
v0x7ff0c7028980_0 .var "door_timer_d", 2 0;
v0x7ff0c7028a10_0 .var "door_timer_q", 2 0;
v0x7ff0c7028ab0_0 .net "emergency_stop", 0 0, v0x7ff0c702b150_0;  1 drivers
v0x7ff0c7028b50_0 .var "estop_active_d", 0 0;
v0x7ff0c7028bf0_0 .var "estop_active_q", 0 0;
v0x7ff0c7028c90_0 .net "estop_latched", 0 0, L_0x7ff0c702df20;  alias, 1 drivers
v0x7ff0c7028d30_0 .var "estop_saved_dir_down_d", 0 0;
v0x7ff0c7028dd0_0 .var "estop_saved_dir_down_q", 0 0;
v0x7ff0c7028e70_0 .var "estop_saved_dir_up_d", 0 0;
v0x7ff0c7028f10_0 .var "estop_saved_dir_up_q", 0 0;
v0x7ff0c7028fb0_0 .var "estop_saved_state_d", 2 0;
v0x7ff0c7029060_0 .var "estop_saved_state_q", 2 0;
v0x7ff0c7029110_0 .var "floor_d", 2 0;
v0x7ff0c70291c0_0 .var "floor_has_request", 0 0;
v0x7ff0c7029260_0 .var "floor_q", 2 0;
v0x7ff0c7029310_0 .net "fsm_state", 2 0, L_0x7ff0c702df90;  alias, 1 drivers
v0x7ff0c70288a0_0 .net "hall_down_buttons", 7 0, v0x7ff0c702b3e0_0;  1 drivers
v0x7ff0c70295a0_0 .net "hall_up_buttons", 7 0, v0x7ff0c702b470_0;  1 drivers
v0x7ff0c7029630_0 .net "idle", 0 0, L_0x7ff0c702da00;  alias, 1 drivers
v0x7ff0c70296c0_0 .var "idle_d", 0 0;
v0x7ff0c7029760_0 .var "idle_q", 0 0;
v0x7ff0c7029800_0 .var "max_req_d", 2 0;
v0x7ff0c70298b0_0 .var "max_req_q", 2 0;
v0x7ff0c7029960_0 .net "max_request", 2 0, L_0x7ff0c702d710;  alias, 1 drivers
v0x7ff0c7029a10_0 .var "min_req_d", 2 0;
v0x7ff0c7029ac0_0 .var "min_req_q", 2 0;
v0x7ff0c7029b70_0 .net "min_request", 2 0, L_0x7ff0c702d7c0;  alias, 1 drivers
v0x7ff0c7029c20_0 .net "moving_down", 0 0, L_0x7ff0c702dc10;  alias, 1 drivers
v0x7ff0c7029cc0_0 .net "moving_up", 0 0, L_0x7ff0c702daf0;  alias, 1 drivers
v0x7ff0c7029d60_0 .net "pending_requests", 7 0, L_0x7ff0c702d5b0;  alias, 1 drivers
v0x7ff0c7029e10_0 .net "req_cabin", 0 0, v0x7ff0c702ba20_0;  1 drivers
v0x7ff0c7029eb0_0 .net "req_floor", 2 0, v0x7ff0c702bab0_0;  1 drivers
v0x7ff0c7029f60_0 .net "req_hall_up", 0 0, v0x7ff0c702bb40_0;  1 drivers
v0x7ff0c702a000_0 .net "req_valid", 0 0, v0x7ff0c702bbd0_0;  1 drivers
v0x7ff0c702a0a0_0 .var "requests_d", 7 0;
v0x7ff0c702a150_0 .var "requests_q", 7 0;
v0x7ff0c702a200_0 .net "reset", 0 0, v0x7ff0c702bc60_0;  1 drivers
v0x7ff0c702a2a0_0 .net "service_dir_down", 0 0, L_0x7ff0c702de20;  alias, 1 drivers
v0x7ff0c702a340_0 .net "service_dir_up", 0 0, L_0x7ff0c702dd70;  alias, 1 drivers
v0x7ff0c702a3e0_0 .var "state_d", 2 0;
v0x7ff0c702a490_0 .var "state_q", 2 0;
v0x7ff0c702a540_0 .net "top_limit", 0 0, v0x7ff0c702be70_0;  1 drivers
v0x7ff0c702a5e0_0 .var "transit_d", 7 0;
v0x7ff0c702a690_0 .net "transit_hall_pending", 7 0, L_0x7ff0c702d660;  alias, 1 drivers
v0x7ff0c702a740_0 .var "transit_q", 7 0;
E_0x7ff0c7024690 .event posedge, v0x7ff0c702a200_0, v0x7ff0c70281e0_0;
E_0x7ff0c70246e0/0 .event anyedge, v0x7ff0c7028430_0, v0x7ff0c7029760_0, v0x7ff0c702a490_0, v0x7ff0c702a150_0;
E_0x7ff0c70246e0/1 .event anyedge, v0x7ff0c702a740_0, v0x7ff0c70298b0_0, v0x7ff0c7029ac0_0, v0x7ff0c7029260_0;
E_0x7ff0c70246e0/2 .event anyedge, v0x7ff0c7028570_0, v0x7ff0c70287f0_0, v0x7ff0c7028a10_0, v0x7ff0c7028bf0_0;
E_0x7ff0c70246e0/3 .event anyedge, v0x7ff0c7028f10_0, v0x7ff0c7028dd0_0, v0x7ff0c7029060_0, v0x7ff0c702a540_0;
E_0x7ff0c70246e0/4 .event anyedge, v0x7ff0c7027f20_0, v0x7ff0c7027fb0_0, v0x7ff0c70295a0_0, v0x7ff0c70288a0_0;
E_0x7ff0c70246e0/5 .event anyedge, v0x7ff0c702a000_0, v0x7ff0c7029eb0_0, v0x7ff0c7029e10_0, v0x7ff0c7029f60_0;
E_0x7ff0c70246e0/6 .event anyedge, v0x7ff0c702a200_0, v0x7ff0c7028ab0_0, v0x7ff0c7028610_0;
E_0x7ff0c70246e0 .event/or E_0x7ff0c70246e0/0, E_0x7ff0c70246e0/1, E_0x7ff0c70246e0/2, E_0x7ff0c70246e0/3, E_0x7ff0c70246e0/4, E_0x7ff0c70246e0/5, E_0x7ff0c70246e0/6;
L_0x7ff0c702daf0 .cmp/eq 3, v0x7ff0c702a490_0, L_0x7ff0c71733f8;
L_0x7ff0c702dc10 .cmp/eq 3, v0x7ff0c702a490_0, L_0x7ff0c7173440;
S_0x7ff0c7024810 .scope begin, "$unm_blk_18" "$unm_blk_18" 3 233, 3 233 0, S_0x7ff0c7023cd0;
 .timescale -9 -12;
v0x7ff0c7024c70_0 .var "new_immediate", 7 0;
v0x7ff0c7024d30_0 .var "new_req_bits", 7 0;
v0x7ff0c7024dd0_0 .var "new_transit", 7 0;
v0x7ff0c7024e60_0 .var "skip_ground_floor", 0 0;
S_0x7ff0c70249e0 .scope begin, "$ivl_for_loop3" "$ivl_for_loop3" 3 281, 3 281 0, S_0x7ff0c7024810;
 .timescale -9 -12;
v0x7ff0c7024bb0_0 .var/2s "i", 31 0;
S_0x7ff0c7024ef0 .scope autofunction.vec4.s3, "clamp_floor" "clamp_floor" 3 135, 3 135 0, S_0x7ff0c7023cd0;
 .timescale -9 -12;
; Variable clamp_floor is vec4 return value of scope S_0x7ff0c7024ef0
v0x7ff0c7025140_0 .var "floor", 2 0;
TD_elevator_controller_tb.dut.clamp_floor ;
    %load/vec4 v0x7ff0c7025140_0;
    %cmpi/u 7, 0, 3;
    %flag_or 5, 4; GT is !LE
    %flag_inv 5;
    %jmp/0xz  T_6.48, 5;
    %pushi/vec4 7, 0, 3;
    %ret/vec4 0, 0, 3;  Assign to clamp_floor (store_vec4_to_lval)
    %disable/flow S_0x7ff0c7024ef0;
T_6.48 ;
    %load/vec4 v0x7ff0c7025140_0;
    %ret/vec4 0, 0, 3;  Assign to clamp_floor (store_vec4_to_lval)
    %disable/flow S_0x7ff0c7024ef0;
    %end;
S_0x7ff0c70251f0 .scope autofunction.vec4.s8, "collect_new_requests" "collect_new_requests" 3 170, 3 170 0, S_0x7ff0c7023cd0;
 .timescale -9 -12;
v0x7ff0c7025650_0 .var "additions", 7 0;
v0x7ff0c7025710_0 .var "cabin_req", 7 0;
; Variable collect_new_requests is vec4 return value of scope S_0x7ff0c70251f0
v0x7ff0c7025880_0 .var "cur_dir_down", 0 0;
v0x7ff0c7025920_0 .var "cur_dir_up", 0 0;
v0x7ff0c7025a00_0 .var "cur_floor", 2 0;
v0x7ff0c7025ab0_0 .var "cur_idle", 0 0;
v0x7ff0c7025b50_0 .var "hall_down_req", 7 0;
v0x7ff0c7025c00_0 .var "hall_up_req", 7 0;
v0x7ff0c7025d10_0 .var "idx", 2 0;
v0x7ff0c7025dc0_0 .var "pulse_cabin", 0 0;
v0x7ff0c7025e60_0 .var "pulse_floor", 2 0;
v0x7ff0c7025f10_0 .var "pulse_hall_up", 0 0;
v0x7ff0c7025fb0_0 .var "req_pulse", 0 0;
TD_elevator_controller_tb.dut.collect_new_requests ;
    %pushi/vec4 0, 0, 8;
    %store/vec4 v0x7ff0c7025650_0, 0, 8;
    %fork t_7, S_0x7ff0c70253d0;
    %jmp t_6;
    .scope S_0x7ff0c70253d0;
t_7 ;
    %pushi/vec4 0, 0, 32;
    %store/vec4 v0x7ff0c7025590_0, 0, 32;
T_7.50 ; Top of for-loop
    %load/vec4 v0x7ff0c7025590_0;
    %cmpi/s 8, 0, 32;
	  %jmp/0xz T_7.51, 5;
    %load/vec4 v0x7ff0c7025710_0;
    %load/vec4 v0x7ff0c7025590_0;
    %part/s 1;
    %flag_set/vec4 8;
    %jmp/0xz  T_7.53, 8;
    %pushi/vec4 1, 0, 1;
    %ix/getv/s 4, v0x7ff0c7025590_0;
    %store/vec4 v0x7ff0c7025650_0, 4, 1;
T_7.53 ;
    %load/vec4 v0x7ff0c7025c00_0;
    %load/vec4 v0x7ff0c7025590_0;
    %part/s 1;
    %flag_set/vec4 9;
    %flag_get/vec4 9;
    %jmp/0 T_7.57, 9;
    %alloc S_0x7ff0c7026050;
    %load/vec4 v0x7ff0c7025590_0;
    %pad/s 3;
    %pushi/vec4 1, 0, 1;
    %pushi/vec4 0, 0, 1;
    %load/vec4 v0x7ff0c7025a00_0;
    %load/vec4 v0x7ff0c7025920_0;
    %load/vec4 v0x7ff0c7025880_0;
    %load/vec4 v0x7ff0c7025ab0_0;
    %store/vec4 v0x7ff0c7026480_0, 0, 1;
    %store/vec4 v0x7ff0c70262c0_0, 0, 1;
    %store/vec4 v0x7ff0c7026360_0, 0, 1;
    %store/vec4 v0x7ff0c70263f0_0, 0, 3;
    %store/vec4 v0x7ff0c7026210_0, 0, 1;
    %store/vec4 v0x7ff0c70266b0_0, 0, 1;
    %store/vec4 v0x7ff0c7026560_0, 0, 3;
    %callf/vec4 TD_elevator_controller_tb.dut.hall_call_allowed, S_0x7ff0c7026050;
    %free S_0x7ff0c7026050;
    %and;
T_7.57;
    %flag_set/vec4 8;
    %jmp/0xz  T_7.55, 8;
    %pushi/vec4 1, 0, 1;
    %ix/getv/s 4, v0x7ff0c7025590_0;
    %store/vec4 v0x7ff0c7025650_0, 4, 1;
T_7.55 ;
    %load/vec4 v0x7ff0c7025b50_0;
    %load/vec4 v0x7ff0c7025590_0;
    %part/s 1;
    %flag_set/vec4 9;
    %flag_get/vec4 9;
    %jmp/0 T_7.60, 9;
    %alloc S_0x7ff0c7026050;
    %load/vec4 v0x7ff0c7025590_0;
    %pad/s 3;
    %pushi/vec4 0, 0, 1;
    %pushi/vec4 0, 0, 1;
    %load/vec4 v0x7ff0c7025a00_0;
    %load/vec4 v0x7ff0c7025920_0;
    %load/vec4 v0x7ff0c7025880_0;
    %load/vec4 v0x7ff0c7025ab0_0;
    %store/vec4 v0x7ff0c7026480_0, 0, 1;
    %store/vec4 v0x7ff0c70262c0_0, 0, 1;
    %store/vec4 v0x7ff0c7026360_0, 0, 1;
    %store/vec4 v0x7ff0c70263f0_0, 0, 3;
    %store/vec4 v0x7ff0c7026210_0, 0, 1;
    %store/vec4 v0x7ff0c70266b0_0, 0, 1;
    %store/vec4 v0x7ff0c7026560_0, 0, 3;
    %callf/vec4 TD_elevator_controller_tb.dut.hall_call_allowed, S_0x7ff0c7026050;
    %free S_0x7ff0c7026050;
    %and;
T_7.60;
    %flag_set/vec4 8;
    %jmp/0xz  T_7.58, 8;
    %pushi/vec4 1, 0, 1;
    %ix/getv/s 4, v0x7ff0c7025590_0;
    %store/vec4 v0x7ff0c7025650_0, 4, 1;
T_7.58 ;
T_7.52 ; for-loop step statement
    ; show_stmt_assign_vector: Get l-value for compressed += operand
    %load/vec4 v0x7ff0c7025590_0;
    %pushi/vec4 1, 0, 32;
    %add;
    %cast2;
    %store/vec4 v0x7ff0c7025590_0, 0, 32;
    %jmp T_7.50;
T_7.51 ; for-loop exit label
    %end;
    .scope S_0x7ff0c70251f0;
t_6 %join;
    %load/vec4 v0x7ff0c7025fb0_0;
    %flag_set/vec4 8;
    %jmp/0xz  T_7.61, 8;
    %alloc S_0x7ff0c7024ef0;
    %load/vec4 v0x7ff0c7025e60_0;
    %store/vec4 v0x7ff0c7025140_0, 0, 3;
    %callf/vec4 TD_elevator_controller_tb.dut.clamp_floor, S_0x7ff0c7024ef0;
    %free S_0x7ff0c7024ef0;
    %store/vec4 v0x7ff0c7025d10_0, 0, 3;
    %load/vec4 v0x7ff0c7025dc0_0;
    %flag_set/vec4 8;
    %jmp/1 T_7.65, 8;
    %alloc S_0x7ff0c7026050;
    %load/vec4 v0x7ff0c7025d10_0;
    %load/vec4 v0x7ff0c7025f10_0;
    %pushi/vec4 0, 0, 1;
    %load/vec4 v0x7ff0c7025a00_0;
    %load/vec4 v0x7ff0c7025920_0;
    %load/vec4 v0x7ff0c7025880_0;
    %load/vec4 v0x7ff0c7025ab0_0;
    %store/vec4 v0x7ff0c7026480_0, 0, 1;
    %store/vec4 v0x7ff0c70262c0_0, 0, 1;
    %store/vec4 v0x7ff0c7026360_0, 0, 1;
    %store/vec4 v0x7ff0c70263f0_0, 0, 3;
    %store/vec4 v0x7ff0c7026210_0, 0, 1;
    %store/vec4 v0x7ff0c70266b0_0, 0, 1;
    %store/vec4 v0x7ff0c7026560_0, 0, 3;
    %callf/vec4 TD_elevator_controller_tb.dut.hall_call_allowed, S_0x7ff0c7026050;
    %free S_0x7ff0c7026050;
    %flag_set/vec4 9;
    %flag_or 8, 9;
T_7.65;
    %jmp/0xz  T_7.63, 8;
    %pushi/vec4 1, 0, 1;
    %ix/getv 4, v0x7ff0c7025d10_0;
    %store/vec4 v0x7ff0c7025650_0, 4, 1;
T_7.63 ;
T_7.61 ;
    %load/vec4 v0x7ff0c7025650_0;
    %ret/vec4 0, 0, 8;  Assign to collect_new_requests (store_vec4_to_lval)
    %disable/flow S_0x7ff0c70251f0;
    %end;
S_0x7ff0c70253d0 .scope autobegin, "$ivl_for_loop2" "$ivl_for_loop2" 3 188, 3 188 0, S_0x7ff0c70251f0;
 .timescale -9 -12;
v0x7ff0c7025590_0 .var/2s "i", 31 0;
S_0x7ff0c7026050 .scope autofunction.vec4.s1, "hall_call_allowed" "hall_call_allowed" 3 142, 3 142 0, S_0x7ff0c7023cd0;
 .timescale -9 -12;
v0x7ff0c7026210_0 .var "cabin", 0 0;
v0x7ff0c70262c0_0 .var "cur_dir_down", 0 0;
v0x7ff0c7026360_0 .var "cur_dir_up", 0 0;
v0x7ff0c70263f0_0 .var "cur_floor", 2 0;
v0x7ff0c7026480_0 .var "cur_idle", 0 0;
v0x7ff0c7026560_0 .var "floor", 2 0;
; Variable hall_call_allowed is vec4 return value of scope S_0x7ff0c7026050
v0x7ff0c70266b0_0 .var "hall_up", 0 0;
TD_elevator_controller_tb.dut.hall_call_allowed ;
    %load/vec4 v0x7ff0c7026210_0;
    %flag_set/vec4 8;
    %jmp/0xz  T_8.66, 8;
    %pushi/vec4 1, 0, 1;
    %ret/vec4 0, 0, 1;  Assign to hall_call_allowed (store_vec4_to_lval)
    %disable/flow S_0x7ff0c7026050;
T_8.66 ;
    %load/vec4 v0x7ff0c7026480_0;
    %flag_set/vec4 8;
    %jmp/0xz  T_8.68, 8;
    %pushi/vec4 1, 0, 1;
    %ret/vec4 0, 0, 1;  Assign to hall_call_allowed (store_vec4_to_lval)
    %disable/flow S_0x7ff0c7026050;
T_8.68 ;
    %load/vec4 v0x7ff0c70263f0_0;
    %load/vec4 v0x7ff0c7026560_0;
    %cmp/u;
    %jmp/0xz  T_8.70, 5;
    %load/vec4 v0x7ff0c70266b0_0;
    %flag_set/vec4 8;
    %flag_get/vec4 8;
    %jmp/0 T_8.72, 8;
    %load/vec4 v0x7ff0c7026360_0;
    %and;
T_8.72;
    %ret/vec4 0, 0, 1;  Assign to hall_call_allowed (store_vec4_to_lval)
    %disable/flow S_0x7ff0c7026050;
T_8.70 ;
    %load/vec4 v0x7ff0c7026560_0;
    %load/vec4 v0x7ff0c70263f0_0;
    %cmp/u;
    %jmp/0xz  T_8.73, 5;
    %load/vec4 v0x7ff0c70266b0_0;
    %nor/r;
    %flag_set/vec4 8;
    %flag_get/vec4 8;
    %jmp/0 T_8.75, 8;
    %load/vec4 v0x7ff0c70262c0_0;
    %and;
T_8.75;
    %ret/vec4 0, 0, 1;  Assign to hall_call_allowed (store_vec4_to_lval)
    %disable/flow S_0x7ff0c7026050;
T_8.73 ;
    %pushi/vec4 1, 0, 1;
    %ret/vec4 0, 0, 1;  Assign to hall_call_allowed (store_vec4_to_lval)
    %disable/flow S_0x7ff0c7026050;
    %end;
S_0x7ff0c7026750 .scope autofunction.vec4.s1, "is_cabin_addition" "is_cabin_addition" 3 215, 3 215 0, S_0x7ff0c7023cd0;
 .timescale -9 -12;
v0x7ff0c7026950_0 .var "cabin_req", 7 0;
v0x7ff0c70269f0_0 .var/2u "floor_idx", 31 0;
; Variable is_cabin_addition is vec4 return value of scope S_0x7ff0c7026750
v0x7ff0c7026b40_0 .var "pulse_cabin", 0 0;
v0x7ff0c7026bd0_0 .var "pulse_floor", 2 0;
v0x7ff0c7026cc0_0 .var "req_pulse", 0 0;
TD_elevator_controller_tb.dut.is_cabin_addition ;
    %load/vec4 v0x7ff0c7026950_0;
    %load/vec4 v0x7ff0c70269f0_0;
    %part/u 1;
    %flag_set/vec4 8;
    %jmp/0xz  T_9.76, 8;
    %pushi/vec4 1, 0, 1;
    %ret/vec4 0, 0, 1;  Assign to is_cabin_addition (store_vec4_to_lval)
    %disable/flow S_0x7ff0c7026750;
T_9.76 ;
    %load/vec4 v0x7ff0c7026cc0_0;
    %flag_set/vec4 10;
    %flag_get/vec4 10;
    %jmp/0 T_9.81, 10;
    %load/vec4 v0x7ff0c7026b40_0;
    %and;
T_9.81;
    %flag_set/vec4 9;
    %flag_get/vec4 9;
    %jmp/0 T_9.80, 9;
    %load/vec4 v0x7ff0c70269f0_0;
    %pad/u 3;
    %alloc S_0x7ff0c7024ef0;
    %load/vec4 v0x7ff0c7026bd0_0;
    %store/vec4 v0x7ff0c7025140_0, 0, 3;
    %callf/vec4 TD_elevator_controller_tb.dut.clamp_floor, S_0x7ff0c7024ef0;
    %free S_0x7ff0c7024ef0;
    %cmp/e;
    %flag_get/vec4 4;
    %and;
T_9.80;
    %flag_set/vec4 8;
    %jmp/0xz  T_9.78, 8;
    %pushi/vec4 1, 0, 1;
    %ret/vec4 0, 0, 1;  Assign to is_cabin_addition (store_vec4_to_lval)
    %disable/flow S_0x7ff0c7026750;
T_9.78 ;
    %pushi/vec4 0, 0, 1;
    %ret/vec4 0, 0, 1;  Assign to is_cabin_addition (store_vec4_to_lval)
    %disable/flow S_0x7ff0c7026750;
    %end;
S_0x7ff0c7026d60 .scope autofunction.vec4.s3, "scan_highest_request" "scan_highest_request" 3 100, 3 100 0, S_0x7ff0c7023cd0;
 .timescale -9 -12;
v0x7ff0c70271b0_0 .var "found", 0 0;
v0x7ff0c7027260_0 .var "req_bitmap", 7 0;
v0x7ff0c7027300_0 .var "result", 2 0;
; Variable scan_highest_request is vec4 return value of scope S_0x7ff0c7026d60
TD_elevator_controller_tb.dut.scan_highest_request ;
    %pushi/vec4 0, 0, 3;
    %store/vec4 v0x7ff0c7027300_0, 0, 3;
    %pushi/vec4 0, 0, 1;
    %store/vec4 v0x7ff0c70271b0_0, 0, 1;
    %fork t_9, S_0x7ff0c7026f20;
    %jmp t_8;
    .scope S_0x7ff0c7026f20;
t_9 ;
    %pushi/vec4 7, 0, 32;
    %store/vec4 v0x7ff0c70270f0_0, 0, 32;
T_10.82 ; Top of for-loop
    %load/vec4 v0x7ff0c70270f0_0;
    %cmpi/s 0, 0, 32;
    %flag_inv 5; GE is !LT
	  %jmp/0xz T_10.83, 5;
    %load/vec4 v0x7ff0c70271b0_0;
    %nor/r;
    %flag_set/vec4 9;
    %flag_get/vec4 9;
    %jmp/0 T_10.87, 9;
    %load/vec4 v0x7ff0c7027260_0;
    %load/vec4 v0x7ff0c70270f0_0;
    %part/s 1;
    %and;
T_10.87;
    %flag_set/vec4 8;
    %jmp/0xz  T_10.85, 8;
    %load/vec4 v0x7ff0c70270f0_0;
    %pad/s 3;
    %store/vec4 v0x7ff0c7027300_0, 0, 3;
    %pushi/vec4 1, 0, 1;
    %store/vec4 v0x7ff0c70271b0_0, 0, 1;
T_10.85 ;
T_10.84 ; for-loop step statement
    ; show_stmt_assign_vector: Get l-value for compressed -= operand
    %load/vec4 v0x7ff0c70270f0_0;
    %pushi/vec4 1, 0, 32;
    %sub;
    %cast2;
    %store/vec4 v0x7ff0c70270f0_0, 0, 32;
    %jmp T_10.82;
T_10.83 ; for-loop exit label
    %end;
    .scope S_0x7ff0c7026d60;
t_8 %join;
    %load/vec4 v0x7ff0c7027300_0;
    %ret/vec4 0, 0, 3;  Assign to scan_highest_request (store_vec4_to_lval)
    %disable/flow S_0x7ff0c7026d60;
    %end;
S_0x7ff0c7026f20 .scope autobegin, "$ivl_for_loop0" "$ivl_for_loop0" 3 107, 3 107 0, S_0x7ff0c7026d60;
 .timescale -9 -12;
v0x7ff0c70270f0_0 .var/2s "i", 31 0;
S_0x7ff0c7027460 .scope autofunction.vec4.s3, "scan_lowest_request" "scan_lowest_request" 3 116, 3 116 0, S_0x7ff0c7023cd0;
 .timescale -9 -12;
v0x7ff0c70278b0_0 .var "found", 0 0;
v0x7ff0c7027960_0 .var "req_bitmap", 7 0;
v0x7ff0c7027a10_0 .var "result", 2 0;
; Variable scan_lowest_request is vec4 return value of scope S_0x7ff0c7027460
v0x7ff0c7027b80_0 .var "skip_ground", 0 0;
v0x7ff0c7027c60_0 .var/2s "start_floor", 31 0;
TD_elevator_controller_tb.dut.scan_lowest_request ;
    %pushi/vec4 7, 0, 3;
    %store/vec4 v0x7ff0c7027a10_0, 0, 3;
    %pushi/vec4 0, 0, 1;
    %store/vec4 v0x7ff0c70278b0_0, 0, 1;
    %load/vec4 v0x7ff0c7027b80_0;
    %flag_set/vec4 8;
    %jmp/0 T_11.88, 8;
    %pushi/vec4 1, 0, 32;
    %jmp/1 T_11.89, 8;
T_11.88 ; End of true expr.
    %pushi/vec4 0, 0, 32;
    %jmp/0 T_11.89, 8;
 ; End of false expr.
    %blend;
T_11.89;
    %cast2;
    %store/vec4 v0x7ff0c7027c60_0, 0, 32;
    %fork t_11, S_0x7ff0c7027620;
    %jmp t_10;
    .scope S_0x7ff0c7027620;
t_11 ;
    %load/vec4 v0x7ff0c7027c60_0;
    %store/vec4 v0x7ff0c70277f0_0, 0, 32;
T_11.90 ; Top of for-loop
    %load/vec4 v0x7ff0c70277f0_0;
    %cmpi/s 8, 0, 32;
	  %jmp/0xz T_11.91, 5;
    %load/vec4 v0x7ff0c70278b0_0;
    %nor/r;
    %flag_set/vec4 9;
    %flag_get/vec4 9;
    %jmp/0 T_11.95, 9;
    %load/vec4 v0x7ff0c7027960_0;
    %load/vec4 v0x7ff0c70277f0_0;
    %part/s 1;
    %and;
T_11.95;
    %flag_set/vec4 8;
    %jmp/0xz  T_11.93, 8;
    %load/vec4 v0x7ff0c70277f0_0;
    %pad/s 3;
    %store/vec4 v0x7ff0c7027a10_0, 0, 3;
    %pushi/vec4 1, 0, 1;
    %store/vec4 v0x7ff0c70278b0_0, 0, 1;
T_11.93 ;
T_11.92 ; for-loop step statement
    ; show_stmt_assign_vector: Get l-value for compressed += operand
    %load/vec4 v0x7ff0c70277f0_0;
    %pushi/vec4 1, 0, 32;
    %add;
    %cast2;
    %store/vec4 v0x7ff0c70277f0_0, 0, 32;
    %jmp T_11.90;
T_11.91 ; for-loop exit label
    %end;
    .scope S_0x7ff0c7027460;
t_10 %join;
    %load/vec4 v0x7ff0c7027a10_0;
    %ret/vec4 0, 0, 3;  Assign to scan_lowest_request (store_vec4_to_lval)
    %disable/flow S_0x7ff0c7027460;
    %end;
S_0x7ff0c7027620 .scope autobegin, "$ivl_for_loop1" "$ivl_for_loop1" 3 126, 3 126 0, S_0x7ff0c7027460;
 .timescale -9 -12;
v0x7ff0c70277f0_0 .var/2s "i", 31 0;
S_0x7ff0c702aa60 .scope autotask, "pulse_request" "pulse_request" 4 65, 4 65 0, S_0x7ff0c700bbb0;
 .timescale -9 -12;
v0x7ff0c7024280_0 .var "cabin", 0 0;
v0x7ff0c702abd0_0 .var "floor", 2 0;
v0x7ff0c702ac60_0 .var "hall_up", 0 0;
TD_elevator_controller_tb.pulse_request ;
    %wait E_0x7ff0c7023c80;
    %pushi/vec4 1, 0, 1;
    %assign/vec4 v0x7ff0c702bbd0_0, 0;
    %load/vec4 v0x7ff0c702abd0_0;
    %assign/vec4 v0x7ff0c702bab0_0, 0;
    %load/vec4 v0x7ff0c7024280_0;
    %assign/vec4 v0x7ff0c702ba20_0, 0;
    %load/vec4 v0x7ff0c702ac60_0;
    %assign/vec4 v0x7ff0c702bb40_0, 0;
    %wait E_0x7ff0c7023c80;
    %pushi/vec4 0, 0, 1;
    %assign/vec4 v0x7ff0c702bbd0_0, 0;
    %end;
    .scope S_0x7ff0c700bd20;
T_13 ;
Ewait_0 .event/or E_0x7ff0c70097d0, E_0x0;
    %wait Ewait_0;
    %fork t_13, S_0x7ff0c700c430;
    %jmp t_12;
    .scope S_0x7ff0c700c430;
t_13 ;
    %load/vec4 v0x7ff0c701fdb0_0;
    %flag_set/vec4 8;
    %flag_get/vec4 8;
    %jmp/0 T_13.0, 8;
    %load/vec4 v0x7ff0c70210e0_0;
    %nor/r;
    %and;
T_13.0;
    %store/vec4 v0x7ff0c701c7e0_0, 0, 1;
    %load/vec4 v0x7ff0c7021e10_0;
    %store/vec4 v0x7ff0c7021d60_0, 0, 3;
    %load/vec4 v0x7ff0c7021ad0_0;
    %store/vec4 v0x7ff0c7021a20_0, 0, 8;
    %load/vec4 v0x7ff0c70220c0_0;
    %store/vec4 v0x7ff0c7021f60_0, 0, 8;
    %load/vec4 v0x7ff0c7021230_0;
    %store/vec4 v0x7ff0c7021180_0, 0, 3;
    %load/vec4 v0x7ff0c7021440_0;
    %store/vec4 v0x7ff0c7021390_0, 0, 3;
    %load/vec4 v0x7ff0c7020be0_0;
    %store/vec4 v0x7ff0c7020a90_0, 0, 3;
    %load/vec4 v0x7ff0c701fef0_0;
    %store/vec4 v0x7ff0c701fe50_0, 0, 1;
    %load/vec4 v0x7ff0c701fdb0_0;
    %store/vec4 v0x7ff0c701fd10_0, 0, 1;
    %load/vec4 v0x7ff0c7020170_0;
    %store/vec4 v0x7ff0c70200d0_0, 0, 1;
    %load/vec4 v0x7ff0c70210e0_0;
    %store/vec4 v0x7ff0c7021040_0, 0, 1;
    %load/vec4 v0x7ff0c7020390_0;
    %store/vec4 v0x7ff0c7020300_0, 0, 4;
    %load/vec4 v0x7ff0c7020570_0;
    %store/vec4 v0x7ff0c70204d0_0, 0, 1;
    %load/vec4 v0x7ff0c7020890_0;
    %store/vec4 v0x7ff0c70207f0_0, 0, 1;
    %load/vec4 v0x7ff0c7020750_0;
    %store/vec4 v0x7ff0c70206b0_0, 0, 1;
    %load/vec4 v0x7ff0c70209e0_0;
    %store/vec4 v0x7ff0c7020930_0, 0, 3;
    %load/vec4 v0x7ff0c7021ad0_0;
    %load/vec4 v0x7ff0c7020be0_0;
    %part/u 1;
    %load/vec4 v0x7ff0c70220c0_0;
    %load/vec4 v0x7ff0c7020be0_0;
    %part/u 1;
    %or;
    %store/vec4 v0x7ff0c7020b40_0, 0, 1;
    %load/vec4 v0x7ff0c7021e10_0;
    %cmpi/e 4, 0, 3;
    %jmp/0xz  T_13.1, 4;
    %load/vec4 v0x7ff0c7021ad0_0;
    %load/vec4 v0x7ff0c7020be0_0;
    %part/u 1;
    %store/vec4 v0x7ff0c7020b40_0, 0, 1;
T_13.1 ;
    %load/vec4 v0x7ff0c7021ad0_0;
    %or/r;
    %store/vec4 v0x7ff0c701f7f0_0, 0, 1;
    %load/vec4 v0x7ff0c7020be0_0;
    %cmpi/u 7, 0, 3;
    %flag_get/vec4 5;
    %jmp/0 T_13.3, 5;
    %load/vec4 v0x7ff0c7021ec0_0;
    %nor/r;
    %and;
T_13.3;
    %store/vec4 v0x7ff0c701fac0_0, 0, 1;
    %load/vec4 v0x7ff0c7020be0_0;
    %cmpi/u 0, 0, 3;
    %flag_or 5, 4; GT is !LE
    %flag_inv 5;
    %flag_get/vec4 5;
    %jmp/0 T_13.4, 5;
    %load/vec4 v0x7ff0c701f8a0_0;
    %nor/r;
    %and;
T_13.4;
    %store/vec4 v0x7ff0c701fa20_0, 0, 1;
    %alloc S_0x7ff0c701cb70;
    %load/vec4 v0x7ff0c701f930_0;
    %load/vec4 v0x7ff0c7020f20_0;
    %load/vec4 v0x7ff0c7020220_0;
    %load/vec4 v0x7ff0c7021980_0;
    %load/vec4 v0x7ff0c7021830_0;
    %load/vec4 v0x7ff0c7021790_0;
    %load/vec4 v0x7ff0c70218e0_0;
    %load/vec4 v0x7ff0c7020be0_0;
    %load/vec4 v0x7ff0c701fef0_0;
    %load/vec4 v0x7ff0c701fdb0_0;
    %load/vec4 v0x7ff0c70210e0_0;
    %store/vec4 v0x7ff0c701d430_0, 0, 1;
    %store/vec4 v0x7ff0c701d200_0, 0, 1;
    %store/vec4 v0x7ff0c701d2a0_0, 0, 1;
    %store/vec4 v0x7ff0c701d380_0, 0, 3;
    %store/vec4 v0x7ff0c701d890_0, 0, 1;
    %store/vec4 v0x7ff0c701d740_0, 0, 1;
    %store/vec4 v0x7ff0c701d7e0_0, 0, 3;
    %store/vec4 v0x7ff0c701d930_0, 0, 1;
    %store/vec4 v0x7ff0c701d4d0_0, 0, 8;
    %store/vec4 v0x7ff0c701d580_0, 0, 8;
    %store/vec4 v0x7ff0c701d090_0, 0, 8;
    %callf/vec4 TD_Lift8.u_ctrl.collect_new_requests, S_0x7ff0c701cb70;
    %free S_0x7ff0c701cb70;
    %store/vec4 v0x7ff0c701c6b0_0, 0, 8;
    %pushi/vec4 0, 0, 8;
    %store/vec4 v0x7ff0c701c5f0_0, 0, 8;
    %pushi/vec4 0, 0, 8;
    %store/vec4 v0x7ff0c701c750_0, 0, 8;
    %fork t_15, S_0x7ff0c700c5a0;
    %jmp t_14;
    .scope S_0x7ff0c700c5a0;
t_15 ;
    %pushi/vec4 0, 0, 32;
    %store/vec4 v0x7ff0c7009ec0_0, 0, 32;
T_13.5 ; Top of for-loop
    %load/vec4 v0x7ff0c7009ec0_0;
    %cmpi/s 8, 0, 32;
	  %jmp/0xz T_13.6, 5;
    %load/vec4 v0x7ff0c701c6b0_0;
    %load/vec4 v0x7ff0c7009ec0_0;
    %part/s 1;
    %flag_set/vec4 8;
    %jmp/0xz  T_13.8, 8;
    %load/vec4 v0x7ff0c70210e0_0;
    %flag_set/vec4 8;
    %jmp/1 T_13.12, 8;
    %alloc S_0x7ff0c701e0d0;
    %load/vec4 v0x7ff0c7009ec0_0;
    %load/vec4 v0x7ff0c701f930_0;
    %load/vec4 v0x7ff0c7021980_0;
    %load/vec4 v0x7ff0c7021830_0;
    %load/vec4 v0x7ff0c7021790_0;
    %store/vec4 v0x7ff0c701e4c0_0, 0, 1;
    %store/vec4 v0x7ff0c701e550_0, 0, 3;
    %store/vec4 v0x7ff0c701e640_0, 0, 1;
    %store/vec4 v0x7ff0c701e2d0_0, 0, 8;
    %store/vec4 v0x7ff0c701e370_0, 0, 32;
    %callf/vec4 TD_Lift8.u_ctrl.is_cabin_addition, S_0x7ff0c701e0d0;
    %free S_0x7ff0c701e0d0;
    %flag_set/vec4 9;
    %flag_or 8, 9;
T_13.12;
    %jmp/0xz  T_13.10, 8;
    %pushi/vec4 1, 0, 1;
    %ix/getv/s 4, v0x7ff0c7009ec0_0;
    %store/vec4 v0x7ff0c701c5f0_0, 4, 1;
    %jmp T_13.11;
T_13.10 ;
    %pushi/vec4 1, 0, 1;
    %ix/getv/s 4, v0x7ff0c7009ec0_0;
    %store/vec4 v0x7ff0c701c750_0, 4, 1;
T_13.11 ;
T_13.8 ;
T_13.7 ; for-loop step statement
    ; show_stmt_assign_vector: Get l-value for compressed += operand
    %load/vec4 v0x7ff0c7009ec0_0;
    %pushi/vec4 1, 0, 32;
    %add;
    %cast2;
    %store/vec4 v0x7ff0c7009ec0_0, 0, 32;
    %jmp T_13.5;
T_13.6 ; for-loop exit label
    %end;
    .scope S_0x7ff0c700c430;
t_14 %join;
    %load/vec4 v0x7ff0c701c5f0_0;
    %or/r;
    %flag_set/vec4 8;
    %jmp/0xz  T_13.13, 8;
    %load/vec4 v0x7ff0c7021ad0_0;
    %load/vec4 v0x7ff0c701c5f0_0;
    %or;
    %store/vec4 v0x7ff0c7021a20_0, 0, 8;
    %load/vec4 v0x7ff0c7021a20_0;
    %or/r;
    %flag_set/vec4 8;
    %jmp/0xz  T_13.15, 8;
    %alloc S_0x7ff0c701e6e0;
    %load/vec4 v0x7ff0c7021a20_0;
    %store/vec4 v0x7ff0c701ebe0_0, 0, 8;
    %callf/vec4 TD_Lift8.u_ctrl.scan_highest_request, S_0x7ff0c701e6e0;
    %free S_0x7ff0c701e6e0;
    %store/vec4 v0x7ff0c7021180_0, 0, 3;
    %alloc S_0x7ff0c701ede0;
    %load/vec4 v0x7ff0c7021a20_0;
    %load/vec4 v0x7ff0c701c7e0_0;
    %store/vec4 v0x7ff0c701f500_0, 0, 1;
    %store/vec4 v0x7ff0c701f2e0_0, 0, 8;
    %callf/vec4 TD_Lift8.u_ctrl.scan_lowest_request, S_0x7ff0c701ede0;
    %free S_0x7ff0c701ede0;
    %store/vec4 v0x7ff0c7021390_0, 0, 3;
    %jmp T_13.16;
T_13.15 ;
    %pushi/vec4 0, 0, 3;
    %store/vec4 v0x7ff0c7021180_0, 0, 3;
    %pushi/vec4 7, 0, 3;
    %store/vec4 v0x7ff0c7021390_0, 0, 3;
T_13.16 ;
T_13.13 ;
    %load/vec4 v0x7ff0c701c750_0;
    %or/r;
    %flag_set/vec4 8;
    %jmp/0xz  T_13.17, 8;
    %load/vec4 v0x7ff0c70220c0_0;
    %load/vec4 v0x7ff0c701c750_0;
    %or;
    %store/vec4 v0x7ff0c7021f60_0, 0, 8;
T_13.17 ;
    %load/vec4 v0x7ff0c7021b80_0;
    %flag_set/vec4 8;
    %jmp/0xz  T_13.19, 8;
    %pushi/vec4 0, 0, 3;
    %store/vec4 v0x7ff0c7021d60_0, 0, 3;
    %pushi/vec4 0, 0, 8;
    %store/vec4 v0x7ff0c7021a20_0, 0, 8;
    %pushi/vec4 0, 0, 8;
    %store/vec4 v0x7ff0c7021f60_0, 0, 8;
    %pushi/vec4 0, 0, 3;
    %store/vec4 v0x7ff0c7021180_0, 0, 3;
    %pushi/vec4 7, 0, 3;
    %store/vec4 v0x7ff0c7021390_0, 0, 3;
    %pushi/vec4 0, 0, 3;
    %store/vec4 v0x7ff0c7020a90_0, 0, 3;
    %pushi/vec4 1, 0, 1;
    %store/vec4 v0x7ff0c701fe50_0, 0, 1;
    %pushi/vec4 0, 0, 1;
    %store/vec4 v0x7ff0c701fd10_0, 0, 1;
    %pushi/vec4 0, 0, 1;
    %store/vec4 v0x7ff0c70200d0_0, 0, 1;
    %pushi/vec4 1, 0, 1;
    %store/vec4 v0x7ff0c7021040_0, 0, 1;
    %pushi/vec4 0, 0, 4;
    %store/vec4 v0x7ff0c7020300_0, 0, 4;
    %pushi/vec4 0, 0, 1;
    %store/vec4 v0x7ff0c70204d0_0, 0, 1;
    %jmp T_13.20;
T_13.19 ;
    %load/vec4 v0x7ff0c7020430_0;
    %flag_set/vec4 8;
    %jmp/0xz  T_13.21, 8;
    %load/vec4 v0x7ff0c7020570_0;
    %nor/r;
    %flag_set/vec4 8;
    %jmp/0xz  T_13.23, 8;
    %load/vec4 v0x7ff0c701fef0_0;
    %store/vec4 v0x7ff0c70207f0_0, 0, 1;
    %load/vec4 v0x7ff0c701fdb0_0;
    %store/vec4 v0x7ff0c70206b0_0, 0, 1;
    %load/vec4 v0x7ff0c7021e10_0;
    %store/vec4 v0x7ff0c7020930_0, 0, 3;
T_13.23 ;
    %pushi/vec4 1, 0, 1;
    %store/vec4 v0x7ff0c70204d0_0, 0, 1;
    %pushi/vec4 1, 0, 3;
    %store/vec4 v0x7ff0c7021d60_0, 0, 3;
    %pushi/vec4 0, 0, 1;
    %store/vec4 v0x7ff0c70200d0_0, 0, 1;
    %pushi/vec4 1, 0, 1;
    %store/vec4 v0x7ff0c7021040_0, 0, 1;
    %pushi/vec4 0, 0, 4;
    %store/vec4 v0x7ff0c7020300_0, 0, 4;
    %jmp T_13.22;
T_13.21 ;
    %load/vec4 v0x7ff0c7020570_0;
    %flag_set/vec4 8;
    %jmp/0xz  T_13.25, 8;
    %pushi/vec4 0, 0, 1;
    %store/vec4 v0x7ff0c70204d0_0, 0, 1;
    %load/vec4 v0x7ff0c7020890_0;
    %store/vec4 v0x7ff0c701fe50_0, 0, 1;
    %load/vec4 v0x7ff0c7020750_0;
    %store/vec4 v0x7ff0c701fd10_0, 0, 1;
    %load/vec4 v0x7ff0c70209e0_0;
    %store/vec4 v0x7ff0c7021d60_0, 0, 3;
    %load/vec4 v0x7ff0c70209e0_0;
    %cmpi/ne 3, 0, 3;
    %flag_get/vec4 4;
    %jmp/0 T_13.27, 4;
    %load/vec4 v0x7ff0c70209e0_0;
    %pushi/vec4 4, 0, 3;
    %cmp/ne;
    %flag_get/vec4 4;
    %and;
T_13.27;
    %store/vec4 v0x7ff0c7021040_0, 0, 1;
    %jmp T_13.26;
T_13.25 ;
    %load/vec4 v0x7ff0c7021e10_0;
    %dup/vec4;
    %pushi/vec4 0, 0, 3;
    %cmp/u;
    %jmp/1 T_13.28, 6;
    %dup/vec4;
    %pushi/vec4 1, 0, 3;
    %cmp/u;
    %jmp/1 T_13.29, 6;
    %dup/vec4;
    %pushi/vec4 2, 0, 3;
    %cmp/u;
    %jmp/1 T_13.30, 6;
    %dup/vec4;
    %pushi/vec4 3, 0, 3;
    %cmp/u;
    %jmp/1 T_13.31, 6;
    %dup/vec4;
    %pushi/vec4 4, 0, 3;
    %cmp/u;
    %jmp/1 T_13.32, 6;
    %dup/vec4;
    %pushi/vec4 5, 0, 3;
    %cmp/u;
    %jmp/1 T_13.33, 6;
    %dup/vec4;
    %pushi/vec4 6, 0, 3;
    %cmp/u;
    %jmp/1 T_13.34, 6;
    %pushi/vec4 1, 0, 3;
    %store/vec4 v0x7ff0c7021d60_0, 0, 3;
    %jmp T_13.36;
T_13.28 ;
    %pushi/vec4 1, 0, 1;
    %store/vec4 v0x7ff0c7021040_0, 0, 1;
    %pushi/vec4 0, 0, 1;
    %store/vec4 v0x7ff0c70200d0_0, 0, 1;
    %pushi/vec4 1, 0, 1;
    %store/vec4 v0x7ff0c701fe50_0, 0, 1;
    %pushi/vec4 0, 0, 1;
    %store/vec4 v0x7ff0c701fd10_0, 0, 1;
    %pushi/vec4 1, 0, 3;
    %store/vec4 v0x7ff0c7021d60_0, 0, 3;
    %jmp T_13.36;
T_13.29 ;
    %pushi/vec4 1, 0, 1;
    %store/vec4 v0x7ff0c7021040_0, 0, 1;
    %pushi/vec4 0, 0, 1;
    %store/vec4 v0x7ff0c70200d0_0, 0, 1;
    %pushi/vec4 0, 0, 4;
    %store/vec4 v0x7ff0c7020300_0, 0, 4;
    %load/vec4 v0x7ff0c7020b40_0;
    %flag_set/vec4 8;
    %jmp/0xz  T_13.37, 8;
    %pushi/vec4 2, 0, 3;
    %store/vec4 v0x7ff0c7021d60_0, 0, 3;
    %pushi/vec4 1, 0, 1;
    %store/vec4 v0x7ff0c70200d0_0, 0, 1;
    %pushi/vec4 0, 0, 1;
    %ix/getv 4, v0x7ff0c7020be0_0;
    %store/vec4 v0x7ff0c7021a20_0, 4, 1;
    %pushi/vec4 0, 0, 1;
    %ix/getv 4, v0x7ff0c7020be0_0;
    %store/vec4 v0x7ff0c7021f60_0, 4, 1;
    %load/vec4 v0x7ff0c7021a20_0;
    %or/r;
    %flag_set/vec4 8;
    %jmp/0xz  T_13.39, 8;
    %alloc S_0x7ff0c701e6e0;
    %load/vec4 v0x7ff0c7021a20_0;
    %store/vec4 v0x7ff0c701ebe0_0, 0, 8;
    %callf/vec4 TD_Lift8.u_ctrl.scan_highest_request, S_0x7ff0c701e6e0;
    %free S_0x7ff0c701e6e0;
    %store/vec4 v0x7ff0c7021180_0, 0, 3;
    %alloc S_0x7ff0c701ede0;
    %load/vec4 v0x7ff0c7021a20_0;
    %load/vec4 v0x7ff0c701c7e0_0;
    %store/vec4 v0x7ff0c701f500_0, 0, 1;
    %store/vec4 v0x7ff0c701f2e0_0, 0, 8;
    %callf/vec4 TD_Lift8.u_ctrl.scan_lowest_request, S_0x7ff0c701ede0;
    %free S_0x7ff0c701ede0;
    %store/vec4 v0x7ff0c7021390_0, 0, 3;
    %jmp T_13.40;
T_13.39 ;
    %pushi/vec4 0, 0, 3;
    %store/vec4 v0x7ff0c7021180_0, 0, 3;
    %pushi/vec4 7, 0, 3;
    %store/vec4 v0x7ff0c7021390_0, 0, 3;
T_13.40 ;
    %pushi/vec4 10, 0, 4;
    %store/vec4 v0x7ff0c7020300_0, 0, 4;
    %jmp T_13.38;
T_13.37 ;
    %load/vec4 v0x7ff0c701f7f0_0;
    %flag_set/vec4 8;
    %jmp/0xz  T_13.41, 8;
    %load/vec4 v0x7ff0c701fef0_0;
    %flag_set/vec4 10;
    %flag_get/vec4 10;
    %jmp/0 T_13.46, 10;
    %load/vec4 v0x7ff0c7020be0_0;
    %load/vec4 v0x7ff0c7021230_0;
    %cmp/u;
    %flag_get/vec4 5;
    %and;
T_13.46;
    %flag_set/vec4 9;
    %flag_get/vec4 9;
    %jmp/0 T_13.45, 9;
    %load/vec4 v0x7ff0c701fac0_0;
    %and;
T_13.45;
    %flag_set/vec4 8;
    %jmp/0xz  T_13.43, 8;
    %pushi/vec4 3, 0, 3;
    %store/vec4 v0x7ff0c7021d60_0, 0, 3;
    %pushi/vec4 0, 0, 1;
    %store/vec4 v0x7ff0c7021040_0, 0, 1;
    %jmp T_13.44;
T_13.43 ;
    %load/vec4 v0x7ff0c701fdb0_0;
    %flag_set/vec4 10;
    %flag_get/vec4 10;
    %jmp/0 T_13.50, 10;
    %load/vec4 v0x7ff0c7021440_0;
    %load/vec4 v0x7ff0c7020be0_0;
    %cmp/u;
    %flag_get/vec4 5;
    %and;
T_13.50;
    %flag_set/vec4 9;
    %flag_get/vec4 9;
    %jmp/0 T_13.49, 9;
    %load/vec4 v0x7ff0c701fa20_0;
    %and;
T_13.49;
    %flag_set/vec4 8;
    %jmp/0xz  T_13.47, 8;
    %pushi/vec4 4, 0, 3;
    %store/vec4 v0x7ff0c7021d60_0, 0, 3;
    %pushi/vec4 0, 0, 1;
    %store/vec4 v0x7ff0c7021040_0, 0, 1;
    %jmp T_13.48;
T_13.47 ;
    %load/vec4 v0x7ff0c7021230_0;
    %load/vec4 v0x7ff0c7020be0_0;
    %cmp/e;
    %flag_get/vec4 4;
    %jmp/0 T_13.53, 4;
    %load/vec4 v0x7ff0c7021440_0;
    %load/vec4 v0x7ff0c7020be0_0;
    %cmp/u;
    %flag_get/vec4 5;
    %and;
T_13.53;
    %flag_set/vec4 8;
    %jmp/0xz  T_13.51, 8;
    %load/vec4 v0x7ff0c7021a20_0;
    %load/vec4 v0x7ff0c7021f60_0;
    %or;
    %store/vec4 v0x7ff0c7021a20_0, 0, 8;
    %pushi/vec4 0, 0, 8;
    %store/vec4 v0x7ff0c7021f60_0, 0, 8;
    %load/vec4 v0x7ff0c7021a20_0;
    %or/r;
    %flag_set/vec4 8;
    %jmp/0xz  T_13.54, 8;
    %alloc S_0x7ff0c701e6e0;
    %load/vec4 v0x7ff0c7021a20_0;
    %store/vec4 v0x7ff0c701ebe0_0, 0, 8;
    %callf/vec4 TD_Lift8.u_ctrl.scan_highest_request, S_0x7ff0c701e6e0;
    %free S_0x7ff0c701e6e0;
    %store/vec4 v0x7ff0c7021180_0, 0, 3;
    %alloc S_0x7ff0c701ede0;
    %load/vec4 v0x7ff0c7021a20_0;
    %load/vec4 v0x7ff0c701c7e0_0;
    %store/vec4 v0x7ff0c701f500_0, 0, 1;
    %store/vec4 v0x7ff0c701f2e0_0, 0, 8;
    %callf/vec4 TD_Lift8.u_ctrl.scan_lowest_request, S_0x7ff0c701ede0;
    %free S_0x7ff0c701ede0;
    %store/vec4 v0x7ff0c7021390_0, 0, 3;
    %jmp T_13.55;
T_13.54 ;
    %pushi/vec4 0, 0, 3;
    %store/vec4 v0x7ff0c7021180_0, 0, 3;
    %pushi/vec4 7, 0, 3;
    %store/vec4 v0x7ff0c7021390_0, 0, 3;
T_13.55 ;
    %pushi/vec4 6, 0, 3;
    %store/vec4 v0x7ff0c7021d60_0, 0, 3;
    %pushi/vec4 0, 0, 1;
    %store/vec4 v0x7ff0c701fe50_0, 0, 1;
    %pushi/vec4 1, 0, 1;
    %store/vec4 v0x7ff0c701fd10_0, 0, 1;
    %jmp T_13.52;
T_13.51 ;
    %load/vec4 v0x7ff0c7021440_0;
    %load/vec4 v0x7ff0c7020be0_0;
    %cmp/e;
    %flag_get/vec4 4;
    %jmp/0 T_13.58, 4;
    %load/vec4 v0x7ff0c7020be0_0;
    %load/vec4 v0x7ff0c7021230_0;
    %cmp/u;
    %flag_get/vec4 5;
    %and;
T_13.58;
    %flag_set/vec4 8;
    %jmp/0xz  T_13.56, 8;
    %load/vec4 v0x7ff0c7021a20_0;
    %load/vec4 v0x7ff0c7021f60_0;
    %or;
    %store/vec4 v0x7ff0c7021a20_0, 0, 8;
    %pushi/vec4 0, 0, 8;
    %store/vec4 v0x7ff0c7021f60_0, 0, 8;
    %load/vec4 v0x7ff0c7021a20_0;
    %or/r;
    %flag_set/vec4 8;
    %jmp/0xz  T_13.59, 8;
    %alloc S_0x7ff0c701e6e0;
    %load/vec4 v0x7ff0c7021a20_0;
    %store/vec4 v0x7ff0c701ebe0_0, 0, 8;
    %callf/vec4 TD_Lift8.u_ctrl.scan_highest_request, S_0x7ff0c701e6e0;
    %free S_0x7ff0c701e6e0;
    %store/vec4 v0x7ff0c7021180_0, 0, 3;
    %alloc S_0x7ff0c701ede0;
    %load/vec4 v0x7ff0c7021a20_0;
    %load/vec4 v0x7ff0c701c7e0_0;
    %store/vec4 v0x7ff0c701f500_0, 0, 1;
    %store/vec4 v0x7ff0c701f2e0_0, 0, 8;
    %callf/vec4 TD_Lift8.u_ctrl.scan_lowest_request, S_0x7ff0c701ede0;
    %free S_0x7ff0c701ede0;
    %store/vec4 v0x7ff0c7021390_0, 0, 3;
    %jmp T_13.60;
T_13.59 ;
    %pushi/vec4 0, 0, 3;
    %store/vec4 v0x7ff0c7021180_0, 0, 3;
    %pushi/vec4 7, 0, 3;
    %store/vec4 v0x7ff0c7021390_0, 0, 3;
T_13.60 ;
    %pushi/vec4 5, 0, 3;
    %store/vec4 v0x7ff0c7021d60_0, 0, 3;
    %pushi/vec4 1, 0, 1;
    %store/vec4 v0x7ff0c701fe50_0, 0, 1;
    %pushi/vec4 0, 0, 1;
    %store/vec4 v0x7ff0c701fd10_0, 0, 1;
    %jmp T_13.57;
T_13.56 ;
    %load/vec4 v0x7ff0c7020be0_0;
    %load/vec4 v0x7ff0c7021230_0;
    %cmp/u;
    %flag_get/vec4 5;
    %jmp/0 T_13.63, 5;
    %load/vec4 v0x7ff0c701fac0_0;
    %and;
T_13.63;
    %flag_set/vec4 8;
    %jmp/0xz  T_13.61, 8;
    %pushi/vec4 1, 0, 1;
    %store/vec4 v0x7ff0c701fe50_0, 0, 1;
    %pushi/vec4 0, 0, 1;
    %store/vec4 v0x7ff0c701fd10_0, 0, 1;
    %pushi/vec4 3, 0, 3;
    %store/vec4 v0x7ff0c7021d60_0, 0, 3;
    %pushi/vec4 0, 0, 1;
    %store/vec4 v0x7ff0c7021040_0, 0, 1;
    %jmp T_13.62;
T_13.61 ;
    %load/vec4 v0x7ff0c7021440_0;
    %load/vec4 v0x7ff0c7020be0_0;
    %cmp/u;
    %flag_get/vec4 5;
    %jmp/0 T_13.66, 5;
    %load/vec4 v0x7ff0c701fa20_0;
    %and;
T_13.66;
    %flag_set/vec4 8;
    %jmp/0xz  T_13.64, 8;
    %pushi/vec4 0, 0, 1;
    %store/vec4 v0x7ff0c701fe50_0, 0, 1;
    %pushi/vec4 1, 0, 1;
    %store/vec4 v0x7ff0c701fd10_0, 0, 1;
    %pushi/vec4 4, 0, 3;
    %store/vec4 v0x7ff0c7021d60_0, 0, 3;
    %pushi/vec4 0, 0, 1;
    %store/vec4 v0x7ff0c7021040_0, 0, 1;
T_13.64 ;
T_13.62 ;
T_13.57 ;
T_13.52 ;
T_13.48 ;
T_13.44 ;
T_13.41 ;
T_13.38 ;
    %jmp T_13.36;
T_13.30 ;
    %pushi/vec4 1, 0, 1;
    %store/vec4 v0x7ff0c7021040_0, 0, 1;
    %pushi/vec4 1, 0, 1;
    %store/vec4 v0x7ff0c70200d0_0, 0, 1;
    %load/vec4 v0x7ff0c701ff90_0;
    %flag_set/vec4 8;
    %jmp/0xz  T_13.67, 8;
    %pushi/vec4 10, 0, 4;
    %store/vec4 v0x7ff0c7020300_0, 0, 4;
    %jmp T_13.68;
T_13.67 ;
    %load/vec4 v0x7ff0c7020390_0;
    %cmpi/ne 0, 0, 4;
    %jmp/0xz  T_13.69, 4;
    %load/vec4 v0x7ff0c7020390_0;
    %subi 1, 0, 4;
    %store/vec4 v0x7ff0c7020300_0, 0, 4;
T_13.69 ;
T_13.68 ;
    %load/vec4 v0x7ff0c7020b40_0;
    %flag_set/vec4 8;
    %jmp/0xz  T_13.71, 8;
    %pushi/vec4 0, 0, 1;
    %ix/getv 4, v0x7ff0c7020be0_0;
    %store/vec4 v0x7ff0c7021a20_0, 4, 1;
    %pushi/vec4 0, 0, 1;
    %ix/getv 4, v0x7ff0c7020be0_0;
    %store/vec4 v0x7ff0c7021f60_0, 4, 1;
    %load/vec4 v0x7ff0c7021a20_0;
    %or/r;
    %flag_set/vec4 8;
    %jmp/0xz  T_13.73, 8;
    %alloc S_0x7ff0c701e6e0;
    %load/vec4 v0x7ff0c7021a20_0;
    %store/vec4 v0x7ff0c701ebe0_0, 0, 8;
    %callf/vec4 TD_Lift8.u_ctrl.scan_highest_request, S_0x7ff0c701e6e0;
    %free S_0x7ff0c701e6e0;
    %store/vec4 v0x7ff0c7021180_0, 0, 3;
    %alloc S_0x7ff0c701ede0;
    %load/vec4 v0x7ff0c7021a20_0;
    %load/vec4 v0x7ff0c701c7e0_0;
    %store/vec4 v0x7ff0c701f500_0, 0, 1;
    %store/vec4 v0x7ff0c701f2e0_0, 0, 8;
    %callf/vec4 TD_Lift8.u_ctrl.scan_lowest_request, S_0x7ff0c701ede0;
    %free S_0x7ff0c701ede0;
    %store/vec4 v0x7ff0c7021390_0, 0, 3;
    %jmp T_13.74;
T_13.73 ;
    %pushi/vec4 0, 0, 3;
    %store/vec4 v0x7ff0c7021180_0, 0, 3;
    %pushi/vec4 7, 0, 3;
    %store/vec4 v0x7ff0c7021390_0, 0, 3;
T_13.74 ;
    %pushi/vec4 10, 0, 4;
    %store/vec4 v0x7ff0c7020300_0, 0, 4;
    %jmp T_13.72;
T_13.71 ;
    %load/vec4 v0x7ff0c7020390_0;
    %cmpi/e 1, 0, 4;
    %flag_get/vec4 4;
    %jmp/0 T_13.77, 4;
    %load/vec4 v0x7ff0c701ff90_0;
    %nor/r;
    %and;
T_13.77;
    %flag_set/vec4 8;
    %jmp/0xz  T_13.75, 8;
    %pushi/vec4 1, 0, 3;
    %store/vec4 v0x7ff0c7021d60_0, 0, 3;
    %pushi/vec4 0, 0, 1;
    %store/vec4 v0x7ff0c70200d0_0, 0, 1;
    %pushi/vec4 0, 0, 4;
    %store/vec4 v0x7ff0c7020300_0, 0, 4;
T_13.75 ;
T_13.72 ;
    %jmp T_13.36;
T_13.31 ;
    %pushi/vec4 0, 0, 1;
    %store/vec4 v0x7ff0c7021040_0, 0, 1;
    %pushi/vec4 0, 0, 1;
    %store/vec4 v0x7ff0c70200d0_0, 0, 1;
    %load/vec4 v0x7ff0c7020b40_0;
    %flag_set/vec4 8;
    %jmp/0xz  T_13.78, 8;
    %pushi/vec4 2, 0, 3;
    %store/vec4 v0x7ff0c7021d60_0, 0, 3;
    %pushi/vec4 1, 0, 1;
    %store/vec4 v0x7ff0c70200d0_0, 0, 1;
    %pushi/vec4 1, 0, 1;
    %store/vec4 v0x7ff0c7021040_0, 0, 1;
    %pushi/vec4 0, 0, 1;
    %ix/getv 4, v0x7ff0c7020be0_0;
    %store/vec4 v0x7ff0c7021a20_0, 4, 1;
    %pushi/vec4 0, 0, 1;
    %ix/getv 4, v0x7ff0c7020be0_0;
    %store/vec4 v0x7ff0c7021f60_0, 4, 1;
    %load/vec4 v0x7ff0c7021a20_0;
    %or/r;
    %flag_set/vec4 8;
    %jmp/0xz  T_13.80, 8;
    %alloc S_0x7ff0c701e6e0;
    %load/vec4 v0x7ff0c7021a20_0;
    %store/vec4 v0x7ff0c701ebe0_0, 0, 8;
    %callf/vec4 TD_Lift8.u_ctrl.scan_highest_request, S_0x7ff0c701e6e0;
    %free S_0x7ff0c701e6e0;
    %store/vec4 v0x7ff0c7021180_0, 0, 3;
    %alloc S_0x7ff0c701ede0;
    %load/vec4 v0x7ff0c7021a20_0;
    %load/vec4 v0x7ff0c701c7e0_0;
    %store/vec4 v0x7ff0c701f500_0, 0, 1;
    %store/vec4 v0x7ff0c701f2e0_0, 0, 8;
    %callf/vec4 TD_Lift8.u_ctrl.scan_lowest_request, S_0x7ff0c701ede0;
    %free S_0x7ff0c701ede0;
    %store/vec4 v0x7ff0c7021390_0, 0, 3;
    %jmp T_13.81;
T_13.80 ;
    %pushi/vec4 0, 0, 3;
    %store/vec4 v0x7ff0c7021180_0, 0, 3;
    %pushi/vec4 7, 0, 3;
    %store/vec4 v0x7ff0c7021390_0, 0, 3;
T_13.81 ;
    %pushi/vec4 10, 0, 4;
    %store/vec4 v0x7ff0c7020300_0, 0, 4;
    %jmp T_13.79;
T_13.78 ;
    %load/vec4 v0x7ff0c701fac0_0;
    %flag_set/vec4 8;
    %jmp/0xz  T_13.82, 8;
    %load/vec4 v0x7ff0c7020be0_0;
    %addi 1, 0, 3;
    %store/vec4 v0x7ff0c7020a90_0, 0, 3;
    %jmp T_13.83;
T_13.82 ;
    %load/vec4 v0x7ff0c7021a20_0;
    %load/vec4 v0x7ff0c7021f60_0;
    %or;
    %store/vec4 v0x7ff0c7021a20_0, 0, 8;
    %pushi/vec4 0, 0, 8;
    %store/vec4 v0x7ff0c7021f60_0, 0, 8;
    %load/vec4 v0x7ff0c7021a20_0;
    %or/r;
    %flag_set/vec4 8;
    %jmp/0xz  T_13.84, 8;
    %alloc S_0x7ff0c701e6e0;
    %load/vec4 v0x7ff0c7021a20_0;
    %store/vec4 v0x7ff0c701ebe0_0, 0, 8;
    %callf/vec4 TD_Lift8.u_ctrl.scan_highest_request, S_0x7ff0c701e6e0;
    %free S_0x7ff0c701e6e0;
    %store/vec4 v0x7ff0c7021180_0, 0, 3;
    %alloc S_0x7ff0c701ede0;
    %load/vec4 v0x7ff0c7021a20_0;
    %load/vec4 v0x7ff0c701c7e0_0;
    %store/vec4 v0x7ff0c701f500_0, 0, 1;
    %store/vec4 v0x7ff0c701f2e0_0, 0, 8;
    %callf/vec4 TD_Lift8.u_ctrl.scan_lowest_request, S_0x7ff0c701ede0;
    %free S_0x7ff0c701ede0;
    %store/vec4 v0x7ff0c7021390_0, 0, 3;
    %jmp T_13.85;
T_13.84 ;
    %pushi/vec4 0, 0, 3;
    %store/vec4 v0x7ff0c7021180_0, 0, 3;
    %pushi/vec4 7, 0, 3;
    %store/vec4 v0x7ff0c7021390_0, 0, 3;
T_13.85 ;
    %pushi/vec4 1, 0, 3;
    %store/vec4 v0x7ff0c7021d60_0, 0, 3;
    %pushi/vec4 1, 0, 1;
    %store/vec4 v0x7ff0c7021040_0, 0, 1;
    %pushi/vec4 0, 0, 1;
    %store/vec4 v0x7ff0c701fe50_0, 0, 1;
    %pushi/vec4 1, 0, 1;
    %store/vec4 v0x7ff0c701fd10_0, 0, 1;
T_13.83 ;
T_13.79 ;
    %jmp T_13.36;
T_13.32 ;
    %pushi/vec4 0, 0, 1;
    %store/vec4 v0x7ff0c7021040_0, 0, 1;
    %pushi/vec4 0, 0, 1;
    %store/vec4 v0x7ff0c70200d0_0, 0, 1;
    %load/vec4 v0x7ff0c7020b40_0;
    %flag_set/vec4 8;
    %jmp/0xz  T_13.86, 8;
    %pushi/vec4 2, 0, 3;
    %store/vec4 v0x7ff0c7021d60_0, 0, 3;
    %pushi/vec4 1, 0, 1;
    %store/vec4 v0x7ff0c70200d0_0, 0, 1;
    %pushi/vec4 1, 0, 1;
    %store/vec4 v0x7ff0c7021040_0, 0, 1;
    %pushi/vec4 0, 0, 1;
    %ix/getv 4, v0x7ff0c7020be0_0;
    %store/vec4 v0x7ff0c7021a20_0, 4, 1;
    %pushi/vec4 0, 0, 1;
    %ix/getv 4, v0x7ff0c7020be0_0;
    %store/vec4 v0x7ff0c7021f60_0, 4, 1;
    %load/vec4 v0x7ff0c7021a20_0;
    %or/r;
    %flag_set/vec4 8;
    %jmp/0xz  T_13.88, 8;
    %alloc S_0x7ff0c701e6e0;
    %load/vec4 v0x7ff0c7021a20_0;
    %store/vec4 v0x7ff0c701ebe0_0, 0, 8;
    %callf/vec4 TD_Lift8.u_ctrl.scan_highest_request, S_0x7ff0c701e6e0;
    %free S_0x7ff0c701e6e0;
    %store/vec4 v0x7ff0c7021180_0, 0, 3;
    %alloc S_0x7ff0c701ede0;
    %load/vec4 v0x7ff0c7021a20_0;
    %load/vec4 v0x7ff0c701c7e0_0;
    %store/vec4 v0x7ff0c701f500_0, 0, 1;
    %store/vec4 v0x7ff0c701f2e0_0, 0, 8;
    %callf/vec4 TD_Lift8.u_ctrl.scan_lowest_request, S_0x7ff0c701ede0;
    %free S_0x7ff0c701ede0;
    %store/vec4 v0x7ff0c7021390_0, 0, 3;
    %jmp T_13.89;
T_13.88 ;
    %pushi/vec4 0, 0, 3;
    %store/vec4 v0x7ff0c7021180_0, 0, 3;
    %pushi/vec4 7, 0, 3;
    %store/vec4 v0x7ff0c7021390_0, 0, 3;
T_13.89 ;
    %pushi/vec4 10, 0, 4;
    %store/vec4 v0x7ff0c7020300_0, 0, 4;
    %jmp T_13.87;
T_13.86 ;
    %load/vec4 v0x7ff0c701fa20_0;
    %flag_set/vec4 8;
    %jmp/0xz  T_13.90, 8;
    %load/vec4 v0x7ff0c7020be0_0;
    %subi 1, 0, 3;
    %store/vec4 v0x7ff0c7020a90_0, 0, 3;
    %jmp T_13.91;
T_13.90 ;
    %load/vec4 v0x7ff0c7021a20_0;
    %load/vec4 v0x7ff0c7021f60_0;
    %or;
    %store/vec4 v0x7ff0c7021a20_0, 0, 8;
    %pushi/vec4 0, 0, 8;
    %store/vec4 v0x7ff0c7021f60_0, 0, 8;
    %load/vec4 v0x7ff0c7021a20_0;
    %or/r;
    %flag_set/vec4 8;
    %jmp/0xz  T_13.92, 8;
    %alloc S_0x7ff0c701e6e0;
    %load/vec4 v0x7ff0c7021a20_0;
    %store/vec4 v0x7ff0c701ebe0_0, 0, 8;
    %callf/vec4 TD_Lift8.u_ctrl.scan_highest_request, S_0x7ff0c701e6e0;
    %free S_0x7ff0c701e6e0;
    %store/vec4 v0x7ff0c7021180_0, 0, 3;
    %alloc S_0x7ff0c701ede0;
    %load/vec4 v0x7ff0c7021a20_0;
    %load/vec4 v0x7ff0c701c7e0_0;
    %store/vec4 v0x7ff0c701f500_0, 0, 1;
    %store/vec4 v0x7ff0c701f2e0_0, 0, 8;
    %callf/vec4 TD_Lift8.u_ctrl.scan_lowest_request, S_0x7ff0c701ede0;
    %free S_0x7ff0c701ede0;
    %store/vec4 v0x7ff0c7021390_0, 0, 3;
    %jmp T_13.93;
T_13.92 ;
    %pushi/vec4 0, 0, 3;
    %store/vec4 v0x7ff0c7021180_0, 0, 3;
    %pushi/vec4 7, 0, 3;
    %store/vec4 v0x7ff0c7021390_0, 0, 3;
T_13.93 ;
    %pushi/vec4 1, 0, 3;
    %store/vec4 v0x7ff0c7021d60_0, 0, 3;
    %pushi/vec4 1, 0, 1;
    %store/vec4 v0x7ff0c7021040_0, 0, 1;
    %pushi/vec4 1, 0, 1;
    %store/vec4 v0x7ff0c701fe50_0, 0, 1;
    %pushi/vec4 0, 0, 1;
    %store/vec4 v0x7ff0c701fd10_0, 0, 1;
T_13.91 ;
T_13.87 ;
    %jmp T_13.36;
T_13.33 ;
    %pushi/vec4 1, 0, 1;
    %store/vec4 v0x7ff0c701fe50_0, 0, 1;
    %pushi/vec4 0, 0, 1;
    %store/vec4 v0x7ff0c701fd10_0, 0, 1;
    %pushi/vec4 2, 0, 3;
    %store/vec4 v0x7ff0c7021d60_0, 0, 3;
    %pushi/vec4 1, 0, 1;
    %store/vec4 v0x7ff0c70200d0_0, 0, 1;
    %pushi/vec4 1, 0, 1;
    %store/vec4 v0x7ff0c7021040_0, 0, 1;
    %load/vec4 v0x7ff0c7020b40_0;
    %flag_set/vec4 8;
    %jmp/0xz  T_13.94, 8;
    %pushi/vec4 0, 0, 1;
    %ix/getv 4, v0x7ff0c7020be0_0;
    %store/vec4 v0x7ff0c7021a20_0, 4, 1;
    %pushi/vec4 0, 0, 1;
    %ix/getv 4, v0x7ff0c7020be0_0;
    %store/vec4 v0x7ff0c7021f60_0, 4, 1;
    %load/vec4 v0x7ff0c7021a20_0;
    %or/r;
    %flag_set/vec4 8;
    %jmp/0xz  T_13.96, 8;
    %alloc S_0x7ff0c701e6e0;
    %load/vec4 v0x7ff0c7021a20_0;
    %store/vec4 v0x7ff0c701ebe0_0, 0, 8;
    %callf/vec4 TD_Lift8.u_ctrl.scan_highest_request, S_0x7ff0c701e6e0;
    %free S_0x7ff0c701e6e0;
    %store/vec4 v0x7ff0c7021180_0, 0, 3;
    %alloc S_0x7ff0c701ede0;
    %load/vec4 v0x7ff0c7021a20_0;
    %load/vec4 v0x7ff0c701c7e0_0;
    %store/vec4 v0x7ff0c701f500_0, 0, 1;
    %store/vec4 v0x7ff0c701f2e0_0, 0, 8;
    %callf/vec4 TD_Lift8.u_ctrl.scan_lowest_request, S_0x7ff0c701ede0;
    %free S_0x7ff0c701ede0;
    %store/vec4 v0x7ff0c7021390_0, 0, 3;
    %jmp T_13.97;
T_13.96 ;
    %pushi/vec4 0, 0, 3;
    %store/vec4 v0x7ff0c7021180_0, 0, 3;
    %pushi/vec4 7, 0, 3;
    %store/vec4 v0x7ff0c7021390_0, 0, 3;
T_13.97 ;
T_13.94 ;
    %pushi/vec4 10, 0, 4;
    %store/vec4 v0x7ff0c7020300_0, 0, 4;
    %jmp T_13.36;
T_13.34 ;
    %pushi/vec4 0, 0, 1;
    %store/vec4 v0x7ff0c701fe50_0, 0, 1;
    %pushi/vec4 1, 0, 1;
    %store/vec4 v0x7ff0c701fd10_0, 0, 1;
    %pushi/vec4 2, 0, 3;
    %store/vec4 v0x7ff0c7021d60_0, 0, 3;
    %pushi/vec4 1, 0, 1;
    %store/vec4 v0x7ff0c70200d0_0, 0, 1;
    %pushi/vec4 1, 0, 1;
    %store/vec4 v0x7ff0c7021040_0, 0, 1;
    %load/vec4 v0x7ff0c7020b40_0;
    %flag_set/vec4 8;
    %jmp/0xz  T_13.98, 8;
    %pushi/vec4 0, 0, 1;
    %ix/getv 4, v0x7ff0c7020be0_0;
    %store/vec4 v0x7ff0c7021a20_0, 4, 1;
    %pushi/vec4 0, 0, 1;
    %ix/getv 4, v0x7ff0c7020be0_0;
    %store/vec4 v0x7ff0c7021f60_0, 4, 1;
    %load/vec4 v0x7ff0c7021a20_0;
    %or/r;
    %flag_set/vec4 8;
    %jmp/0xz  T_13.100, 8;
    %alloc S_0x7ff0c701e6e0;
    %load/vec4 v0x7ff0c7021a20_0;
    %store/vec4 v0x7ff0c701ebe0_0, 0, 8;
    %callf/vec4 TD_Lift8.u_ctrl.scan_highest_request, S_0x7ff0c701e6e0;
    %free S_0x7ff0c701e6e0;
    %store/vec4 v0x7ff0c7021180_0, 0, 3;
    %alloc S_0x7ff0c701ede0;
    %load/vec4 v0x7ff0c7021a20_0;
    %load/vec4 v0x7ff0c701c7e0_0;
    %store/vec4 v0x7ff0c701f500_0, 0, 1;
    %store/vec4 v0x7ff0c701f2e0_0, 0, 8;
    %callf/vec4 TD_Lift8.u_ctrl.scan_lowest_request, S_0x7ff0c701ede0;
    %free S_0x7ff0c701ede0;
    %store/vec4 v0x7ff0c7021390_0, 0, 3;
    %jmp T_13.101;
T_13.100 ;
    %pushi/vec4 0, 0, 3;
    %store/vec4 v0x7ff0c7021180_0, 0, 3;
    %pushi/vec4 7, 0, 3;
    %store/vec4 v0x7ff0c7021390_0, 0, 3;
T_13.101 ;
T_13.98 ;
    %pushi/vec4 10, 0, 4;
    %store/vec4 v0x7ff0c7020300_0, 0, 4;
    %jmp T_13.36;
T_13.36 ;
    %pop/vec4 1;
T_13.26 ;
T_13.22 ;
T_13.20 ;
    %end;
    .scope S_0x7ff0c700bd20;
t_12 %join;
    %jmp T_13;
    .thread T_13, $push;
    .scope S_0x7ff0c700bd20;
T_14 ;
    %wait E_0x7ff0c7009790;
    %load/vec4 v0x7ff0c7021b80_0;
    %flag_set/vec4 8;
    %jmp/0xz  T_14.0, 8;
    %pushi/vec4 0, 0, 3;
    %assign/vec4 v0x7ff0c7021e10_0, 0;
    %pushi/vec4 0, 0, 8;
    %assign/vec4 v0x7ff0c7021ad0_0, 0;
    %pushi/vec4 0, 0, 8;
    %assign/vec4 v0x7ff0c70220c0_0, 0;
    %pushi/vec4 0, 0, 3;
    %assign/vec4 v0x7ff0c7021230_0, 0;
    %pushi/vec4 7, 0, 3;
    %assign/vec4 v0x7ff0c7021440_0, 0;
    %pushi/vec4 0, 0, 3;
    %assign/vec4 v0x7ff0c7020be0_0, 0;
    %pushi/vec4 1, 0, 1;
    %assign/vec4 v0x7ff0c701fef0_0, 0;
    %pushi/vec4 0, 0, 1;
    %assign/vec4 v0x7ff0c701fdb0_0, 0;
    %pushi/vec4 0, 0, 1;
    %assign/vec4 v0x7ff0c7020170_0, 0;
    %pushi/vec4 1, 0, 1;
    %assign/vec4 v0x7ff0c70210e0_0, 0;
    %pushi/vec4 0, 0, 4;
    %assign/vec4 v0x7ff0c7020390_0, 0;
    %pushi/vec4 0, 0, 1;
    %assign/vec4 v0x7ff0c7020570_0, 0;
    %pushi/vec4 1, 0, 1;
    %assign/vec4 v0x7ff0c7020890_0, 0;
    %pushi/vec4 0, 0, 1;
    %assign/vec4 v0x7ff0c7020750_0, 0;
    %pushi/vec4 1, 0, 3;
    %assign/vec4 v0x7ff0c70209e0_0, 0;
    %jmp T_14.1;
T_14.0 ;
    %load/vec4 v0x7ff0c7021d60_0;
    %assign/vec4 v0x7ff0c7021e10_0, 0;
    %load/vec4 v0x7ff0c7021a20_0;
    %assign/vec4 v0x7ff0c7021ad0_0, 0;
    %load/vec4 v0x7ff0c7021f60_0;
    %assign/vec4 v0x7ff0c70220c0_0, 0;
    %load/vec4 v0x7ff0c7021180_0;
    %assign/vec4 v0x7ff0c7021230_0, 0;
    %load/vec4 v0x7ff0c7021390_0;
    %assign/vec4 v0x7ff0c7021440_0, 0;
    %load/vec4 v0x7ff0c7020a90_0;
    %assign/vec4 v0x7ff0c7020be0_0, 0;
    %load/vec4 v0x7ff0c701fe50_0;
    %assign/vec4 v0x7ff0c701fef0_0, 0;
    %load/vec4 v0x7ff0c701fd10_0;
    %assign/vec4 v0x7ff0c701fdb0_0, 0;
    %load/vec4 v0x7ff0c70200d0_0;
    %assign/vec4 v0x7ff0c7020170_0, 0;
    %load/vec4 v0x7ff0c7021040_0;
    %assign/vec4 v0x7ff0c70210e0_0, 0;
    %load/vec4 v0x7ff0c7020300_0;
    %assign/vec4 v0x7ff0c7020390_0, 0;
    %load/vec4 v0x7ff0c70204d0_0;
    %assign/vec4 v0x7ff0c7020570_0, 0;
    %load/vec4 v0x7ff0c70207f0_0;
    %assign/vec4 v0x7ff0c7020890_0, 0;
    %load/vec4 v0x7ff0c70206b0_0;
    %assign/vec4 v0x7ff0c7020750_0, 0;
    %load/vec4 v0x7ff0c7020930_0;
    %assign/vec4 v0x7ff0c70209e0_0, 0;
T_14.1 ;
    %jmp T_14;
    .thread T_14;
    .scope S_0x7ff0c700b8c0;
T_15 ;
    %wait E_0x7ff0c7009790;
    %load/vec4 v0x7ff0c7023700_0;
    %flag_set/vec4 8;
    %jmp/0xz  T_15.0, 8;
    %pushi/vec4 0, 0, 3;
    %assign/vec4 v0x7ff0c7023510_0, 0;
    %jmp T_15.1;
T_15.0 ;
    %load/vec4 v0x7ff0c7023460_0;
    %assign/vec4 v0x7ff0c7023510_0, 0;
T_15.1 ;
    %jmp T_15;
    .thread T_15;
    .scope S_0x7ff0c7023cd0;
T_16 ;
Ewait_1 .event/or E_0x7ff0c70246e0, E_0x0;
    %wait Ewait_1;
    %fork t_17, S_0x7ff0c7024810;
    %jmp t_16;
    .scope S_0x7ff0c7024810;
t_17 ;
    %load/vec4 v0x7ff0c7028430_0;
    %flag_set/vec4 8;
    %flag_get/vec4 8;
    %jmp/0 T_16.0, 8;
    %load/vec4 v0x7ff0c7029760_0;
    %nor/r;
    %and;
T_16.0;
    %store/vec4 v0x7ff0c7024e60_0, 0, 1;
    %load/vec4 v0x7ff0c702a490_0;
    %store/vec4 v0x7ff0c702a3e0_0, 0, 3;
    %load/vec4 v0x7ff0c702a150_0;
    %store/vec4 v0x7ff0c702a0a0_0, 0, 8;
    %load/vec4 v0x7ff0c702a740_0;
    %store/vec4 v0x7ff0c702a5e0_0, 0, 8;
    %load/vec4 v0x7ff0c70298b0_0;
    %store/vec4 v0x7ff0c7029800_0, 0, 3;
    %load/vec4 v0x7ff0c7029ac0_0;
    %store/vec4 v0x7ff0c7029a10_0, 0, 3;
    %load/vec4 v0x7ff0c7029260_0;
    %store/vec4 v0x7ff0c7029110_0, 0, 3;
    %load/vec4 v0x7ff0c7028570_0;
    %store/vec4 v0x7ff0c70284d0_0, 0, 1;
    %load/vec4 v0x7ff0c7028430_0;
    %store/vec4 v0x7ff0c7028390_0, 0, 1;
    %load/vec4 v0x7ff0c70287f0_0;
    %store/vec4 v0x7ff0c7028750_0, 0, 1;
    %load/vec4 v0x7ff0c7029760_0;
    %store/vec4 v0x7ff0c70296c0_0, 0, 1;
    %load/vec4 v0x7ff0c7028a10_0;
    %store/vec4 v0x7ff0c7028980_0, 0, 3;
    %load/vec4 v0x7ff0c7028bf0_0;
    %store/vec4 v0x7ff0c7028b50_0, 0, 1;
    %load/vec4 v0x7ff0c7028f10_0;
    %store/vec4 v0x7ff0c7028e70_0, 0, 1;
    %load/vec4 v0x7ff0c7028dd0_0;
    %store/vec4 v0x7ff0c7028d30_0, 0, 1;
    %load/vec4 v0x7ff0c7029060_0;
    %store/vec4 v0x7ff0c7028fb0_0, 0, 3;
    %load/vec4 v0x7ff0c702a150_0;
    %load/vec4 v0x7ff0c7029260_0;
    %part/u 1;
    %load/vec4 v0x7ff0c702a740_0;
    %load/vec4 v0x7ff0c7029260_0;
    %part/u 1;
    %or;
    %store/vec4 v0x7ff0c70291c0_0, 0, 1;
    %load/vec4 v0x7ff0c702a490_0;
    %cmpi/e 4, 0, 3;
    %jmp/0xz  T_16.1, 4;
    %load/vec4 v0x7ff0c702a150_0;
    %load/vec4 v0x7ff0c7029260_0;
    %part/u 1;
    %store/vec4 v0x7ff0c70291c0_0, 0, 1;
T_16.1 ;
    %load/vec4 v0x7ff0c702a150_0;
    %or/r;
    %store/vec4 v0x7ff0c7027e70_0, 0, 1;
    %load/vec4 v0x7ff0c7029260_0;
    %cmpi/u 7, 0, 3;
    %flag_get/vec4 5;
    %jmp/0 T_16.3, 5;
    %load/vec4 v0x7ff0c702a540_0;
    %nor/r;
    %and;
T_16.3;
    %store/vec4 v0x7ff0c7028140_0, 0, 1;
    %load/vec4 v0x7ff0c7029260_0;
    %cmpi/u 0, 0, 3;
    %flag_or 5, 4; GT is !LE
    %flag_inv 5;
    %flag_get/vec4 5;
    %jmp/0 T_16.4, 5;
    %load/vec4 v0x7ff0c7027f20_0;
    %nor/r;
    %and;
T_16.4;
    %store/vec4 v0x7ff0c70280a0_0, 0, 1;
    %alloc S_0x7ff0c70251f0;
    %load/vec4 v0x7ff0c7027fb0_0;
    %load/vec4 v0x7ff0c70295a0_0;
    %load/vec4 v0x7ff0c70288a0_0;
    %load/vec4 v0x7ff0c702a000_0;
    %load/vec4 v0x7ff0c7029eb0_0;
    %load/vec4 v0x7ff0c7029e10_0;
    %load/vec4 v0x7ff0c7029f60_0;
    %load/vec4 v0x7ff0c7029260_0;
    %load/vec4 v0x7ff0c7028570_0;
    %load/vec4 v0x7ff0c7028430_0;
    %load/vec4 v0x7ff0c7029760_0;
    %store/vec4 v0x7ff0c7025ab0_0, 0, 1;
    %store/vec4 v0x7ff0c7025880_0, 0, 1;
    %store/vec4 v0x7ff0c7025920_0, 0, 1;
    %store/vec4 v0x7ff0c7025a00_0, 0, 3;
    %store/vec4 v0x7ff0c7025f10_0, 0, 1;
    %store/vec4 v0x7ff0c7025dc0_0, 0, 1;
    %store/vec4 v0x7ff0c7025e60_0, 0, 3;
    %store/vec4 v0x7ff0c7025fb0_0, 0, 1;
    %store/vec4 v0x7ff0c7025b50_0, 0, 8;
    %store/vec4 v0x7ff0c7025c00_0, 0, 8;
    %store/vec4 v0x7ff0c7025710_0, 0, 8;
    %callf/vec4 TD_elevator_controller_tb.dut.collect_new_requests, S_0x7ff0c70251f0;
    %free S_0x7ff0c70251f0;
    %store/vec4 v0x7ff0c7024d30_0, 0, 8;
    %pushi/vec4 0, 0, 8;
    %store/vec4 v0x7ff0c7024c70_0, 0, 8;
    %pushi/vec4 0, 0, 8;
    %store/vec4 v0x7ff0c7024dd0_0, 0, 8;
    %fork t_19, S_0x7ff0c70249e0;
    %jmp t_18;
    .scope S_0x7ff0c70249e0;
t_19 ;
    %pushi/vec4 0, 0, 32;
    %store/vec4 v0x7ff0c7024bb0_0, 0, 32;
T_16.5 ; Top of for-loop
    %load/vec4 v0x7ff0c7024bb0_0;
    %cmpi/s 8, 0, 32;
	  %jmp/0xz T_16.6, 5;
    %load/vec4 v0x7ff0c7024d30_0;
    %load/vec4 v0x7ff0c7024bb0_0;
    %part/s 1;
    %flag_set/vec4 8;
    %jmp/0xz  T_16.8, 8;
    %load/vec4 v0x7ff0c7029760_0;
    %flag_set/vec4 8;
    %jmp/1 T_16.12, 8;
    %alloc S_0x7ff0c7026750;
    %load/vec4 v0x7ff0c7024bb0_0;
    %load/vec4 v0x7ff0c7027fb0_0;
    %load/vec4 v0x7ff0c702a000_0;
    %load/vec4 v0x7ff0c7029eb0_0;
    %load/vec4 v0x7ff0c7029e10_0;
    %store/vec4 v0x7ff0c7026b40_0, 0, 1;
    %store/vec4 v0x7ff0c7026bd0_0, 0, 3;
    %store/vec4 v0x7ff0c7026cc0_0, 0, 1;
    %store/vec4 v0x7ff0c7026950_0, 0, 8;
    %store/vec4 v0x7ff0c70269f0_0, 0, 32;
    %callf/vec4 TD_elevator_controller_tb.dut.is_cabin_addition, S_0x7ff0c7026750;
    %free S_0x7ff0c7026750;
    %flag_set/vec4 9;
    %flag_or 8, 9;
T_16.12;
    %jmp/0xz  T_16.10, 8;
    %pushi/vec4 1, 0, 1;
    %ix/getv/s 4, v0x7ff0c7024bb0_0;
    %store/vec4 v0x7ff0c7024c70_0, 4, 1;
    %jmp T_16.11;
T_16.10 ;
    %pushi/vec4 1, 0, 1;
    %ix/getv/s 4, v0x7ff0c7024bb0_0;
    %store/vec4 v0x7ff0c7024dd0_0, 4, 1;
T_16.11 ;
T_16.8 ;
T_16.7 ; for-loop step statement
    ; show_stmt_assign_vector: Get l-value for compressed += operand
    %load/vec4 v0x7ff0c7024bb0_0;
    %pushi/vec4 1, 0, 32;
    %add;
    %cast2;
    %store/vec4 v0x7ff0c7024bb0_0, 0, 32;
    %jmp T_16.5;
T_16.6 ; for-loop exit label
    %end;
    .scope S_0x7ff0c7024810;
t_18 %join;
    %load/vec4 v0x7ff0c7024c70_0;
    %or/r;
    %flag_set/vec4 8;
    %jmp/0xz  T_16.13, 8;
    %load/vec4 v0x7ff0c702a150_0;
    %load/vec4 v0x7ff0c7024c70_0;
    %or;
    %store/vec4 v0x7ff0c702a0a0_0, 0, 8;
    %load/vec4 v0x7ff0c702a0a0_0;
    %or/r;
    %flag_set/vec4 8;
    %jmp/0xz  T_16.15, 8;
    %alloc S_0x7ff0c7026d60;
    %load/vec4 v0x7ff0c702a0a0_0;
    %store/vec4 v0x7ff0c7027260_0, 0, 8;
    %callf/vec4 TD_elevator_controller_tb.dut.scan_highest_request, S_0x7ff0c7026d60;
    %free S_0x7ff0c7026d60;
    %store/vec4 v0x7ff0c7029800_0, 0, 3;
    %alloc S_0x7ff0c7027460;
    %load/vec4 v0x7ff0c702a0a0_0;
    %load/vec4 v0x7ff0c7024e60_0;
    %store/vec4 v0x7ff0c7027b80_0, 0, 1;
    %store/vec4 v0x7ff0c7027960_0, 0, 8;
    %callf/vec4 TD_elevator_controller_tb.dut.scan_lowest_request, S_0x7ff0c7027460;
    %free S_0x7ff0c7027460;
    %store/vec4 v0x7ff0c7029a10_0, 0, 3;
    %jmp T_16.16;
T_16.15 ;
    %pushi/vec4 0, 0, 3;
    %store/vec4 v0x7ff0c7029800_0, 0, 3;
    %pushi/vec4 7, 0, 3;
    %store/vec4 v0x7ff0c7029a10_0, 0, 3;
T_16.16 ;
T_16.13 ;
    %load/vec4 v0x7ff0c7024dd0_0;
    %or/r;
    %flag_set/vec4 8;
    %jmp/0xz  T_16.17, 8;
    %load/vec4 v0x7ff0c702a740_0;
    %load/vec4 v0x7ff0c7024dd0_0;
    %or;
    %store/vec4 v0x7ff0c702a5e0_0, 0, 8;
T_16.17 ;
    %load/vec4 v0x7ff0c702a200_0;
    %flag_set/vec4 8;
    %jmp/0xz  T_16.19, 8;
    %pushi/vec4 0, 0, 3;
    %store/vec4 v0x7ff0c702a3e0_0, 0, 3;
    %pushi/vec4 0, 0, 8;
    %store/vec4 v0x7ff0c702a0a0_0, 0, 8;
    %pushi/vec4 0, 0, 8;
    %store/vec4 v0x7ff0c702a5e0_0, 0, 8;
    %pushi/vec4 0, 0, 3;
    %store/vec4 v0x7ff0c7029800_0, 0, 3;
    %pushi/vec4 7, 0, 3;
    %store/vec4 v0x7ff0c7029a10_0, 0, 3;
    %pushi/vec4 0, 0, 3;
    %store/vec4 v0x7ff0c7029110_0, 0, 3;
    %pushi/vec4 1, 0, 1;
    %store/vec4 v0x7ff0c70284d0_0, 0, 1;
    %pushi/vec4 0, 0, 1;
    %store/vec4 v0x7ff0c7028390_0, 0, 1;
    %pushi/vec4 0, 0, 1;
    %store/vec4 v0x7ff0c7028750_0, 0, 1;
    %pushi/vec4 1, 0, 1;
    %store/vec4 v0x7ff0c70296c0_0, 0, 1;
    %pushi/vec4 0, 0, 3;
    %store/vec4 v0x7ff0c7028980_0, 0, 3;
    %pushi/vec4 0, 0, 1;
    %store/vec4 v0x7ff0c7028b50_0, 0, 1;
    %jmp T_16.20;
T_16.19 ;
    %load/vec4 v0x7ff0c7028ab0_0;
    %flag_set/vec4 8;
    %jmp/0xz  T_16.21, 8;
    %load/vec4 v0x7ff0c7028bf0_0;
    %nor/r;
    %flag_set/vec4 8;
    %jmp/0xz  T_16.23, 8;
    %load/vec4 v0x7ff0c7028570_0;
    %store/vec4 v0x7ff0c7028e70_0, 0, 1;
    %load/vec4 v0x7ff0c7028430_0;
    %store/vec4 v0x7ff0c7028d30_0, 0, 1;
    %load/vec4 v0x7ff0c702a490_0;
    %store/vec4 v0x7ff0c7028fb0_0, 0, 3;
T_16.23 ;
    %pushi/vec4 1, 0, 1;
    %store/vec4 v0x7ff0c7028b50_0, 0, 1;
    %pushi/vec4 1, 0, 3;
    %store/vec4 v0x7ff0c702a3e0_0, 0, 3;
    %pushi/vec4 0, 0, 1;
    %store/vec4 v0x7ff0c7028750_0, 0, 1;
    %pushi/vec4 1, 0, 1;
    %store/vec4 v0x7ff0c70296c0_0, 0, 1;
    %pushi/vec4 0, 0, 3;
    %store/vec4 v0x7ff0c7028980_0, 0, 3;
    %jmp T_16.22;
T_16.21 ;
    %load/vec4 v0x7ff0c7028bf0_0;
    %flag_set/vec4 8;
    %jmp/0xz  T_16.25, 8;
    %pushi/vec4 0, 0, 1;
    %store/vec4 v0x7ff0c7028b50_0, 0, 1;
    %load/vec4 v0x7ff0c7028f10_0;
    %store/vec4 v0x7ff0c70284d0_0, 0, 1;
    %load/vec4 v0x7ff0c7028dd0_0;
    %store/vec4 v0x7ff0c7028390_0, 0, 1;
    %load/vec4 v0x7ff0c7029060_0;
    %store/vec4 v0x7ff0c702a3e0_0, 0, 3;
    %load/vec4 v0x7ff0c7029060_0;
    %cmpi/ne 3, 0, 3;
    %flag_get/vec4 4;
    %jmp/0 T_16.27, 4;
    %load/vec4 v0x7ff0c7029060_0;
    %pushi/vec4 4, 0, 3;
    %cmp/ne;
    %flag_get/vec4 4;
    %and;
T_16.27;
    %store/vec4 v0x7ff0c70296c0_0, 0, 1;
    %jmp T_16.26;
T_16.25 ;
    %load/vec4 v0x7ff0c702a490_0;
    %dup/vec4;
    %pushi/vec4 0, 0, 3;
    %cmp/u;
    %jmp/1 T_16.28, 6;
    %dup/vec4;
    %pushi/vec4 1, 0, 3;
    %cmp/u;
    %jmp/1 T_16.29, 6;
    %dup/vec4;
    %pushi/vec4 2, 0, 3;
    %cmp/u;
    %jmp/1 T_16.30, 6;
    %dup/vec4;
    %pushi/vec4 3, 0, 3;
    %cmp/u;
    %jmp/1 T_16.31, 6;
    %dup/vec4;
    %pushi/vec4 4, 0, 3;
    %cmp/u;
    %jmp/1 T_16.32, 6;
    %dup/vec4;
    %pushi/vec4 5, 0, 3;
    %cmp/u;
    %jmp/1 T_16.33, 6;
    %dup/vec4;
    %pushi/vec4 6, 0, 3;
    %cmp/u;
    %jmp/1 T_16.34, 6;
    %pushi/vec4 1, 0, 3;
    %store/vec4 v0x7ff0c702a3e0_0, 0, 3;
    %jmp T_16.36;
T_16.28 ;
    %pushi/vec4 1, 0, 1;
    %store/vec4 v0x7ff0c70296c0_0, 0, 1;
    %pushi/vec4 0, 0, 1;
    %store/vec4 v0x7ff0c7028750_0, 0, 1;
    %pushi/vec4 1, 0, 1;
    %store/vec4 v0x7ff0c70284d0_0, 0, 1;
    %pushi/vec4 0, 0, 1;
    %store/vec4 v0x7ff0c7028390_0, 0, 1;
    %pushi/vec4 1, 0, 3;
    %store/vec4 v0x7ff0c702a3e0_0, 0, 3;
    %jmp T_16.36;
T_16.29 ;
    %pushi/vec4 1, 0, 1;
    %store/vec4 v0x7ff0c70296c0_0, 0, 1;
    %pushi/vec4 0, 0, 1;
    %store/vec4 v0x7ff0c7028750_0, 0, 1;
    %pushi/vec4 0, 0, 3;
    %store/vec4 v0x7ff0c7028980_0, 0, 3;
    %load/vec4 v0x7ff0c70291c0_0;
    %flag_set/vec4 8;
    %jmp/0xz  T_16.37, 8;
    %pushi/vec4 2, 0, 3;
    %store/vec4 v0x7ff0c702a3e0_0, 0, 3;
    %pushi/vec4 1, 0, 1;
    %store/vec4 v0x7ff0c7028750_0, 0, 1;
    %pushi/vec4 0, 0, 1;
    %ix/getv 4, v0x7ff0c7029260_0;
    %store/vec4 v0x7ff0c702a0a0_0, 4, 1;
    %pushi/vec4 0, 0, 1;
    %ix/getv 4, v0x7ff0c7029260_0;
    %store/vec4 v0x7ff0c702a5e0_0, 4, 1;
    %load/vec4 v0x7ff0c702a0a0_0;
    %or/r;
    %flag_set/vec4 8;
    %jmp/0xz  T_16.39, 8;
    %alloc S_0x7ff0c7026d60;
    %load/vec4 v0x7ff0c702a0a0_0;
    %store/vec4 v0x7ff0c7027260_0, 0, 8;
    %callf/vec4 TD_elevator_controller_tb.dut.scan_highest_request, S_0x7ff0c7026d60;
    %free S_0x7ff0c7026d60;
    %store/vec4 v0x7ff0c7029800_0, 0, 3;
    %alloc S_0x7ff0c7027460;
    %load/vec4 v0x7ff0c702a0a0_0;
    %load/vec4 v0x7ff0c7024e60_0;
    %store/vec4 v0x7ff0c7027b80_0, 0, 1;
    %store/vec4 v0x7ff0c7027960_0, 0, 8;
    %callf/vec4 TD_elevator_controller_tb.dut.scan_lowest_request, S_0x7ff0c7027460;
    %free S_0x7ff0c7027460;
    %store/vec4 v0x7ff0c7029a10_0, 0, 3;
    %jmp T_16.40;
T_16.39 ;
    %pushi/vec4 0, 0, 3;
    %store/vec4 v0x7ff0c7029800_0, 0, 3;
    %pushi/vec4 7, 0, 3;
    %store/vec4 v0x7ff0c7029a10_0, 0, 3;
T_16.40 ;
    %pushi/vec4 4, 0, 3;
    %store/vec4 v0x7ff0c7028980_0, 0, 3;
    %jmp T_16.38;
T_16.37 ;
    %load/vec4 v0x7ff0c7027e70_0;
    %flag_set/vec4 8;
    %jmp/0xz  T_16.41, 8;
    %load/vec4 v0x7ff0c7028570_0;
    %flag_set/vec4 10;
    %flag_get/vec4 10;
    %jmp/0 T_16.46, 10;
    %load/vec4 v0x7ff0c7029260_0;
    %load/vec4 v0x7ff0c70298b0_0;
    %cmp/u;
    %flag_get/vec4 5;
    %and;
T_16.46;
    %flag_set/vec4 9;
    %flag_get/vec4 9;
    %jmp/0 T_16.45, 9;
    %load/vec4 v0x7ff0c7028140_0;
    %and;
T_16.45;
    %flag_set/vec4 8;
    %jmp/0xz  T_16.43, 8;
    %pushi/vec4 3, 0, 3;
    %store/vec4 v0x7ff0c702a3e0_0, 0, 3;
    %pushi/vec4 0, 0, 1;
    %store/vec4 v0x7ff0c70296c0_0, 0, 1;
    %jmp T_16.44;
T_16.43 ;
    %load/vec4 v0x7ff0c7028430_0;
    %flag_set/vec4 10;
    %flag_get/vec4 10;
    %jmp/0 T_16.50, 10;
    %load/vec4 v0x7ff0c7029ac0_0;
    %load/vec4 v0x7ff0c7029260_0;
    %cmp/u;
    %flag_get/vec4 5;
    %and;
T_16.50;
    %flag_set/vec4 9;
    %flag_get/vec4 9;
    %jmp/0 T_16.49, 9;
    %load/vec4 v0x7ff0c70280a0_0;
    %and;
T_16.49;
    %flag_set/vec4 8;
    %jmp/0xz  T_16.47, 8;
    %pushi/vec4 4, 0, 3;
    %store/vec4 v0x7ff0c702a3e0_0, 0, 3;
    %pushi/vec4 0, 0, 1;
    %store/vec4 v0x7ff0c70296c0_0, 0, 1;
    %jmp T_16.48;
T_16.47 ;
    %load/vec4 v0x7ff0c70298b0_0;
    %load/vec4 v0x7ff0c7029260_0;
    %cmp/e;
    %flag_get/vec4 4;
    %jmp/0 T_16.53, 4;
    %load/vec4 v0x7ff0c7029ac0_0;
    %load/vec4 v0x7ff0c7029260_0;
    %cmp/u;
    %flag_get/vec4 5;
    %and;
T_16.53;
    %flag_set/vec4 8;
    %jmp/0xz  T_16.51, 8;
    %load/vec4 v0x7ff0c702a0a0_0;
    %load/vec4 v0x7ff0c702a5e0_0;
    %or;
    %store/vec4 v0x7ff0c702a0a0_0, 0, 8;
    %pushi/vec4 0, 0, 8;
    %store/vec4 v0x7ff0c702a5e0_0, 0, 8;
    %load/vec4 v0x7ff0c702a0a0_0;
    %or/r;
    %flag_set/vec4 8;
    %jmp/0xz  T_16.54, 8;
    %alloc S_0x7ff0c7026d60;
    %load/vec4 v0x7ff0c702a0a0_0;
    %store/vec4 v0x7ff0c7027260_0, 0, 8;
    %callf/vec4 TD_elevator_controller_tb.dut.scan_highest_request, S_0x7ff0c7026d60;
    %free S_0x7ff0c7026d60;
    %store/vec4 v0x7ff0c7029800_0, 0, 3;
    %alloc S_0x7ff0c7027460;
    %load/vec4 v0x7ff0c702a0a0_0;
    %load/vec4 v0x7ff0c7024e60_0;
    %store/vec4 v0x7ff0c7027b80_0, 0, 1;
    %store/vec4 v0x7ff0c7027960_0, 0, 8;
    %callf/vec4 TD_elevator_controller_tb.dut.scan_lowest_request, S_0x7ff0c7027460;
    %free S_0x7ff0c7027460;
    %store/vec4 v0x7ff0c7029a10_0, 0, 3;
    %jmp T_16.55;
T_16.54 ;
    %pushi/vec4 0, 0, 3;
    %store/vec4 v0x7ff0c7029800_0, 0, 3;
    %pushi/vec4 7, 0, 3;
    %store/vec4 v0x7ff0c7029a10_0, 0, 3;
T_16.55 ;
    %pushi/vec4 6, 0, 3;
    %store/vec4 v0x7ff0c702a3e0_0, 0, 3;
    %pushi/vec4 0, 0, 1;
    %store/vec4 v0x7ff0c70284d0_0, 0, 1;
    %pushi/vec4 1, 0, 1;
    %store/vec4 v0x7ff0c7028390_0, 0, 1;
    %jmp T_16.52;
T_16.51 ;
    %load/vec4 v0x7ff0c7029ac0_0;
    %load/vec4 v0x7ff0c7029260_0;
    %cmp/e;
    %flag_get/vec4 4;
    %jmp/0 T_16.58, 4;
    %load/vec4 v0x7ff0c7029260_0;
    %load/vec4 v0x7ff0c70298b0_0;
    %cmp/u;
    %flag_get/vec4 5;
    %and;
T_16.58;
    %flag_set/vec4 8;
    %jmp/0xz  T_16.56, 8;
    %load/vec4 v0x7ff0c702a0a0_0;
    %load/vec4 v0x7ff0c702a5e0_0;
    %or;
    %store/vec4 v0x7ff0c702a0a0_0, 0, 8;
    %pushi/vec4 0, 0, 8;
    %store/vec4 v0x7ff0c702a5e0_0, 0, 8;
    %load/vec4 v0x7ff0c702a0a0_0;
    %or/r;
    %flag_set/vec4 8;
    %jmp/0xz  T_16.59, 8;
    %alloc S_0x7ff0c7026d60;
    %load/vec4 v0x7ff0c702a0a0_0;
    %store/vec4 v0x7ff0c7027260_0, 0, 8;
    %callf/vec4 TD_elevator_controller_tb.dut.scan_highest_request, S_0x7ff0c7026d60;
    %free S_0x7ff0c7026d60;
    %store/vec4 v0x7ff0c7029800_0, 0, 3;
    %alloc S_0x7ff0c7027460;
    %load/vec4 v0x7ff0c702a0a0_0;
    %load/vec4 v0x7ff0c7024e60_0;
    %store/vec4 v0x7ff0c7027b80_0, 0, 1;
    %store/vec4 v0x7ff0c7027960_0, 0, 8;
    %callf/vec4 TD_elevator_controller_tb.dut.scan_lowest_request, S_0x7ff0c7027460;
    %free S_0x7ff0c7027460;
    %store/vec4 v0x7ff0c7029a10_0, 0, 3;
    %jmp T_16.60;
T_16.59 ;
    %pushi/vec4 0, 0, 3;
    %store/vec4 v0x7ff0c7029800_0, 0, 3;
    %pushi/vec4 7, 0, 3;
    %store/vec4 v0x7ff0c7029a10_0, 0, 3;
T_16.60 ;
    %pushi/vec4 5, 0, 3;
    %store/vec4 v0x7ff0c702a3e0_0, 0, 3;
    %pushi/vec4 1, 0, 1;
    %store/vec4 v0x7ff0c70284d0_0, 0, 1;
    %pushi/vec4 0, 0, 1;
    %store/vec4 v0x7ff0c7028390_0, 0, 1;
    %jmp T_16.57;
T_16.56 ;
    %load/vec4 v0x7ff0c7029260_0;
    %load/vec4 v0x7ff0c70298b0_0;
    %cmp/u;
    %flag_get/vec4 5;
    %jmp/0 T_16.63, 5;
    %load/vec4 v0x7ff0c7028140_0;
    %and;
T_16.63;
    %flag_set/vec4 8;
    %jmp/0xz  T_16.61, 8;
    %pushi/vec4 1, 0, 1;
    %store/vec4 v0x7ff0c70284d0_0, 0, 1;
    %pushi/vec4 0, 0, 1;
    %store/vec4 v0x7ff0c7028390_0, 0, 1;
    %pushi/vec4 3, 0, 3;
    %store/vec4 v0x7ff0c702a3e0_0, 0, 3;
    %pushi/vec4 0, 0, 1;
    %store/vec4 v0x7ff0c70296c0_0, 0, 1;
    %jmp T_16.62;
T_16.61 ;
    %load/vec4 v0x7ff0c7029ac0_0;
    %load/vec4 v0x7ff0c7029260_0;
    %cmp/u;
    %flag_get/vec4 5;
    %jmp/0 T_16.66, 5;
    %load/vec4 v0x7ff0c70280a0_0;
    %and;
T_16.66;
    %flag_set/vec4 8;
    %jmp/0xz  T_16.64, 8;
    %pushi/vec4 0, 0, 1;
    %store/vec4 v0x7ff0c70284d0_0, 0, 1;
    %pushi/vec4 1, 0, 1;
    %store/vec4 v0x7ff0c7028390_0, 0, 1;
    %pushi/vec4 4, 0, 3;
    %store/vec4 v0x7ff0c702a3e0_0, 0, 3;
    %pushi/vec4 0, 0, 1;
    %store/vec4 v0x7ff0c70296c0_0, 0, 1;
T_16.64 ;
T_16.62 ;
T_16.57 ;
T_16.52 ;
T_16.48 ;
T_16.44 ;
T_16.41 ;
T_16.38 ;
    %jmp T_16.36;
T_16.30 ;
    %pushi/vec4 1, 0, 1;
    %store/vec4 v0x7ff0c70296c0_0, 0, 1;
    %pushi/vec4 1, 0, 1;
    %store/vec4 v0x7ff0c7028750_0, 0, 1;
    %load/vec4 v0x7ff0c7028610_0;
    %flag_set/vec4 8;
    %jmp/0xz  T_16.67, 8;
    %pushi/vec4 4, 0, 3;
    %store/vec4 v0x7ff0c7028980_0, 0, 3;
    %jmp T_16.68;
T_16.67 ;
    %load/vec4 v0x7ff0c7028a10_0;
    %cmpi/ne 0, 0, 3;
    %jmp/0xz  T_16.69, 4;
    %load/vec4 v0x7ff0c7028a10_0;
    %subi 1, 0, 3;
    %store/vec4 v0x7ff0c7028980_0, 0, 3;
T_16.69 ;
T_16.68 ;
    %load/vec4 v0x7ff0c70291c0_0;
    %flag_set/vec4 8;
    %jmp/0xz  T_16.71, 8;
    %pushi/vec4 0, 0, 1;
    %ix/getv 4, v0x7ff0c7029260_0;
    %store/vec4 v0x7ff0c702a0a0_0, 4, 1;
    %pushi/vec4 0, 0, 1;
    %ix/getv 4, v0x7ff0c7029260_0;
    %store/vec4 v0x7ff0c702a5e0_0, 4, 1;
    %load/vec4 v0x7ff0c702a0a0_0;
    %or/r;
    %flag_set/vec4 8;
    %jmp/0xz  T_16.73, 8;
    %alloc S_0x7ff0c7026d60;
    %load/vec4 v0x7ff0c702a0a0_0;
    %store/vec4 v0x7ff0c7027260_0, 0, 8;
    %callf/vec4 TD_elevator_controller_tb.dut.scan_highest_request, S_0x7ff0c7026d60;
    %free S_0x7ff0c7026d60;
    %store/vec4 v0x7ff0c7029800_0, 0, 3;
    %alloc S_0x7ff0c7027460;
    %load/vec4 v0x7ff0c702a0a0_0;
    %load/vec4 v0x7ff0c7024e60_0;
    %store/vec4 v0x7ff0c7027b80_0, 0, 1;
    %store/vec4 v0x7ff0c7027960_0, 0, 8;
    %callf/vec4 TD_elevator_controller_tb.dut.scan_lowest_request, S_0x7ff0c7027460;
    %free S_0x7ff0c7027460;
    %store/vec4 v0x7ff0c7029a10_0, 0, 3;
    %jmp T_16.74;
T_16.73 ;
    %pushi/vec4 0, 0, 3;
    %store/vec4 v0x7ff0c7029800_0, 0, 3;
    %pushi/vec4 7, 0, 3;
    %store/vec4 v0x7ff0c7029a10_0, 0, 3;
T_16.74 ;
    %pushi/vec4 4, 0, 3;
    %store/vec4 v0x7ff0c7028980_0, 0, 3;
    %jmp T_16.72;
T_16.71 ;
    %load/vec4 v0x7ff0c7028a10_0;
    %cmpi/e 1, 0, 3;
    %flag_get/vec4 4;
    %jmp/0 T_16.77, 4;
    %load/vec4 v0x7ff0c7028610_0;
    %nor/r;
    %and;
T_16.77;
    %flag_set/vec4 8;
    %jmp/0xz  T_16.75, 8;
    %pushi/vec4 1, 0, 3;
    %store/vec4 v0x7ff0c702a3e0_0, 0, 3;
    %pushi/vec4 0, 0, 1;
    %store/vec4 v0x7ff0c7028750_0, 0, 1;
    %pushi/vec4 0, 0, 3;
    %store/vec4 v0x7ff0c7028980_0, 0, 3;
T_16.75 ;
T_16.72 ;
    %jmp T_16.36;
T_16.31 ;
    %pushi/vec4 0, 0, 1;
    %store/vec4 v0x7ff0c70296c0_0, 0, 1;
    %pushi/vec4 0, 0, 1;
    %store/vec4 v0x7ff0c7028750_0, 0, 1;
    %load/vec4 v0x7ff0c70291c0_0;
    %flag_set/vec4 8;
    %jmp/0xz  T_16.78, 8;
    %pushi/vec4 2, 0, 3;
    %store/vec4 v0x7ff0c702a3e0_0, 0, 3;
    %pushi/vec4 1, 0, 1;
    %store/vec4 v0x7ff0c7028750_0, 0, 1;
    %pushi/vec4 1, 0, 1;
    %store/vec4 v0x7ff0c70296c0_0, 0, 1;
    %pushi/vec4 0, 0, 1;
    %ix/getv 4, v0x7ff0c7029260_0;
    %store/vec4 v0x7ff0c702a0a0_0, 4, 1;
    %pushi/vec4 0, 0, 1;
    %ix/getv 4, v0x7ff0c7029260_0;
    %store/vec4 v0x7ff0c702a5e0_0, 4, 1;
    %load/vec4 v0x7ff0c702a0a0_0;
    %or/r;
    %flag_set/vec4 8;
    %jmp/0xz  T_16.80, 8;
    %alloc S_0x7ff0c7026d60;
    %load/vec4 v0x7ff0c702a0a0_0;
    %store/vec4 v0x7ff0c7027260_0, 0, 8;
    %callf/vec4 TD_elevator_controller_tb.dut.scan_highest_request, S_0x7ff0c7026d60;
    %free S_0x7ff0c7026d60;
    %store/vec4 v0x7ff0c7029800_0, 0, 3;
    %alloc S_0x7ff0c7027460;
    %load/vec4 v0x7ff0c702a0a0_0;
    %load/vec4 v0x7ff0c7024e60_0;
    %store/vec4 v0x7ff0c7027b80_0, 0, 1;
    %store/vec4 v0x7ff0c7027960_0, 0, 8;
    %callf/vec4 TD_elevator_controller_tb.dut.scan_lowest_request, S_0x7ff0c7027460;
    %free S_0x7ff0c7027460;
    %store/vec4 v0x7ff0c7029a10_0, 0, 3;
    %jmp T_16.81;
T_16.80 ;
    %pushi/vec4 0, 0, 3;
    %store/vec4 v0x7ff0c7029800_0, 0, 3;
    %pushi/vec4 7, 0, 3;
    %store/vec4 v0x7ff0c7029a10_0, 0, 3;
T_16.81 ;
    %pushi/vec4 4, 0, 3;
    %store/vec4 v0x7ff0c7028980_0, 0, 3;
    %jmp T_16.79;
T_16.78 ;
    %load/vec4 v0x7ff0c7028140_0;
    %flag_set/vec4 8;
    %jmp/0xz  T_16.82, 8;
    %load/vec4 v0x7ff0c7029260_0;
    %addi 1, 0, 3;
    %store/vec4 v0x7ff0c7029110_0, 0, 3;
    %jmp T_16.83;
T_16.82 ;
    %load/vec4 v0x7ff0c702a0a0_0;
    %load/vec4 v0x7ff0c702a5e0_0;
    %or;
    %store/vec4 v0x7ff0c702a0a0_0, 0, 8;
    %pushi/vec4 0, 0, 8;
    %store/vec4 v0x7ff0c702a5e0_0, 0, 8;
    %load/vec4 v0x7ff0c702a0a0_0;
    %or/r;
    %flag_set/vec4 8;
    %jmp/0xz  T_16.84, 8;
    %alloc S_0x7ff0c7026d60;
    %load/vec4 v0x7ff0c702a0a0_0;
    %store/vec4 v0x7ff0c7027260_0, 0, 8;
    %callf/vec4 TD_elevator_controller_tb.dut.scan_highest_request, S_0x7ff0c7026d60;
    %free S_0x7ff0c7026d60;
    %store/vec4 v0x7ff0c7029800_0, 0, 3;
    %alloc S_0x7ff0c7027460;
    %load/vec4 v0x7ff0c702a0a0_0;
    %load/vec4 v0x7ff0c7024e60_0;
    %store/vec4 v0x7ff0c7027b80_0, 0, 1;
    %store/vec4 v0x7ff0c7027960_0, 0, 8;
    %callf/vec4 TD_elevator_controller_tb.dut.scan_lowest_request, S_0x7ff0c7027460;
    %free S_0x7ff0c7027460;
    %store/vec4 v0x7ff0c7029a10_0, 0, 3;
    %jmp T_16.85;
T_16.84 ;
    %pushi/vec4 0, 0, 3;
    %store/vec4 v0x7ff0c7029800_0, 0, 3;
    %pushi/vec4 7, 0, 3;
    %store/vec4 v0x7ff0c7029a10_0, 0, 3;
T_16.85 ;
    %pushi/vec4 1, 0, 3;
    %store/vec4 v0x7ff0c702a3e0_0, 0, 3;
    %pushi/vec4 1, 0, 1;
    %store/vec4 v0x7ff0c70296c0_0, 0, 1;
    %pushi/vec4 0, 0, 1;
    %store/vec4 v0x7ff0c70284d0_0, 0, 1;
    %pushi/vec4 1, 0, 1;
    %store/vec4 v0x7ff0c7028390_0, 0, 1;
T_16.83 ;
T_16.79 ;
    %jmp T_16.36;
T_16.32 ;
    %pushi/vec4 0, 0, 1;
    %store/vec4 v0x7ff0c70296c0_0, 0, 1;
    %pushi/vec4 0, 0, 1;
    %store/vec4 v0x7ff0c7028750_0, 0, 1;
    %load/vec4 v0x7ff0c70291c0_0;
    %flag_set/vec4 8;
    %jmp/0xz  T_16.86, 8;
    %pushi/vec4 2, 0, 3;
    %store/vec4 v0x7ff0c702a3e0_0, 0, 3;
    %pushi/vec4 1, 0, 1;
    %store/vec4 v0x7ff0c7028750_0, 0, 1;
    %pushi/vec4 1, 0, 1;
    %store/vec4 v0x7ff0c70296c0_0, 0, 1;
    %pushi/vec4 0, 0, 1;
    %ix/getv 4, v0x7ff0c7029260_0;
    %store/vec4 v0x7ff0c702a0a0_0, 4, 1;
    %pushi/vec4 0, 0, 1;
    %ix/getv 4, v0x7ff0c7029260_0;
    %store/vec4 v0x7ff0c702a5e0_0, 4, 1;
    %load/vec4 v0x7ff0c702a0a0_0;
    %or/r;
    %flag_set/vec4 8;
    %jmp/0xz  T_16.88, 8;
    %alloc S_0x7ff0c7026d60;
    %load/vec4 v0x7ff0c702a0a0_0;
    %store/vec4 v0x7ff0c7027260_0, 0, 8;
    %callf/vec4 TD_elevator_controller_tb.dut.scan_highest_request, S_0x7ff0c7026d60;
    %free S_0x7ff0c7026d60;
    %store/vec4 v0x7ff0c7029800_0, 0, 3;
    %alloc S_0x7ff0c7027460;
    %load/vec4 v0x7ff0c702a0a0_0;
    %load/vec4 v0x7ff0c7024e60_0;
    %store/vec4 v0x7ff0c7027b80_0, 0, 1;
    %store/vec4 v0x7ff0c7027960_0, 0, 8;
    %callf/vec4 TD_elevator_controller_tb.dut.scan_lowest_request, S_0x7ff0c7027460;
    %free S_0x7ff0c7027460;
    %store/vec4 v0x7ff0c7029a10_0, 0, 3;
    %jmp T_16.89;
T_16.88 ;
    %pushi/vec4 0, 0, 3;
    %store/vec4 v0x7ff0c7029800_0, 0, 3;
    %pushi/vec4 7, 0, 3;
    %store/vec4 v0x7ff0c7029a10_0, 0, 3;
T_16.89 ;
    %pushi/vec4 4, 0, 3;
    %store/vec4 v0x7ff0c7028980_0, 0, 3;
    %jmp T_16.87;
T_16.86 ;
    %load/vec4 v0x7ff0c70280a0_0;
    %flag_set/vec4 8;
    %jmp/0xz  T_16.90, 8;
    %load/vec4 v0x7ff0c7029260_0;
    %subi 1, 0, 3;
    %store/vec4 v0x7ff0c7029110_0, 0, 3;
    %jmp T_16.91;
T_16.90 ;
    %load/vec4 v0x7ff0c702a0a0_0;
    %load/vec4 v0x7ff0c702a5e0_0;
    %or;
    %store/vec4 v0x7ff0c702a0a0_0, 0, 8;
    %pushi/vec4 0, 0, 8;
    %store/vec4 v0x7ff0c702a5e0_0, 0, 8;
    %load/vec4 v0x7ff0c702a0a0_0;
    %or/r;
    %flag_set/vec4 8;
    %jmp/0xz  T_16.92, 8;
    %alloc S_0x7ff0c7026d60;
    %load/vec4 v0x7ff0c702a0a0_0;
    %store/vec4 v0x7ff0c7027260_0, 0, 8;
    %callf/vec4 TD_elevator_controller_tb.dut.scan_highest_request, S_0x7ff0c7026d60;
    %free S_0x7ff0c7026d60;
    %store/vec4 v0x7ff0c7029800_0, 0, 3;
    %alloc S_0x7ff0c7027460;
    %load/vec4 v0x7ff0c702a0a0_0;
    %load/vec4 v0x7ff0c7024e60_0;
    %store/vec4 v0x7ff0c7027b80_0, 0, 1;
    %store/vec4 v0x7ff0c7027960_0, 0, 8;
    %callf/vec4 TD_elevator_controller_tb.dut.scan_lowest_request, S_0x7ff0c7027460;
    %free S_0x7ff0c7027460;
    %store/vec4 v0x7ff0c7029a10_0, 0, 3;
    %jmp T_16.93;
T_16.92 ;
    %pushi/vec4 0, 0, 3;
    %store/vec4 v0x7ff0c7029800_0, 0, 3;
    %pushi/vec4 7, 0, 3;
    %store/vec4 v0x7ff0c7029a10_0, 0, 3;
T_16.93 ;
    %pushi/vec4 1, 0, 3;
    %store/vec4 v0x7ff0c702a3e0_0, 0, 3;
    %pushi/vec4 1, 0, 1;
    %store/vec4 v0x7ff0c70296c0_0, 0, 1;
    %pushi/vec4 1, 0, 1;
    %store/vec4 v0x7ff0c70284d0_0, 0, 1;
    %pushi/vec4 0, 0, 1;
    %store/vec4 v0x7ff0c7028390_0, 0, 1;
T_16.91 ;
T_16.87 ;
    %jmp T_16.36;
T_16.33 ;
    %pushi/vec4 1, 0, 1;
    %store/vec4 v0x7ff0c70284d0_0, 0, 1;
    %pushi/vec4 0, 0, 1;
    %store/vec4 v0x7ff0c7028390_0, 0, 1;
    %pushi/vec4 2, 0, 3;
    %store/vec4 v0x7ff0c702a3e0_0, 0, 3;
    %pushi/vec4 1, 0, 1;
    %store/vec4 v0x7ff0c7028750_0, 0, 1;
    %pushi/vec4 1, 0, 1;
    %store/vec4 v0x7ff0c70296c0_0, 0, 1;
    %load/vec4 v0x7ff0c70291c0_0;
    %flag_set/vec4 8;
    %jmp/0xz  T_16.94, 8;
    %pushi/vec4 0, 0, 1;
    %ix/getv 4, v0x7ff0c7029260_0;
    %store/vec4 v0x7ff0c702a0a0_0, 4, 1;
    %pushi/vec4 0, 0, 1;
    %ix/getv 4, v0x7ff0c7029260_0;
    %store/vec4 v0x7ff0c702a5e0_0, 4, 1;
    %load/vec4 v0x7ff0c702a0a0_0;
    %or/r;
    %flag_set/vec4 8;
    %jmp/0xz  T_16.96, 8;
    %alloc S_0x7ff0c7026d60;
    %load/vec4 v0x7ff0c702a0a0_0;
    %store/vec4 v0x7ff0c7027260_0, 0, 8;
    %callf/vec4 TD_elevator_controller_tb.dut.scan_highest_request, S_0x7ff0c7026d60;
    %free S_0x7ff0c7026d60;
    %store/vec4 v0x7ff0c7029800_0, 0, 3;
    %alloc S_0x7ff0c7027460;
    %load/vec4 v0x7ff0c702a0a0_0;
    %load/vec4 v0x7ff0c7024e60_0;
    %store/vec4 v0x7ff0c7027b80_0, 0, 1;
    %store/vec4 v0x7ff0c7027960_0, 0, 8;
    %callf/vec4 TD_elevator_controller_tb.dut.scan_lowest_request, S_0x7ff0c7027460;
    %free S_0x7ff0c7027460;
    %store/vec4 v0x7ff0c7029a10_0, 0, 3;
    %jmp T_16.97;
T_16.96 ;
    %pushi/vec4 0, 0, 3;
    %store/vec4 v0x7ff0c7029800_0, 0, 3;
    %pushi/vec4 7, 0, 3;
    %store/vec4 v0x7ff0c7029a10_0, 0, 3;
T_16.97 ;
T_16.94 ;
    %pushi/vec4 4, 0, 3;
    %store/vec4 v0x7ff0c7028980_0, 0, 3;
    %jmp T_16.36;
T_16.34 ;
    %pushi/vec4 0, 0, 1;
    %store/vec4 v0x7ff0c70284d0_0, 0, 1;
    %pushi/vec4 1, 0, 1;
    %store/vec4 v0x7ff0c7028390_0, 0, 1;
    %pushi/vec4 2, 0, 3;
    %store/vec4 v0x7ff0c702a3e0_0, 0, 3;
    %pushi/vec4 1, 0, 1;
    %store/vec4 v0x7ff0c7028750_0, 0, 1;
    %pushi/vec4 1, 0, 1;
    %store/vec4 v0x7ff0c70296c0_0, 0, 1;
    %load/vec4 v0x7ff0c70291c0_0;
    %flag_set/vec4 8;
    %jmp/0xz  T_16.98, 8;
    %pushi/vec4 0, 0, 1;
    %ix/getv 4, v0x7ff0c7029260_0;
    %store/vec4 v0x7ff0c702a0a0_0, 4, 1;
    %pushi/vec4 0, 0, 1;
    %ix/getv 4, v0x7ff0c7029260_0;
    %store/vec4 v0x7ff0c702a5e0_0, 4, 1;
    %load/vec4 v0x7ff0c702a0a0_0;
    %or/r;
    %flag_set/vec4 8;
    %jmp/0xz  T_16.100, 8;
    %alloc S_0x7ff0c7026d60;
    %load/vec4 v0x7ff0c702a0a0_0;
    %store/vec4 v0x7ff0c7027260_0, 0, 8;
    %callf/vec4 TD_elevator_controller_tb.dut.scan_highest_request, S_0x7ff0c7026d60;
    %free S_0x7ff0c7026d60;
    %store/vec4 v0x7ff0c7029800_0, 0, 3;
    %alloc S_0x7ff0c7027460;
    %load/vec4 v0x7ff0c702a0a0_0;
    %load/vec4 v0x7ff0c7024e60_0;
    %store/vec4 v0x7ff0c7027b80_0, 0, 1;
    %store/vec4 v0x7ff0c7027960_0, 0, 8;
    %callf/vec4 TD_elevator_controller_tb.dut.scan_lowest_request, S_0x7ff0c7027460;
    %free S_0x7ff0c7027460;
    %store/vec4 v0x7ff0c7029a10_0, 0, 3;
    %jmp T_16.101;
T_16.100 ;
    %pushi/vec4 0, 0, 3;
    %store/vec4 v0x7ff0c7029800_0, 0, 3;
    %pushi/vec4 7, 0, 3;
    %store/vec4 v0x7ff0c7029a10_0, 0, 3;
T_16.101 ;
T_16.98 ;
    %pushi/vec4 4, 0, 3;
    %store/vec4 v0x7ff0c7028980_0, 0, 3;
    %jmp T_16.36;
T_16.36 ;
    %pop/vec4 1;
T_16.26 ;
T_16.22 ;
T_16.20 ;
    %end;
    .scope S_0x7ff0c7023cd0;
t_16 %join;
    %jmp T_16;
    .thread T_16, $push;
    .scope S_0x7ff0c7023cd0;
T_17 ;
    %wait E_0x7ff0c7024690;
    %load/vec4 v0x7ff0c702a200_0;
    %flag_set/vec4 8;
    %jmp/0xz  T_17.0, 8;
    %pushi/vec4 0, 0, 3;
    %assign/vec4 v0x7ff0c702a490_0, 0;
    %pushi/vec4 0, 0, 8;
    %assign/vec4 v0x7ff0c702a150_0, 0;
    %pushi/vec4 0, 0, 8;
    %assign/vec4 v0x7ff0c702a740_0, 0;
    %pushi/vec4 0, 0, 3;
    %assign/vec4 v0x7ff0c70298b0_0, 0;
    %pushi/vec4 7, 0, 3;
    %assign/vec4 v0x7ff0c7029ac0_0, 0;
    %pushi/vec4 0, 0, 3;
    %assign/vec4 v0x7ff0c7029260_0, 0;
    %pushi/vec4 1, 0, 1;
    %assign/vec4 v0x7ff0c7028570_0, 0;
    %pushi/vec4 0, 0, 1;
    %assign/vec4 v0x7ff0c7028430_0, 0;
    %pushi/vec4 0, 0, 1;
    %assign/vec4 v0x7ff0c70287f0_0, 0;
    %pushi/vec4 1, 0, 1;
    %assign/vec4 v0x7ff0c7029760_0, 0;
    %pushi/vec4 0, 0, 3;
    %assign/vec4 v0x7ff0c7028a10_0, 0;
    %pushi/vec4 0, 0, 1;
    %assign/vec4 v0x7ff0c7028bf0_0, 0;
    %pushi/vec4 1, 0, 1;
    %assign/vec4 v0x7ff0c7028f10_0, 0;
    %pushi/vec4 0, 0, 1;
    %assign/vec4 v0x7ff0c7028dd0_0, 0;
    %pushi/vec4 1, 0, 3;
    %assign/vec4 v0x7ff0c7029060_0, 0;
    %jmp T_17.1;
T_17.0 ;
    %load/vec4 v0x7ff0c702a3e0_0;
    %assign/vec4 v0x7ff0c702a490_0, 0;
    %load/vec4 v0x7ff0c702a0a0_0;
    %assign/vec4 v0x7ff0c702a150_0, 0;
    %load/vec4 v0x7ff0c702a5e0_0;
    %assign/vec4 v0x7ff0c702a740_0, 0;
    %load/vec4 v0x7ff0c7029800_0;
    %assign/vec4 v0x7ff0c70298b0_0, 0;
    %load/vec4 v0x7ff0c7029a10_0;
    %assign/vec4 v0x7ff0c7029ac0_0, 0;
    %load/vec4 v0x7ff0c7029110_0;
    %assign/vec4 v0x7ff0c7029260_0, 0;
    %load/vec4 v0x7ff0c70284d0_0;
    %assign/vec4 v0x7ff0c7028570_0, 0;
    %load/vec4 v0x7ff0c7028390_0;
    %assign/vec4 v0x7ff0c7028430_0, 0;
    %load/vec4 v0x7ff0c7028750_0;
    %assign/vec4 v0x7ff0c70287f0_0, 0;
    %load/vec4 v0x7ff0c70296c0_0;
    %assign/vec4 v0x7ff0c7029760_0, 0;
    %load/vec4 v0x7ff0c7028980_0;
    %assign/vec4 v0x7ff0c7028a10_0, 0;
    %load/vec4 v0x7ff0c7028b50_0;
    %assign/vec4 v0x7ff0c7028bf0_0, 0;
    %load/vec4 v0x7ff0c7028e70_0;
    %assign/vec4 v0x7ff0c7028f10_0, 0;
    %load/vec4 v0x7ff0c7028d30_0;
    %assign/vec4 v0x7ff0c7028dd0_0, 0;
    %load/vec4 v0x7ff0c7028fb0_0;
    %assign/vec4 v0x7ff0c7029060_0, 0;
T_17.1 ;
    %jmp T_17;
    .thread T_17;
    .scope S_0x7ff0c700bbb0;
T_18 ;
    %pushi/vec4 0, 0, 1;
    %store/vec4 v0x7ff0c702ae50_0, 0, 1;
    %pushi/vec4 1, 0, 1;
    %store/vec4 v0x7ff0c702bc60_0, 0, 1;
    %pushi/vec4 0, 0, 1;
    %store/vec4 v0x7ff0c702bbd0_0, 0, 1;
    %pushi/vec4 0, 0, 3;
    %store/vec4 v0x7ff0c702bab0_0, 0, 3;
    %pushi/vec4 1, 0, 1;
    %store/vec4 v0x7ff0c702ba20_0, 0, 1;
    %pushi/vec4 0, 0, 1;
    %store/vec4 v0x7ff0c702bb40_0, 0, 1;
    %pushi/vec4 0, 0, 8;
    %store/vec4 v0x7ff0c702ada0_0, 0, 8;
    %pushi/vec4 0, 0, 8;
    %store/vec4 v0x7ff0c702b470_0, 0, 8;
    %pushi/vec4 0, 0, 8;
    %store/vec4 v0x7ff0c702b3e0_0, 0, 8;
    %pushi/vec4 0, 0, 1;
    %store/vec4 v0x7ff0c702b150_0, 0, 1;
    %pushi/vec4 0, 0, 1;
    %store/vec4 v0x7ff0c702afd0_0, 0, 1;
    %pushi/vec4 0, 0, 1;
    %store/vec4 v0x7ff0c702be70_0, 0, 1;
    %pushi/vec4 0, 0, 1;
    %store/vec4 v0x7ff0c702acf0_0, 0, 1;
    %delay 20000, 0;
    %pushi/vec4 0, 0, 1;
    %store/vec4 v0x7ff0c702bc60_0, 0, 1;
    %alloc S_0x7ff0c702aa60;
    %pushi/vec4 1, 0, 3;
    %store/vec4 v0x7ff0c702abd0_0, 0, 3;
    %pushi/vec4 1, 0, 1;
    %store/vec4 v0x7ff0c7024280_0, 0, 1;
    %pushi/vec4 0, 0, 1;
    %store/vec4 v0x7ff0c702ac60_0, 0, 1;
    %fork TD_elevator_controller_tb.pulse_request, S_0x7ff0c702aa60;
    %join;
    %free S_0x7ff0c702aa60;
    %pushi/vec4 20, 0, 32;
T_18.0 %dup/vec4;
    %cmpi/s 0, 0, 32;
    %jmp/1xz T_18.1, 5;
    %jmp/1 T_18.1, 4;
    %subi 1, 0, 32;
    %wait E_0x7ff0c7023c80;
    %jmp T_18.0;
T_18.1 ;
    %pop/vec4 1;
    %alloc S_0x7ff0c702aa60;
    %pushi/vec4 4, 0, 3;
    %store/vec4 v0x7ff0c702abd0_0, 0, 3;
    %pushi/vec4 1, 0, 1;
    %store/vec4 v0x7ff0c7024280_0, 0, 1;
    %pushi/vec4 0, 0, 1;
    %store/vec4 v0x7ff0c702ac60_0, 0, 1;
    %fork TD_elevator_controller_tb.pulse_request, S_0x7ff0c702aa60;
    %join;
    %free S_0x7ff0c702aa60;
    %pushi/vec4 10, 0, 32;
T_18.2 %dup/vec4;
    %cmpi/s 0, 0, 32;
    %jmp/1xz T_18.3, 5;
    %jmp/1 T_18.3, 4;
    %subi 1, 0, 32;
    %wait E_0x7ff0c7023c80;
    %jmp T_18.2;
T_18.3 ;
    %pop/vec4 1;
    %alloc S_0x7ff0c702aa60;
    %pushi/vec4 3, 0, 3;
    %store/vec4 v0x7ff0c702abd0_0, 0, 3;
    %pushi/vec4 1, 0, 1;
    %store/vec4 v0x7ff0c7024280_0, 0, 1;
    %pushi/vec4 0, 0, 1;
    %store/vec4 v0x7ff0c702ac60_0, 0, 1;
    %fork TD_elevator_controller_tb.pulse_request, S_0x7ff0c702aa60;
    %join;
    %free S_0x7ff0c702aa60;
    %pushi/vec4 10, 0, 32;
T_18.4 %dup/vec4;
    %cmpi/s 0, 0, 32;
    %jmp/1xz T_18.5, 5;
    %jmp/1 T_18.5, 4;
    %subi 1, 0, 32;
    %wait E_0x7ff0c7023c80;
    %jmp T_18.4;
T_18.5 ;
    %pop/vec4 1;
    %alloc S_0x7ff0c702aa60;
    %pushi/vec4 7, 0, 3;
    %store/vec4 v0x7ff0c702abd0_0, 0, 3;
    %pushi/vec4 1, 0, 1;
    %store/vec4 v0x7ff0c7024280_0, 0, 1;
    %pushi/vec4 0, 0, 1;
    %store/vec4 v0x7ff0c702ac60_0, 0, 1;
    %fork TD_elevator_controller_tb.pulse_request, S_0x7ff0c702aa60;
    %join;
    %free S_0x7ff0c702aa60;
    %pushi/vec4 10, 0, 32;
T_18.6 %dup/vec4;
    %cmpi/s 0, 0, 32;
    %jmp/1xz T_18.7, 5;
    %jmp/1 T_18.7, 4;
    %subi 1, 0, 32;
    %wait E_0x7ff0c7023c80;
    %jmp T_18.6;
T_18.7 ;
    %pop/vec4 1;
    %pushi/vec4 1, 0, 1;
    %store/vec4 v0x7ff0c702b150_0, 0, 1;
    %pushi/vec4 4, 0, 32;
T_18.8 %dup/vec4;
    %cmpi/s 0, 0, 32;
    %jmp/1xz T_18.9, 5;
    %jmp/1 T_18.9, 4;
    %subi 1, 0, 32;
    %wait E_0x7ff0c7023c80;
    %jmp T_18.8;
T_18.9 ;
    %pop/vec4 1;
    %pushi/vec4 0, 0, 1;
    %store/vec4 v0x7ff0c702b150_0, 0, 1;
    %pushi/vec4 10, 0, 32;
T_18.10 %dup/vec4;
    %cmpi/s 0, 0, 32;
    %jmp/1xz T_18.11, 5;
    %jmp/1 T_18.11, 4;
    %subi 1, 0, 32;
    %wait E_0x7ff0c7023c80;
    %jmp T_18.10;
T_18.11 ;
    %pop/vec4 1;
    %alloc S_0x7ff0c702aa60;
    %pushi/vec4 2, 0, 3;
    %store/vec4 v0x7ff0c702abd0_0, 0, 3;
    %pushi/vec4 1, 0, 1;
    %store/vec4 v0x7ff0c7024280_0, 0, 1;
    %pushi/vec4 0, 0, 1;
    %store/vec4 v0x7ff0c702ac60_0, 0, 1;
    %fork TD_elevator_controller_tb.pulse_request, S_0x7ff0c702aa60;
    %join;
    %free S_0x7ff0c702aa60;
    %pushi/vec4 30, 0, 32;
T_18.12 %dup/vec4;
    %cmpi/s 0, 0, 32;
    %jmp/1xz T_18.13, 5;
    %jmp/1 T_18.13, 4;
    %subi 1, 0, 32;
    %wait E_0x7ff0c7023c80;
    %jmp T_18.12;
T_18.13 ;
    %pop/vec4 1;
    %vpi_call/w 4 111 "$display", "Simulation finished at floor %0d, requests=%b", v0x7ff0c702af20_0, v0x7ff0c702b870_0 {0 0 0};
    %vpi_call/w 4 112 "$finish" {0 0 0};
    %end;
    .thread T_18;
    .scope S_0x7ff0c700bbb0;
T_19 ;
    %vpi_call/w 4 116 "$monitor", "t=%0t floor=%0d state=%0d idle=%b up=%b down=%b door=%b req=%b max=%0d min=%0d", $time, v0x7ff0c702af20_0, v0x7ff0c702b2b0_0, v0x7ff0c702b500_0, v0x7ff0c702b7c0_0, v0x7ff0c702b710_0, v0x7ff0c702b0a0_0, v0x7ff0c702b870_0, v0x7ff0c702b5b0_0, v0x7ff0c702b660_0 {0 0 0};
    %end;
    .thread T_19;
    .scope S_0x7ff0c700bbb0;
T_20 ;
    %delay 5000, 0;
    %load/vec4 v0x7ff0c702ae50_0;
    %inv;
    %store/vec4 v0x7ff0c702ae50_0, 0, 1;
    %jmp T_20;
    .thread T_20;
    .scope S_0x7ff0c700bbb0;
T_21 ;
Ewait_2 .event/or E_0x7ff0c7023c20, E_0x0;
    %wait Ewait_2;
    %load/vec4 v0x7ff0c702af20_0;
    %pushi/vec4 7, 0, 3;
    %cmp/e;
    %flag_get/vec4 4;
    %store/vec4 v0x7ff0c702be70_0, 0, 1;
    %load/vec4 v0x7ff0c702af20_0;
    %pushi/vec4 0, 0, 3;
    %cmp/e;
    %flag_get/vec4 4;
    %store/vec4 v0x7ff0c702acf0_0, 0, 1;
    %jmp T_21;
    .thread T_21, $push;
# The file index is used to find the file name in the following table.
:file_names 5;
    "N/A";
    "<interactive>";
    "-";
    "elevator_controller.sv";
    "../golden/elevator_controller_tb.sv";
