#! /usr/local/Cellar/icarus-verilog/13.0/bin/vvp
:ivl_version "13.0 (stable)" "(v13_0)";
:ivl_delay_selection "TYPICAL";
:vpi_time_precision - 12;
:vpi_module "/usr/local/Cellar/icarus-verilog/13.0/lib/ivl/system.vpi";
:vpi_module "/usr/local/Cellar/icarus-verilog/13.0/lib/ivl/vhdl_sys.vpi";
:vpi_module "/usr/local/Cellar/icarus-verilog/13.0/lib/ivl/vhdl_textio.vpi";
:vpi_module "/usr/local/Cellar/icarus-verilog/13.0/lib/ivl/v2005_math.vpi";
:vpi_module "/usr/local/Cellar/icarus-verilog/13.0/lib/ivl/va_math.vpi";
:vpi_module "/usr/local/Cellar/icarus-verilog/13.0/lib/ivl/v2009.vpi";
S_0x7f77b409c380 .scope package, "$unit" "$unit" 2 1;
 .timescale 0 0;
S_0x7f77b409bc80 .scope module, "Lift8" "Lift8" 3 517;
 .timescale -9 -12;
    .port_info 0 /INPUT 1 "clk";
    .port_info 1 /INPUT 1 "reset";
    .port_info 2 /INPUT 3 "req_floor";
    .port_info 3 /OUTPUT 2 "idle";
    .port_info 4 /OUTPUT 2 "door";
    .port_info 5 /OUTPUT 2 "Up";
    .port_info 6 /OUTPUT 2 "Down";
    .port_info 7 /OUTPUT 3 "current_floor";
    .port_info 8 /OUTPUT 8 "requests";
    .port_info 9 /OUTPUT 3 "max_request";
    .port_info 10 /OUTPUT 3 "min_request";
    .port_info 11 /INPUT 1 "emergency_stop";
L_0x7f77b4348560 .functor AND 1, L_0x7f77b4348330, L_0x7f77b4348460, C4<1>, C4<1>;
L_0x7f77b4349310 .functor BUFZ 3, v0x7f77b40be930_0, C4<000>, C4<000>, C4<000>;
v0x7f77b40bff10_0 .net "Down", 1 0, L_0x7f77b4349a50;  1 drivers
v0x7f77b40bffa0_0 .net "Up", 1 0, L_0x7f77b43498f0;  1 drivers
v0x7f77b403cf00_0 .net *"_ivl_0", 0 0, L_0x7f77b4348330;  1 drivers
L_0x7f77b4273248 .functor BUFT 1, C4<111>, C4<0>, C4<0>, C4<0>;
v0x7f77b40c0030_0 .net/2u *"_ivl_20", 2 0, L_0x7f77b4273248;  1 drivers
L_0x7f77b4273290 .functor BUFT 1, C4<000>, C4<0>, C4<0>, C4<0>;
v0x7f77b40c00c0_0 .net/2u *"_ivl_24", 2 0, L_0x7f77b4273290;  1 drivers
L_0x7f77b42732d8 .functor BUFT 1, C4<0>, C4<0>, C4<0>, C4<0>;
v0x7f77b40c0190_0 .net/2u *"_ivl_28", 0 0, L_0x7f77b42732d8;  1 drivers
v0x7f77b40c0230_0 .net *"_ivl_3", 0 0, L_0x7f77b4348460;  1 drivers
L_0x7f77b4273320 .functor BUFT 1, C4<0>, C4<0>, C4<0>, C4<0>;
v0x7f77b40c02d0_0 .net/2u *"_ivl_32", 0 0, L_0x7f77b4273320;  1 drivers
L_0x7f77b4273368 .functor BUFT 1, C4<0>, C4<0>, C4<0>, C4<0>;
v0x7f77b40c0380_0 .net/2u *"_ivl_36", 0 0, L_0x7f77b4273368;  1 drivers
L_0x7f77b42733b0 .functor BUFT 1, C4<0>, C4<0>, C4<0>, C4<0>;
v0x7f77b40c0490_0 .net/2u *"_ivl_40", 0 0, L_0x7f77b42733b0;  1 drivers
v0x7f77b40c0540_0 .net "bottom_limit_i", 0 0, L_0x7f77b4349580;  1 drivers
o0x7f77b4242818 .functor BUFZ 1, c4<z>; HiZ drive
v0x7f77b40c05f0_0 .net "clk", 0 0, o0x7f77b4242818;  0 drivers
v0x7f77b40c0680_0 .net "cur_floor", 2 0, v0x7f77b40be930_0;  1 drivers
v0x7f77b40c0710_0 .net "current_floor", 2 0, L_0x7f77b4349310;  1 drivers
v0x7f77b40c07a0_0 .net "door", 1 0, L_0x7f77b43497f0;  1 drivers
v0x7f77b40c0850_0 .net "door_open", 0 0, v0x7f77b40bdec0_0;  1 drivers
o0x7f77b4242a58 .functor BUFZ 1, c4<z>; HiZ drive
v0x7f77b40c0900_0 .net "emergency_stop", 0 0, o0x7f77b4242a58;  0 drivers
v0x7f77b40c0ab0_0 .net "estop_latched", 0 0, L_0x7f77b43490a0;  1 drivers
v0x7f77b40c0b40_0 .net "fsm_state", 2 0, L_0x7f77b43491c0;  1 drivers
v0x7f77b40c0bd0_0 .net "idle", 1 0, L_0x7f77b43496a0;  1 drivers
v0x7f77b40c0c60_0 .net "idle_o", 0 0, v0x7f77b40bee30_0;  1 drivers
v0x7f77b40c0cf0_0 .net "max_request", 2 0, L_0x7f77b4348770;  1 drivers
v0x7f77b40c0d80_0 .net "min_request", 2 0, L_0x7f77b4348850;  1 drivers
v0x7f77b40c0e30_0 .net "moving_down", 0 0, L_0x7f77b4348d80;  1 drivers
v0x7f77b40c0ee0_0 .net "moving_up", 0 0, L_0x7f77b4348c20;  1 drivers
o0x7f77b4242fc8 .functor BUFZ 3, c4<zzz>; HiZ drive
v0x7f77b40c0f90_0 .net "req_floor", 2 0, o0x7f77b4242fc8;  0 drivers
v0x7f77b40c1040_0 .var "req_floor_q", 2 0;
v0x7f77b40c10d0_0 .net "req_valid", 0 0, L_0x7f77b4348560;  1 drivers
v0x7f77b40c1180_0 .net "requests", 7 0, L_0x7f77b43486b0;  1 drivers
o0x7f77b42430b8 .functor BUFZ 1, c4<z>; HiZ drive
v0x7f77b40c1230_0 .net "reset", 0 0, o0x7f77b42430b8;  0 drivers
v0x7f77b40c12e0_0 .net "service_dir_down", 0 0, v0x7f77b40bdb00_0;  1 drivers
v0x7f77b40c1390_0 .net "service_dir_up", 0 0, v0x7f77b40bdc40_0;  1 drivers
v0x7f77b40c1440_0 .net "top_limit_i", 0 0, L_0x7f77b4349440;  1 drivers
L_0x7f77b4348330 .cmp/ne 3, o0x7f77b4242fc8, v0x7f77b40c1040_0;
L_0x7f77b4348460 .reduce/nor o0x7f77b42430b8;
L_0x7f77b4349440 .cmp/eq 3, v0x7f77b40be930_0, L_0x7f77b4273248;
L_0x7f77b4349580 .cmp/eq 3, v0x7f77b40be930_0, L_0x7f77b4273290;
L_0x7f77b43496a0 .concat [ 1 1 0 0], v0x7f77b40bee30_0, L_0x7f77b42732d8;
L_0x7f77b43497f0 .concat [ 1 1 0 0], v0x7f77b40bdec0_0, L_0x7f77b4273320;
L_0x7f77b43498f0 .concat [ 1 1 0 0], v0x7f77b40bdc40_0, L_0x7f77b4273368;
L_0x7f77b4349a50 .concat [ 1 1 0 0], v0x7f77b40bdb00_0, L_0x7f77b42733b0;
S_0x7f77b409ae80 .scope module, "u_ctrl" "elevator_controller" 3 560, 3 8 0, S_0x7f77b409bc80;
 .timescale -9 -12;
    .port_info 0 /INPUT 1 "clk";
    .port_info 1 /INPUT 1 "reset";
    .port_info 2 /INPUT 1 "req_valid";
    .port_info 3 /INPUT 3 "req_floor";
    .port_info 4 /INPUT 1 "req_cabin";
    .port_info 5 /INPUT 1 "req_hall_up";
    .port_info 6 /INPUT 8 "cabin_buttons";
    .port_info 7 /INPUT 8 "hall_up_buttons";
    .port_info 8 /INPUT 8 "hall_down_buttons";
    .port_info 9 /INPUT 1 "emergency_stop";
    .port_info 10 /INPUT 1 "top_limit";
    .port_info 11 /INPUT 1 "bottom_limit";
    .port_info 12 /INPUT 1 "door_obstructed";
    .port_info 13 /OUTPUT 1 "door_open";
    .port_info 14 /OUTPUT 1 "idle";
    .port_info 15 /OUTPUT 1 "moving_up";
    .port_info 16 /OUTPUT 1 "moving_down";
    .port_info 17 /OUTPUT 1 "service_dir_up";
    .port_info 18 /OUTPUT 1 "service_dir_down";
    .port_info 19 /OUTPUT 3 "current_floor";
    .port_info 20 /OUTPUT 8 "pending_requests";
    .port_info 21 /OUTPUT 3 "max_request";
    .port_info 22 /OUTPUT 3 "min_request";
    .port_info 23 /OUTPUT 1 "estop_latched";
    .port_info 24 /OUTPUT 3 "fsm_state";
P_0x7f77b4085fc0 .param/l "DOOR_OPEN_CYCLES" 0 3 10, C4<00000000000000000000000000001010>;
P_0x7f77b4086000 .param/l "DOOR_TIMER_W" 0 3 12, C4<00000000000000000000000000000100>;
P_0x7f77b4086040 .param/l "FLOOR_W" 0 3 11, C4<00000000000000000000000000000011>;
P_0x7f77b4086080 .param/l "MIN_INIT" 1 3 52, C4<111>;
P_0x7f77b40860c0 .param/l "NUM_FLOORS" 0 3 9, C4<00000000000000000000000000001000>;
P_0x7f77b4086100 .param/l "TOP_FLOOR" 1 3 51, C4<00000000000000000000000000000111>;
enum0x7f77b404cef0 .enum4 (3)
   "ST_RESET" 3'b000,
   "ST_DOOR_CLOSED_IDLE" 3'b001,
   "ST_DOOR_OPEN_IDLE" 3'b010,
   "ST_MOVING_UP" 3'b011,
   "ST_MOVING_DOWN" 3'b100,
   "ST_UP_DIR_SETTER" 3'b101,
   "ST_DOWN_DIR_SETTER" 3'b110
 ;
L_0x7f77b43486b0 .functor BUFZ 8, v0x7f77b40bf820_0, C4<00000000>, C4<00000000>, C4<00000000>;
L_0x7f77b4348770 .functor BUFZ 3, v0x7f77b40bef80_0, C4<000>, C4<000>, C4<000>;
L_0x7f77b4348850 .functor BUFZ 3, v0x7f77b40bf190_0, C4<000>, C4<000>, C4<000>;
L_0x7f77b43490a0 .functor BUFZ 1, v0x7f77b40be2c0_0, C4<0>, C4<0>, C4<0>;
L_0x7f77b43491c0 .functor BUFZ 3, v0x7f77b40bfb60_0, C4<000>, C4<000>, C4<000>;
L_0x7f77b4273008 .functor BUFT 1, C4<011>, C4<0>, C4<0>, C4<0>;
v0x7f77b40bd3c0_0 .net/2u *"_ivl_12", 2 0, L_0x7f77b4273008;  1 drivers
L_0x7f77b4273050 .functor BUFT 1, C4<100>, C4<0>, C4<0>, C4<0>;
v0x7f77b40bd480_0 .net/2u *"_ivl_16", 2 0, L_0x7f77b4273050;  1 drivers
v0x7f77b40bd530_0 .var "any_request", 0 0;
v0x7f77b40bd5e0_0 .net "bottom_limit", 0 0, L_0x7f77b4349580;  alias, 1 drivers
L_0x7f77b4273128 .functor BUFT 1, C4<00000000>, C4<0>, C4<0>, C4<0>;
v0x7f77b40bd680_0 .net "cabin_buttons", 7 0, L_0x7f77b4273128;  1 drivers
v0x7f77b40bd770_0 .var "can_move_down", 0 0;
v0x7f77b40bd810_0 .var "can_move_up", 0 0;
v0x7f77b40bd8b0_0 .net "clk", 0 0, o0x7f77b4242818;  alias, 0 drivers
v0x7f77b40bd950_0 .net "current_floor", 2 0, v0x7f77b40be930_0;  alias, 1 drivers
v0x7f77b40bda60_0 .var "dir_down_d", 0 0;
v0x7f77b40bdb00_0 .var "dir_down_q", 0 0;
v0x7f77b40bdba0_0 .var "dir_up_d", 0 0;
v0x7f77b40bdc40_0 .var "dir_up_q", 0 0;
L_0x7f77b4273200 .functor BUFT 1, C4<0>, C4<0>, C4<0>, C4<0>;
v0x7f77b40bdce0_0 .net "door_obstructed", 0 0, L_0x7f77b4273200;  1 drivers
v0x7f77b40bdd80_0 .net "door_open", 0 0, v0x7f77b40bdec0_0;  alias, 1 drivers
v0x7f77b40bde20_0 .var "door_open_d", 0 0;
v0x7f77b40bdec0_0 .var "door_open_q", 0 0;
v0x7f77b40be050_0 .var "door_timer_d", 3 0;
v0x7f77b40be0e0_0 .var "door_timer_q", 3 0;
v0x7f77b40be180_0 .net "emergency_stop", 0 0, o0x7f77b4242a58;  alias, 0 drivers
v0x7f77b40be220_0 .var "estop_active_d", 0 0;
v0x7f77b40be2c0_0 .var "estop_active_q", 0 0;
v0x7f77b40be360_0 .net "estop_latched", 0 0, L_0x7f77b43490a0;  alias, 1 drivers
v0x7f77b40be400_0 .var "estop_saved_dir_down_d", 0 0;
v0x7f77b40be4a0_0 .var "estop_saved_dir_down_q", 0 0;
v0x7f77b40be540_0 .var "estop_saved_dir_up_d", 0 0;
v0x7f77b40be5e0_0 .var "estop_saved_dir_up_q", 0 0;
v0x7f77b40be680_0 .var "estop_saved_state_d", 2 0;
v0x7f77b40be730_0 .var "estop_saved_state_q", 2 0;
v0x7f77b40be7e0_0 .var "floor_d", 2 0;
v0x7f77b40be890_0 .var "floor_has_request", 0 0;
v0x7f77b40be930_0 .var "floor_q", 2 0;
v0x7f77b40be9e0_0 .net "fsm_state", 2 0, L_0x7f77b43491c0;  alias, 1 drivers
L_0x7f77b42731b8 .functor BUFT 1, C4<00000000>, C4<0>, C4<0>, C4<0>;
v0x7f77b40bdf70_0 .net "hall_down_buttons", 7 0, L_0x7f77b42731b8;  1 drivers
L_0x7f77b4273170 .functor BUFT 1, C4<00000000>, C4<0>, C4<0>, C4<0>;
v0x7f77b40bec70_0 .net "hall_up_buttons", 7 0, L_0x7f77b4273170;  1 drivers
v0x7f77b40bed00_0 .net "idle", 0 0, v0x7f77b40bee30_0;  alias, 1 drivers
v0x7f77b40bed90_0 .var "idle_d", 0 0;
v0x7f77b40bee30_0 .var "idle_q", 0 0;
v0x7f77b40beed0_0 .var "max_req_d", 2 0;
v0x7f77b40bef80_0 .var "max_req_q", 2 0;
v0x7f77b40bf030_0 .net "max_request", 2 0, L_0x7f77b4348770;  alias, 1 drivers
v0x7f77b40bf0e0_0 .var "min_req_d", 2 0;
v0x7f77b40bf190_0 .var "min_req_q", 2 0;
v0x7f77b40bf240_0 .net "min_request", 2 0, L_0x7f77b4348850;  alias, 1 drivers
v0x7f77b40bf2f0_0 .net "moving_down", 0 0, L_0x7f77b4348d80;  alias, 1 drivers
v0x7f77b40bf390_0 .net "moving_up", 0 0, L_0x7f77b4348c20;  alias, 1 drivers
v0x7f77b40bf430_0 .net "pending_requests", 7 0, L_0x7f77b43486b0;  alias, 1 drivers
L_0x7f77b4273098 .functor BUFT 1, C4<1>, C4<0>, C4<0>, C4<0>;
v0x7f77b40bf4e0_0 .net "req_cabin", 0 0, L_0x7f77b4273098;  1 drivers
v0x7f77b40bf580_0 .net "req_floor", 2 0, o0x7f77b4242fc8;  alias, 0 drivers
L_0x7f77b42730e0 .functor BUFT 1, C4<0>, C4<0>, C4<0>, C4<0>;
v0x7f77b40bf630_0 .net "req_hall_up", 0 0, L_0x7f77b42730e0;  1 drivers
v0x7f77b40bf6d0_0 .net "req_valid", 0 0, L_0x7f77b4348560;  alias, 1 drivers
v0x7f77b40bf770_0 .var "requests_d", 7 0;
v0x7f77b40bf820_0 .var "requests_q", 7 0;
v0x7f77b40bf8d0_0 .net "reset", 0 0, o0x7f77b42430b8;  alias, 0 drivers
v0x7f77b40bf970_0 .net "service_dir_down", 0 0, v0x7f77b40bdb00_0;  alias, 1 drivers
v0x7f77b40bfa10_0 .net "service_dir_up", 0 0, v0x7f77b40bdc40_0;  alias, 1 drivers
v0x7f77b40bfab0_0 .var "state_d", 2 0;
v0x7f77b40bfb60_0 .var "state_q", 2 0;
v0x7f77b40bfc10_0 .net "top_limit", 0 0, L_0x7f77b4349440;  alias, 1 drivers
E_0x7f77b403ae90 .event posedge, v0x7f77b40bf8d0_0, v0x7f77b40bd8b0_0;
E_0x7f77b403b7e0/0 .event anyedge, v0x7f77b40bfb60_0, v0x7f77b40bf820_0, v0x7f77b40bef80_0, v0x7f77b40bf190_0;
E_0x7f77b403b7e0/1 .event anyedge, v0x7f77b40be930_0, v0x7f77b40bdc40_0, v0x7f77b40bdb00_0, v0x7f77b40bdec0_0;
E_0x7f77b403b7e0/2 .event anyedge, v0x7f77b40bee30_0, v0x7f77b40be0e0_0, v0x7f77b40be2c0_0, v0x7f77b40be5e0_0;
E_0x7f77b403b7e0/3 .event anyedge, v0x7f77b40be4a0_0, v0x7f77b40be730_0, v0x7f77b40bfc10_0, v0x7f77b40bd5e0_0;
E_0x7f77b403b7e0/4 .event anyedge, v0x7f77b40bd680_0, v0x7f77b40bec70_0, v0x7f77b40bdf70_0, v0x7f77b40bf6d0_0;
E_0x7f77b403b7e0/5 .event anyedge, v0x7f77b40bf580_0, v0x7f77b40bf4e0_0, v0x7f77b40bf630_0, v0x7f77b40bf8d0_0;
E_0x7f77b403b7e0/6 .event anyedge, v0x7f77b40be180_0, v0x7f77b40bdce0_0;
E_0x7f77b403b7e0 .event/or E_0x7f77b403b7e0/0, E_0x7f77b403b7e0/1, E_0x7f77b403b7e0/2, E_0x7f77b403b7e0/3, E_0x7f77b403b7e0/4, E_0x7f77b403b7e0/5, E_0x7f77b403b7e0/6;
L_0x7f77b4348c20 .cmp/eq 3, v0x7f77b40bfb60_0, L_0x7f77b4273008;
L_0x7f77b4348d80 .cmp/eq 3, v0x7f77b40bfb60_0, L_0x7f77b4273050;
S_0x7f77b4081450 .scope begin, "$unm_blk_16" "$unm_blk_16" 3 214, 3 214 0, S_0x7f77b409ae80;
 .timescale -9 -12;
v0x7f77b4023ae0_0 .var "new_req_bits", 7 0;
S_0x7f77b40bad70 .scope autofunction.vec4.s3, "clamp_floor" "clamp_floor" 3 134, 3 134 0, S_0x7f77b409ae80;
 .timescale -9 -12;
; Variable clamp_floor is vec4 return value of scope S_0x7f77b40bad70
v0x7f77b40bafd0_0 .var "floor", 2 0;
TD_Lift8.u_ctrl.clamp_floor ;
    %load/vec4 v0x7f77b40bafd0_0;
    %cmpi/u 7, 0, 3;
    %flag_or 5, 4; GT is !LE
    %flag_inv 5;
    %jmp/0xz  T_0.0, 5;
    %pushi/vec4 7, 0, 3;
    %ret/vec4 0, 0, 3;  Assign to clamp_floor (store_vec4_to_lval)
    %disable/flow S_0x7f77b40bad70;
T_0.0 ;
    %load/vec4 v0x7f77b40bafd0_0;
    %ret/vec4 0, 0, 3;  Assign to clamp_floor (store_vec4_to_lval)
    %disable/flow S_0x7f77b40bad70;
    %end;
S_0x7f77b40bb060 .scope autofunction.vec4.s8, "collect_new_requests" "collect_new_requests" 3 169, 3 169 0, S_0x7f77b409ae80;
 .timescale -9 -12;
v0x7f77b40bb480_0 .var "additions", 7 0;
v0x7f77b40bb540_0 .var "cabin_req", 7 0;
; Variable collect_new_requests is vec4 return value of scope S_0x7f77b40bb060
v0x7f77b40bb6b0_0 .var "cur_dir_down", 0 0;
v0x7f77b40bb750_0 .var "cur_dir_up", 0 0;
v0x7f77b40bb830_0 .var "cur_floor", 2 0;
v0x7f77b40bb8e0_0 .var "cur_idle", 0 0;
v0x7f77b40bb980_0 .var "hall_down_req", 7 0;
v0x7f77b40bba30_0 .var "hall_up_req", 7 0;
v0x7f77b40bbb40_0 .var "idx", 2 0;
v0x7f77b40bbbf0_0 .var "pulse_cabin", 0 0;
v0x7f77b40bbc90_0 .var "pulse_floor", 2 0;
v0x7f77b40bbd40_0 .var "pulse_hall_up", 0 0;
v0x7f77b40bbde0_0 .var "req_pulse", 0 0;
TD_Lift8.u_ctrl.collect_new_requests ;
    %pushi/vec4 0, 0, 8;
    %store/vec4 v0x7f77b40bb480_0, 0, 8;
    %fork t_1, S_0x7f77b40bb220;
    %jmp t_0;
    .scope S_0x7f77b40bb220;
t_1 ;
    %pushi/vec4 0, 0, 32;
    %store/vec4 v0x7f77b40bb3e0_0, 0, 32;
T_1.2 ; Top of for-loop
    %load/vec4 v0x7f77b40bb3e0_0;
    %cmpi/s 8, 0, 32;
	  %jmp/0xz T_1.3, 5;
    %load/vec4 v0x7f77b40bb540_0;
    %load/vec4 v0x7f77b40bb3e0_0;
    %part/s 1;
    %flag_set/vec4 8;
    %jmp/0xz  T_1.5, 8;
    %pushi/vec4 1, 0, 1;
    %ix/getv/s 4, v0x7f77b40bb3e0_0;
    %store/vec4 v0x7f77b40bb480_0, 4, 1;
T_1.5 ;
    %load/vec4 v0x7f77b40bba30_0;
    %load/vec4 v0x7f77b40bb3e0_0;
    %part/s 1;
    %flag_set/vec4 9;
    %flag_get/vec4 9;
    %jmp/0 T_1.9, 9;
    %alloc S_0x7f77b40bbe80;
    %load/vec4 v0x7f77b40bb3e0_0;
    %pad/s 3;
    %pushi/vec4 1, 0, 1;
    %pushi/vec4 0, 0, 1;
    %load/vec4 v0x7f77b40bb830_0;
    %load/vec4 v0x7f77b40bb750_0;
    %load/vec4 v0x7f77b40bb6b0_0;
    %load/vec4 v0x7f77b40bb8e0_0;
    %store/vec4 v0x7f77b40bc2b0_0, 0, 1;
    %store/vec4 v0x7f77b40bc0f0_0, 0, 1;
    %store/vec4 v0x7f77b40bc190_0, 0, 1;
    %store/vec4 v0x7f77b40bc220_0, 0, 3;
    %store/vec4 v0x7f77b40bc040_0, 0, 1;
    %store/vec4 v0x7f77b40bc4e0_0, 0, 1;
    %store/vec4 v0x7f77b40bc390_0, 0, 3;
    %callf/vec4 TD_Lift8.u_ctrl.hall_call_allowed, S_0x7f77b40bbe80;
    %free S_0x7f77b40bbe80;
    %and;
T_1.9;
    %flag_set/vec4 8;
    %jmp/0xz  T_1.7, 8;
    %pushi/vec4 1, 0, 1;
    %ix/getv/s 4, v0x7f77b40bb3e0_0;
    %store/vec4 v0x7f77b40bb480_0, 4, 1;
T_1.7 ;
    %load/vec4 v0x7f77b40bb980_0;
    %load/vec4 v0x7f77b40bb3e0_0;
    %part/s 1;
    %flag_set/vec4 9;
    %flag_get/vec4 9;
    %jmp/0 T_1.12, 9;
    %alloc S_0x7f77b40bbe80;
    %load/vec4 v0x7f77b40bb3e0_0;
    %pad/s 3;
    %pushi/vec4 0, 0, 1;
    %pushi/vec4 0, 0, 1;
    %load/vec4 v0x7f77b40bb830_0;
    %load/vec4 v0x7f77b40bb750_0;
    %load/vec4 v0x7f77b40bb6b0_0;
    %load/vec4 v0x7f77b40bb8e0_0;
    %store/vec4 v0x7f77b40bc2b0_0, 0, 1;
    %store/vec4 v0x7f77b40bc0f0_0, 0, 1;
    %store/vec4 v0x7f77b40bc190_0, 0, 1;
    %store/vec4 v0x7f77b40bc220_0, 0, 3;
    %store/vec4 v0x7f77b40bc040_0, 0, 1;
    %store/vec4 v0x7f77b40bc4e0_0, 0, 1;
    %store/vec4 v0x7f77b40bc390_0, 0, 3;
    %callf/vec4 TD_Lift8.u_ctrl.hall_call_allowed, S_0x7f77b40bbe80;
    %free S_0x7f77b40bbe80;
    %and;
T_1.12;
    %flag_set/vec4 8;
    %jmp/0xz  T_1.10, 8;
    %pushi/vec4 1, 0, 1;
    %ix/getv/s 4, v0x7f77b40bb3e0_0;
    %store/vec4 v0x7f77b40bb480_0, 4, 1;
T_1.10 ;
T_1.4 ; for-loop step statement
    ; show_stmt_assign_vector: Get l-value for compressed += operand
    %load/vec4 v0x7f77b40bb3e0_0;
    %pushi/vec4 1, 0, 32;
    %add;
    %cast2;
    %store/vec4 v0x7f77b40bb3e0_0, 0, 32;
    %jmp T_1.2;
T_1.3 ; for-loop exit label
    %end;
    .scope S_0x7f77b40bb060;
t_0 %join;
    %load/vec4 v0x7f77b40bbde0_0;
    %flag_set/vec4 8;
    %jmp/0xz  T_1.13, 8;
    %alloc S_0x7f77b40bad70;
    %load/vec4 v0x7f77b40bbc90_0;
    %store/vec4 v0x7f77b40bafd0_0, 0, 3;
    %callf/vec4 TD_Lift8.u_ctrl.clamp_floor, S_0x7f77b40bad70;
    %free S_0x7f77b40bad70;
    %store/vec4 v0x7f77b40bbb40_0, 0, 3;
    %load/vec4 v0x7f77b40bbbf0_0;
    %flag_set/vec4 8;
    %jmp/1 T_1.17, 8;
    %alloc S_0x7f77b40bbe80;
    %load/vec4 v0x7f77b40bbb40_0;
    %load/vec4 v0x7f77b40bbd40_0;
    %pushi/vec4 0, 0, 1;
    %load/vec4 v0x7f77b40bb830_0;
    %load/vec4 v0x7f77b40bb750_0;
    %load/vec4 v0x7f77b40bb6b0_0;
    %load/vec4 v0x7f77b40bb8e0_0;
    %store/vec4 v0x7f77b40bc2b0_0, 0, 1;
    %store/vec4 v0x7f77b40bc0f0_0, 0, 1;
    %store/vec4 v0x7f77b40bc190_0, 0, 1;
    %store/vec4 v0x7f77b40bc220_0, 0, 3;
    %store/vec4 v0x7f77b40bc040_0, 0, 1;
    %store/vec4 v0x7f77b40bc4e0_0, 0, 1;
    %store/vec4 v0x7f77b40bc390_0, 0, 3;
    %callf/vec4 TD_Lift8.u_ctrl.hall_call_allowed, S_0x7f77b40bbe80;
    %free S_0x7f77b40bbe80;
    %flag_set/vec4 9;
    %flag_or 8, 9;
T_1.17;
    %jmp/0xz  T_1.15, 8;
    %pushi/vec4 1, 0, 1;
    %ix/getv 4, v0x7f77b40bbb40_0;
    %store/vec4 v0x7f77b40bb480_0, 4, 1;
T_1.15 ;
T_1.13 ;
    %load/vec4 v0x7f77b40bb480_0;
    %ret/vec4 0, 0, 8;  Assign to collect_new_requests (store_vec4_to_lval)
    %disable/flow S_0x7f77b40bb060;
    %end;
S_0x7f77b40bb220 .scope autobegin, "$ivl_for_loop2" "$ivl_for_loop2" 3 187, 3 187 0, S_0x7f77b40bb060;
 .timescale -9 -12;
v0x7f77b40bb3e0_0 .var/2s "i", 31 0;
S_0x7f77b40bbe80 .scope autofunction.vec4.s1, "hall_call_allowed" "hall_call_allowed" 3 141, 3 141 0, S_0x7f77b409ae80;
 .timescale -9 -12;
v0x7f77b40bc040_0 .var "cabin", 0 0;
v0x7f77b40bc0f0_0 .var "cur_dir_down", 0 0;
v0x7f77b40bc190_0 .var "cur_dir_up", 0 0;
v0x7f77b40bc220_0 .var "cur_floor", 2 0;
v0x7f77b40bc2b0_0 .var "cur_idle", 0 0;
v0x7f77b40bc390_0 .var "floor", 2 0;
; Variable hall_call_allowed is vec4 return value of scope S_0x7f77b40bbe80
v0x7f77b40bc4e0_0 .var "hall_up", 0 0;
TD_Lift8.u_ctrl.hall_call_allowed ;
    %load/vec4 v0x7f77b40bc040_0;
    %flag_set/vec4 8;
    %jmp/0xz  T_2.18, 8;
    %pushi/vec4 1, 0, 1;
    %ret/vec4 0, 0, 1;  Assign to hall_call_allowed (store_vec4_to_lval)
    %disable/flow S_0x7f77b40bbe80;
T_2.18 ;
    %load/vec4 v0x7f77b40bc2b0_0;
    %flag_set/vec4 8;
    %jmp/0xz  T_2.20, 8;
    %pushi/vec4 1, 0, 1;
    %ret/vec4 0, 0, 1;  Assign to hall_call_allowed (store_vec4_to_lval)
    %disable/flow S_0x7f77b40bbe80;
T_2.20 ;
    %load/vec4 v0x7f77b40bc220_0;
    %load/vec4 v0x7f77b40bc390_0;
    %cmp/u;
    %jmp/0xz  T_2.22, 5;
    %load/vec4 v0x7f77b40bc4e0_0;
    %flag_set/vec4 8;
    %flag_get/vec4 8;
    %jmp/0 T_2.24, 8;
    %load/vec4 v0x7f77b40bc190_0;
    %and;
T_2.24;
    %ret/vec4 0, 0, 1;  Assign to hall_call_allowed (store_vec4_to_lval)
    %disable/flow S_0x7f77b40bbe80;
T_2.22 ;
    %load/vec4 v0x7f77b40bc390_0;
    %load/vec4 v0x7f77b40bc220_0;
    %cmp/u;
    %jmp/0xz  T_2.25, 5;
    %load/vec4 v0x7f77b40bc4e0_0;
    %nor/r;
    %flag_set/vec4 8;
    %flag_get/vec4 8;
    %jmp/0 T_2.27, 8;
    %load/vec4 v0x7f77b40bc0f0_0;
    %and;
T_2.27;
    %ret/vec4 0, 0, 1;  Assign to hall_call_allowed (store_vec4_to_lval)
    %disable/flow S_0x7f77b40bbe80;
T_2.25 ;
    %pushi/vec4 1, 0, 1;
    %ret/vec4 0, 0, 1;  Assign to hall_call_allowed (store_vec4_to_lval)
    %disable/flow S_0x7f77b40bbe80;
    %end;
S_0x7f77b40bc580 .scope autofunction.vec4.s3, "scan_highest_request" "scan_highest_request" 3 102, 3 102 0, S_0x7f77b409ae80;
 .timescale -9 -12;
v0x7f77b40bc9f0_0 .var "found", 0 0;
v0x7f77b40bcaa0_0 .var "req_bitmap", 7 0;
v0x7f77b40bcb40_0 .var "result", 2 0;
; Variable scan_highest_request is vec4 return value of scope S_0x7f77b40bc580
TD_Lift8.u_ctrl.scan_highest_request ;
    %pushi/vec4 0, 0, 3;
    %store/vec4 v0x7f77b40bcb40_0, 0, 3;
    %pushi/vec4 0, 0, 1;
    %store/vec4 v0x7f77b40bc9f0_0, 0, 1;
    %fork t_3, S_0x7f77b40bc780;
    %jmp t_2;
    .scope S_0x7f77b40bc780;
t_3 ;
    %pushi/vec4 7, 0, 32;
    %store/vec4 v0x7f77b40bc940_0, 0, 32;
T_3.28 ; Top of for-loop
    %load/vec4 v0x7f77b40bc940_0;
    %cmpi/s 0, 0, 32;
    %flag_inv 5; GE is !LT
	  %jmp/0xz T_3.29, 5;
    %load/vec4 v0x7f77b40bc9f0_0;
    %nor/r;
    %flag_set/vec4 9;
    %flag_get/vec4 9;
    %jmp/0 T_3.33, 9;
    %load/vec4 v0x7f77b40bcaa0_0;
    %load/vec4 v0x7f77b40bc940_0;
    %part/s 1;
    %and;
T_3.33;
    %flag_set/vec4 8;
    %jmp/0xz  T_3.31, 8;
    %load/vec4 v0x7f77b40bc940_0;
    %pad/s 3;
    %store/vec4 v0x7f77b40bcb40_0, 0, 3;
    %pushi/vec4 1, 0, 1;
    %store/vec4 v0x7f77b40bc9f0_0, 0, 1;
T_3.31 ;
T_3.30 ; for-loop step statement
    ; show_stmt_assign_vector: Get l-value for compressed -= operand
    %load/vec4 v0x7f77b40bc940_0;
    %pushi/vec4 1, 0, 32;
    %sub;
    %cast2;
    %store/vec4 v0x7f77b40bc940_0, 0, 32;
    %jmp T_3.28;
T_3.29 ; for-loop exit label
    %end;
    .scope S_0x7f77b40bc580;
t_2 %join;
    %load/vec4 v0x7f77b40bcb40_0;
    %ret/vec4 0, 0, 3;  Assign to scan_highest_request (store_vec4_to_lval)
    %disable/flow S_0x7f77b40bc580;
    %end;
S_0x7f77b40bc780 .scope autobegin, "$ivl_for_loop0" "$ivl_for_loop0" 3 109, 3 109 0, S_0x7f77b40bc580;
 .timescale -9 -12;
v0x7f77b40bc940_0 .var/2s "i", 31 0;
S_0x7f77b40bcca0 .scope autofunction.vec4.s3, "scan_lowest_request" "scan_lowest_request" 3 118, 3 118 0, S_0x7f77b409ae80;
 .timescale -9 -12;
v0x7f77b40bd0f0_0 .var "found", 0 0;
v0x7f77b40bd1a0_0 .var "req_bitmap", 7 0;
v0x7f77b40bd250_0 .var "result", 2 0;
; Variable scan_lowest_request is vec4 return value of scope S_0x7f77b40bcca0
TD_Lift8.u_ctrl.scan_lowest_request ;
    %pushi/vec4 7, 0, 3;
    %store/vec4 v0x7f77b40bd250_0, 0, 3;
    %pushi/vec4 0, 0, 1;
    %store/vec4 v0x7f77b40bd0f0_0, 0, 1;
    %fork t_5, S_0x7f77b40bce60;
    %jmp t_4;
    .scope S_0x7f77b40bce60;
t_5 ;
    %pushi/vec4 0, 0, 32;
    %store/vec4 v0x7f77b40bd030_0, 0, 32;
T_4.34 ; Top of for-loop
    %load/vec4 v0x7f77b40bd030_0;
    %cmpi/s 8, 0, 32;
	  %jmp/0xz T_4.35, 5;
    %load/vec4 v0x7f77b40bd0f0_0;
    %nor/r;
    %flag_set/vec4 9;
    %flag_get/vec4 9;
    %jmp/0 T_4.39, 9;
    %load/vec4 v0x7f77b40bd1a0_0;
    %load/vec4 v0x7f77b40bd030_0;
    %part/s 1;
    %and;
T_4.39;
    %flag_set/vec4 8;
    %jmp/0xz  T_4.37, 8;
    %load/vec4 v0x7f77b40bd030_0;
    %pad/s 3;
    %store/vec4 v0x7f77b40bd250_0, 0, 3;
    %pushi/vec4 1, 0, 1;
    %store/vec4 v0x7f77b40bd0f0_0, 0, 1;
T_4.37 ;
T_4.36 ; for-loop step statement
    ; show_stmt_assign_vector: Get l-value for compressed += operand
    %load/vec4 v0x7f77b40bd030_0;
    %pushi/vec4 1, 0, 32;
    %add;
    %cast2;
    %store/vec4 v0x7f77b40bd030_0, 0, 32;
    %jmp T_4.34;
T_4.35 ; for-loop exit label
    %end;
    .scope S_0x7f77b40bcca0;
t_4 %join;
    %load/vec4 v0x7f77b40bd250_0;
    %ret/vec4 0, 0, 3;  Assign to scan_lowest_request (store_vec4_to_lval)
    %disable/flow S_0x7f77b40bcca0;
    %end;
S_0x7f77b40bce60 .scope autobegin, "$ivl_for_loop1" "$ivl_for_loop1" 3 125, 3 125 0, S_0x7f77b40bcca0;
 .timescale -9 -12;
v0x7f77b40bd030_0 .var/2s "i", 31 0;
S_0x7f77b409b580 .scope module, "elevator_group_tb" "elevator_group_tb" 4 3;
 .timescale -9 -12;
P_0x7f77b40363f0 .param/l "NUM_FLOORS" 1 4 6, +C4<00000000000000000000000000001000>;
P_0x7f77b4036430 .param/l "NUM_LIFTS" 1 4 5, +C4<00000000000000000000000000000100>;
v0x7f77b4346c80_0 .array/port v0x7f77b4346c80, 0;
L_0x7f77b40cb7b0 .functor BUFZ 8, v0x7f77b4346c80_0, C4<00000000>, C4<00000000>, C4<00000000>;
v0x7f77b4346c80_1 .array/port v0x7f77b4346c80, 1;
L_0x7f77b40cba40 .functor BUFZ 8, v0x7f77b4346c80_1, C4<00000000>, C4<00000000>, C4<00000000>;
v0x7f77b4346c80_2 .array/port v0x7f77b4346c80, 2;
L_0x7f77b40cbb20 .functor BUFZ 8, v0x7f77b4346c80_2, C4<00000000>, C4<00000000>, C4<00000000>;
v0x7f77b4346c80_3 .array/port v0x7f77b4346c80, 3;
L_0x7f77b40caee0 .functor BUFZ 8, v0x7f77b4346c80_3, C4<00000000>, C4<00000000>, C4<00000000>;
L_0x7f77b40cbc20 .functor BUFZ 1, v0x7f77b2f48850_0, C4<0>, C4<0>, C4<0>;
L_0x7f77b40cbce0 .functor BUFZ 1, v0x7f77b4309370_0, C4<0>, C4<0>, C4<0>;
L_0x7f77b40cbd50 .functor BUFZ 1, v0x7f77b4338100_0, C4<0>, C4<0>, C4<0>;
L_0x7f77b40cbe30 .functor BUFZ 1, v0x7f77b433e2d0_0, C4<0>, C4<0>, C4<0>;
L_0x7f77b40cbed0 .functor BUFZ 1, v0x7f77b2f4ccf0_0, C4<0>, C4<0>, C4<0>;
L_0x7f77b40cc040 .functor BUFZ 1, v0x7f77b4311cd0_0, C4<0>, C4<0>, C4<0>;
L_0x7f77b40cc130 .functor BUFZ 1, v0x7f77b4339070_0, C4<0>, C4<0>, C4<0>;
L_0x7f77b40cc280 .functor BUFZ 1, v0x7f77b40c3be0_0, C4<0>, C4<0>, C4<0>;
L_0x7f77b40cc370 .functor BUFZ 1, L_0x7f77b40c4cf0, C4<0>, C4<0>, C4<0>;
L_0x7f77b40cc4d0 .functor BUFZ 1, L_0x7f77b40c5e00, C4<0>, C4<0>, C4<0>;
L_0x7f77b40cc5c0 .functor BUFZ 1, L_0x7f77b40c6ff0, C4<0>, C4<0>, C4<0>;
L_0x7f77b40cc460 .functor BUFZ 1, L_0x7f77b40c8310, C4<0>, C4<0>, C4<0>;
L_0x7f77b40cc7b0 .functor BUFZ 1, L_0x7f77b40c4e10, C4<0>, C4<0>, C4<0>;
L_0x7f77b40cc930 .functor BUFZ 1, L_0x7f77b40c5f40, C4<0>, C4<0>, C4<0>;
L_0x7f77b40cc9a0 .functor BUFZ 1, L_0x7f77b40c7130, C4<0>, C4<0>, C4<0>;
L_0x7f77b40ccb30 .functor BUFZ 1, L_0x7f77b40c8450, C4<0>, C4<0>, C4<0>;
L_0x7f77b40cc8a0 .functor BUFZ 1, v0x7f77b2f49290_0, C4<0>, C4<0>, C4<0>;
L_0x7f77b40ccd50 .functor BUFZ 1, v0x7f77b4319d30_0, C4<0>, C4<0>, C4<0>;
L_0x7f77b40cca90 .functor BUFZ 1, v0x7f77b4337e80_0, C4<0>, C4<0>, C4<0>;
L_0x7f77b40ccf80 .functor BUFZ 1, v0x7f77b433e050_0, C4<0>, C4<0>, C4<0>;
L_0x7f77b40ccca0 .functor BUFZ 1, v0x7f77b2f49e60_0, C4<0>, C4<0>, C4<0>;
L_0x7f77b40cd1c0 .functor BUFZ 1, v0x7f77b431a0e0_0, C4<0>, C4<0>, C4<0>;
L_0x7f77b40ccec0 .functor BUFZ 1, v0x7f77b4337d50_0, C4<0>, C4<0>, C4<0>;
L_0x7f77b40cd410 .functor BUFZ 1, v0x7f77b433df10_0, C4<0>, C4<0>, C4<0>;
L_0x7f77b40cd0f0 .functor BUFZ 3, v0x7f77b2f506f0_0, C4<000>, C4<000>, C4<000>;
L_0x7f77b40cd5f0 .functor BUFZ 3, v0x7f77b431a830_0, C4<000>, C4<000>, C4<000>;
L_0x7f77b40cd660 .functor BUFZ 3, v0x7f77b4338b70_0, C4<000>, C4<000>, C4<000>;
L_0x7f77b40cd330 .functor BUFZ 3, v0x7f77b40c35f0_0, C4<000>, C4<000>, C4<000>;
L_0x7f77b40cd3a0 .functor BUFZ 8, v0x7f77b2f34d10_0, C4<00000000>, C4<00000000>, C4<00000000>;
L_0x7f77b40cd6d0 .functor BUFZ 8, v0x7f77b43344b0_0, C4<00000000>, C4<00000000>, C4<00000000>;
L_0x7f77b40cd500 .functor BUFZ 8, v0x7f77b4339a60_0, C4<00000000>, C4<00000000>, C4<00000000>;
L_0x7f77b40cd970 .functor BUFZ 8, v0x7f77b40c45d0_0, C4<00000000>, C4<00000000>, C4<00000000>;
L_0x7f77b40cda60 .functor BUFZ 3, v0x7f77b2f35b40_0, C4<000>, C4<000>, C4<000>;
L_0x7f77b40cd850 .functor BUFZ 3, v0x7f77b4311920_0, C4<000>, C4<000>, C4<000>;
L_0x7f77b40cd8c0 .functor BUFZ 3, v0x7f77b43391c0_0, C4<000>, C4<000>, C4<000>;
L_0x7f77b40cdc10 .functor BUFZ 3, v0x7f77b40c3d30_0, C4<000>, C4<000>, C4<000>;
L_0x7f77b40cdc80 .functor BUFZ 3, v0x7f77b2f350c0_0, C4<000>, C4<000>, C4<000>;
L_0x7f77b40cdad0 .functor BUFZ 3, v0x7f77b4310220_0, C4<000>, C4<000>, C4<000>;
L_0x7f77b40cdb40 .functor BUFZ 3, v0x7f77b43393d0_0, C4<000>, C4<000>, C4<000>;
L_0x7f77b40cde50 .functor BUFZ 3, v0x7f77b40c3f40_0, C4<000>, C4<000>, C4<000>;
L_0x7f77b40cdec0 .functor BUFZ 1, v0x7f77b2f4ffa0_0, C4<0>, C4<0>, C4<0>;
L_0x7f77b40cdcf0 .functor BUFZ 1, v0x7f77b430f370_0, C4<0>, C4<0>, C4<0>;
L_0x7f77b40cdde0 .functor BUFZ 1, v0x7f77b4338500_0, C4<0>, C4<0>, C4<0>;
L_0x7f77b40cdfb0 .functor BUFZ 1, v0x7f77b433e6d0_0, C4<0>, C4<0>, C4<0>;
L_0x7f77b40ce0a0 .functor BUFZ 3, L_0x7f77b40c5210, C4<000>, C4<000>, C4<000>;
L_0x7f77b40ce330 .functor BUFZ 3, L_0x7f77b40c6360, C4<000>, C4<000>, C4<000>;
L_0x7f77b40ce3a0 .functor BUFZ 3, L_0x7f77b40c7550, C4<000>, C4<000>, C4<000>;
L_0x7f77b40ce1a0 .functor BUFZ 3, L_0x7f77b40c8870, C4<000>, C4<000>, C4<000>;
v0x7f77b4346c80 .array "cabin_buttons", 3 0, 7 0;
v0x7f77b4346d90_0 .var "clk", 0 0;
v0x7f77b4346e30 .array "current_floor", 3 0;
v0x7f77b4346e30_0 .net v0x7f77b4346e30 0, 2 0, L_0x7f77b40cd0f0; 1 drivers
v0x7f77b4346e30_1 .net v0x7f77b4346e30 1, 2 0, L_0x7f77b40cd5f0; 1 drivers
v0x7f77b4346e30_2 .net v0x7f77b4346e30 2, 2 0, L_0x7f77b40cd660; 1 drivers
v0x7f77b4346e30_3 .net v0x7f77b4346e30 3, 2 0, L_0x7f77b40cd330; 1 drivers
v0x7f77b4346f30_0 .var "door_obstructed", 3 0;
v0x7f77b4346ff0 .array "door_open", 3 0;
v0x7f77b4346ff0_0 .net v0x7f77b4346ff0 0, 0 0, L_0x7f77b40cbc20; 1 drivers
v0x7f77b4346ff0_1 .net v0x7f77b4346ff0 1, 0 0, L_0x7f77b40cbce0; 1 drivers
v0x7f77b4346ff0_2 .net v0x7f77b4346ff0 2, 0 0, L_0x7f77b40cbd50; 1 drivers
v0x7f77b4346ff0_3 .net v0x7f77b4346ff0 3, 0 0, L_0x7f77b40cbe30; 1 drivers
v0x7f77b43470f0_0 .var "emergency_stop", 3 0;
v0x7f77b43471b0 .array "estop_latched", 3 0;
v0x7f77b43471b0_0 .net v0x7f77b43471b0 0, 0 0, L_0x7f77b40cdec0; 1 drivers
v0x7f77b43471b0_1 .net v0x7f77b43471b0 1, 0 0, L_0x7f77b40cdcf0; 1 drivers
v0x7f77b43471b0_2 .net v0x7f77b43471b0 2, 0 0, L_0x7f77b40cdde0; 1 drivers
v0x7f77b43471b0_3 .net v0x7f77b43471b0 3, 0 0, L_0x7f77b40cdfb0; 1 drivers
v0x7f77b4347290 .array "fsm_state", 3 0;
v0x7f77b4347290_0 .net v0x7f77b4347290 0, 2 0, L_0x7f77b40ce0a0; 1 drivers
v0x7f77b4347290_1 .net v0x7f77b4347290 1, 2 0, L_0x7f77b40ce330; 1 drivers
v0x7f77b4347290_2 .net v0x7f77b4347290 2, 2 0, L_0x7f77b40ce3a0; 1 drivers
v0x7f77b4347290_3 .net v0x7f77b4347290 3, 2 0, L_0x7f77b40ce1a0; 1 drivers
v0x7f77b4347390_0 .var "hall_down_buttons", 7 0;
v0x7f77b43474d0_0 .net "hall_queue_count", 3 0, L_0x7f77b40ca010;  1 drivers
v0x7f77b4347560_0 .net "hall_queue_full", 0 0, L_0x7f77b40c9dc0;  1 drivers
v0x7f77b43475f0_0 .var "hall_req_floor", 2 0;
v0x7f77b43476a0_0 .var "hall_req_up", 0 0;
v0x7f77b4347750_0 .var "hall_req_valid", 0 0;
v0x7f77b4347800_0 .var "hall_up_buttons", 7 0;
v0x7f77b43478b0 .array "idle", 3 0;
v0x7f77b43478b0_0 .net v0x7f77b43478b0 0, 0 0, L_0x7f77b40cbed0; 1 drivers
v0x7f77b43478b0_1 .net v0x7f77b43478b0 1, 0 0, L_0x7f77b40cc040; 1 drivers
v0x7f77b43478b0_2 .net v0x7f77b43478b0 2, 0 0, L_0x7f77b40cc130; 1 drivers
v0x7f77b43478b0_3 .net v0x7f77b43478b0 3, 0 0, L_0x7f77b40cc280; 1 drivers
v0x7f77b4347960_0 .net "last_assigned_floor", 2 0, L_0x7f77b40c9aa0;  1 drivers
v0x7f77b4347b20_0 .net "last_assigned_lift", 1 0, L_0x7f77b40c9700;  1 drivers
v0x7f77b4347bb0_0 .net "last_assigned_up", 0 0, L_0x7f77b40c9b50;  1 drivers
v0x7f77b4347c40 .array "max_request", 3 0;
v0x7f77b4347c40_0 .net v0x7f77b4347c40 0, 2 0, L_0x7f77b40cda60; 1 drivers
v0x7f77b4347c40_1 .net v0x7f77b4347c40 1, 2 0, L_0x7f77b40cd850; 1 drivers
v0x7f77b4347c40_2 .net v0x7f77b4347c40 2, 2 0, L_0x7f77b40cd8c0; 1 drivers
v0x7f77b4347c40_3 .net v0x7f77b4347c40 3, 2 0, L_0x7f77b40cdc10; 1 drivers
v0x7f77b4347ce0 .array "min_request", 3 0;
v0x7f77b4347ce0_0 .net v0x7f77b4347ce0 0, 2 0, L_0x7f77b40cdc80; 1 drivers
v0x7f77b4347ce0_1 .net v0x7f77b4347ce0 1, 2 0, L_0x7f77b40cdad0; 1 drivers
v0x7f77b4347ce0_2 .net v0x7f77b4347ce0 2, 2 0, L_0x7f77b40cdb40; 1 drivers
v0x7f77b4347ce0_3 .net v0x7f77b4347ce0 3, 2 0, L_0x7f77b40cde50; 1 drivers
v0x7f77b4347de0 .array "moving_down", 3 0;
v0x7f77b4347de0_0 .net v0x7f77b4347de0 0, 0 0, L_0x7f77b40cc7b0; 1 drivers
v0x7f77b4347de0_1 .net v0x7f77b4347de0 1, 0 0, L_0x7f77b40cc930; 1 drivers
v0x7f77b4347de0_2 .net v0x7f77b4347de0 2, 0 0, L_0x7f77b40cc9a0; 1 drivers
v0x7f77b4347de0_3 .net v0x7f77b4347de0 3, 0 0, L_0x7f77b40ccb30; 1 drivers
v0x7f77b4347ed0 .array "moving_up", 3 0;
v0x7f77b4347ed0_0 .net v0x7f77b4347ed0 0, 0 0, L_0x7f77b40cc370; 1 drivers
v0x7f77b4347ed0_1 .net v0x7f77b4347ed0 1, 0 0, L_0x7f77b40cc4d0; 1 drivers
v0x7f77b4347ed0_2 .net v0x7f77b4347ed0 2, 0 0, L_0x7f77b40cc5c0; 1 drivers
v0x7f77b4347ed0_3 .net v0x7f77b4347ed0 3, 0 0, L_0x7f77b40cc460; 1 drivers
v0x7f77b4347fc0 .array "pending_requests", 3 0;
v0x7f77b4347fc0_0 .net v0x7f77b4347fc0 0, 7 0, L_0x7f77b40cd3a0; 1 drivers
v0x7f77b4347fc0_1 .net v0x7f77b4347fc0 1, 7 0, L_0x7f77b40cd6d0; 1 drivers
v0x7f77b4347fc0_2 .net v0x7f77b4347fc0 2, 7 0, L_0x7f77b40cd500; 1 drivers
v0x7f77b4347fc0_3 .net v0x7f77b4347fc0 3, 7 0, L_0x7f77b40cd970; 1 drivers
v0x7f77b43480c0_0 .var "reset", 0 0;
v0x7f77b4348150 .array "service_dir_down", 3 0;
v0x7f77b4348150_0 .net v0x7f77b4348150 0, 0 0, L_0x7f77b40ccca0; 1 drivers
v0x7f77b4348150_1 .net v0x7f77b4348150 1, 0 0, L_0x7f77b40cd1c0; 1 drivers
v0x7f77b4348150_2 .net v0x7f77b4348150 2, 0 0, L_0x7f77b40ccec0; 1 drivers
v0x7f77b4348150_3 .net v0x7f77b4348150 3, 0 0, L_0x7f77b40cd410; 1 drivers
v0x7f77b4348240 .array "service_dir_up", 3 0;
v0x7f77b4348240_0 .net v0x7f77b4348240 0, 0 0, L_0x7f77b40cc8a0; 1 drivers
v0x7f77b4348240_1 .net v0x7f77b4348240 1, 0 0, L_0x7f77b40ccd50; 1 drivers
v0x7f77b4348240_2 .net v0x7f77b4348240 2, 0 0, L_0x7f77b40cca90; 1 drivers
v0x7f77b4348240_3 .net v0x7f77b4348240 3, 0 0, L_0x7f77b40ccf80; 1 drivers
E_0x7f77b40c16d0 .event negedge, v0x7f77b2f4b0b0_0;
S_0x7f77b40c1710 .scope begin, "$ivl_for_loop8" "$ivl_for_loop8" 4 107, 4 107 0, S_0x7f77b409b580;
 .timescale -9 -12;
v0x7f77b40c18d0_0 .var/2s "i", 31 0;
S_0x7f77b40c1990 .scope autotask, "cabin_call" "cabin_call" 4 87, 4 87 0, S_0x7f77b409b580;
 .timescale -9 -12;
v0x7f77b40c1b60_0 .var "floor", 2 0;
v0x7f77b40c1bf0_0 .var/2s "lift", 31 0;
TD_elevator_group_tb.cabin_call ;
    %wait E_0x7f77b40c16d0;
    %pushi/vec4 1, 0, 1;
    %ix/getv/s 4, v0x7f77b40c1bf0_0;
    %flag_mov 8, 4;
    %ix/getv 5, v0x7f77b40c1b60_0;
    %flag_or 4, 8;
    %store/vec4a v0x7f77b4346c80, 4, 5;
    %wait E_0x7f77b40c16d0;
    %pushi/vec4 0, 0, 1;
    %ix/getv/s 4, v0x7f77b40c1bf0_0;
    %flag_mov 8, 4;
    %ix/getv 5, v0x7f77b40c1b60_0;
    %flag_or 4, 8;
    %store/vec4a v0x7f77b4346c80, 4, 5;
    %end;
S_0x7f77b40c1c80 .scope module, "dut" "elevator_group" 4 46, 5 190 0, S_0x7f77b409b580;
 .timescale -9 -12;
    .port_info 0 /INPUT 1 "clk";
    .port_info 1 /INPUT 1 "reset";
    .port_info 2 /INPUT 1 "hall_req_valid";
    .port_info 3 /INPUT 3 "hall_req_floor";
    .port_info 4 /INPUT 1 "hall_req_up";
    .port_info 5 /INPUT 8 "hall_up_buttons";
    .port_info 6 /INPUT 8 "hall_down_buttons";
    .port_info 7 /INPUT 32 "cabin_buttons";
    .port_info 8 /INPUT 4 "emergency_stop";
    .port_info 9 /INPUT 4 "door_obstructed";
    .port_info 10 /OUTPUT 4 "door_open";
    .port_info 11 /OUTPUT 4 "idle";
    .port_info 12 /OUTPUT 4 "moving_up";
    .port_info 13 /OUTPUT 4 "moving_down";
    .port_info 14 /OUTPUT 4 "service_dir_up";
    .port_info 15 /OUTPUT 4 "service_dir_down";
    .port_info 16 /OUTPUT 12 "current_floor";
    .port_info 17 /OUTPUT 32 "pending_requests";
    .port_info 18 /OUTPUT 12 "max_request";
    .port_info 19 /OUTPUT 12 "min_request";
    .port_info 20 /OUTPUT 4 "estop_latched";
    .port_info 21 /OUTPUT 12 "fsm_state";
    .port_info 22 /OUTPUT 2 "last_assigned_lift";
    .port_info 23 /OUTPUT 3 "last_assigned_floor";
    .port_info 24 /OUTPUT 1 "last_assigned_up";
    .port_info 25 /OUTPUT 1 "hall_queue_full";
    .port_info 26 /OUTPUT 4 "hall_queue_count";
P_0x7f77b40c1e40 .param/l "DOOR_OPEN_CYCLES" 0 5 193, C4<00000000000000000000000000000100>;
P_0x7f77b40c1e80 .param/l "FLOOR_W" 0 5 194, C4<00000000000000000000000000000011>;
P_0x7f77b40c1ec0 .param/l "HALL_QUEUE_DEPTH" 0 5 196, C4<00000000000000000000000000001000>;
P_0x7f77b40c1f00 .param/l "LIFT_W" 0 5 195, C4<00000000000000000000000000000010>;
P_0x7f77b40c1f40 .param/l "NUM_FLOORS" 0 5 192, C4<00000000000000000000000000001000>;
P_0x7f77b40c1f80 .param/l "NUM_LIFTS" 0 5 191, C4<00000000000000000000000000000100>;
P_0x7f77b40c1fc0 .param/l "QUEUE_PTR_W" 0 5 197, C4<00000000000000000000000000000011>;
P_0x7f77b40c2000 .param/l "TOP_FLOOR" 1 5 234, C4<00000000000000000000000000000111>;
enum0x7f77b4051410 .enum4 (2)
   "DS_IDLE" 2'b00,
   "DS_ASSIGN" 2'b01
 ;
L_0x7f77b40c8d10 .functor NOT 8, L_0x7f77b40c8e50, C4<00000000>, C4<00000000>, C4<00000000>;
L_0x7f77b40c9000 .functor AND 8, v0x7f77b4347800_0, L_0x7f77b40c8d10, C4<11111111>, C4<11111111>;
L_0x7f77b40c8f50 .functor NOT 8, L_0x7f77b40c91d0, C4<00000000>, C4<00000000>, C4<00000000>;
L_0x7f77b40c93d0 .functor AND 8, v0x7f77b4347390_0, L_0x7f77b40c8f50, C4<11111111>, C4<11111111>;
L_0x7f77b40c9700 .functor BUFZ 2, v0x7f77b4345810_0, C4<00>, C4<00>, C4<00>;
L_0x7f77b40c9aa0 .functor BUFZ 3, v0x7f77b43456c0_0, C4<000>, C4<000>, C4<000>;
L_0x7f77b40c9b50 .functor BUFZ 1, v0x7f77b4345960_0, C4<0>, C4<0>, C4<0>;
L_0x7f77b40ca010 .functor BUFZ 4, v0x7f77b4344530_0, C4<0000>, C4<0000>, C4<0000>;
L_0x7f77b40c9990 .functor BUFZ 3, v0x7f77b2f506f0_0, C4<000>, C4<000>, C4<000>;
L_0x7f77b40ca1c0 .functor BUFZ 3, v0x7f77b431a830_0, C4<000>, C4<000>, C4<000>;
L_0x7f77b40ca230 .functor BUFZ 3, v0x7f77b4338b70_0, C4<000>, C4<000>, C4<000>;
L_0x7f77b40ca320 .functor BUFZ 3, v0x7f77b40c35f0_0, C4<000>, C4<000>, C4<000>;
L_0x7f77b40ca390 .functor BUFZ 1, v0x7f77b2f4ccf0_0, C4<0>, C4<0>, C4<0>;
L_0x7f77b40ca470 .functor BUFZ 1, v0x7f77b4311cd0_0, C4<0>, C4<0>, C4<0>;
L_0x7f77b40ca4e0 .functor BUFZ 1, v0x7f77b4339070_0, C4<0>, C4<0>, C4<0>;
L_0x7f77b40ca400 .functor BUFZ 1, v0x7f77b40c3be0_0, C4<0>, C4<0>, C4<0>;
L_0x7f77b40ca5d0 .functor BUFZ 1, L_0x7f77b40c4cf0, C4<0>, C4<0>, C4<0>;
L_0x7f77b40ca6d0 .functor BUFZ 1, L_0x7f77b40c5e00, C4<0>, C4<0>, C4<0>;
L_0x7f77b40ca760 .functor BUFZ 1, L_0x7f77b40c6ff0, C4<0>, C4<0>, C4<0>;
L_0x7f77b40ca550 .functor BUFZ 1, L_0x7f77b40c8310, C4<0>, C4<0>, C4<0>;
L_0x7f77b40ca8b0 .functor BUFZ 1, L_0x7f77b40c4e10, C4<0>, C4<0>, C4<0>;
L_0x7f77b40ca640 .functor BUFZ 1, L_0x7f77b40c5f40, C4<0>, C4<0>, C4<0>;
L_0x7f77b40caa20 .functor BUFZ 1, L_0x7f77b40c7130, C4<0>, C4<0>, C4<0>;
L_0x7f77b40ca7f0 .functor BUFZ 1, L_0x7f77b40c8450, C4<0>, C4<0>, C4<0>;
L_0x7f77b40cab70 .functor BUFZ 1, v0x7f77b2f49290_0, C4<0>, C4<0>, C4<0>;
L_0x7f77b40ca950 .functor BUFZ 1, v0x7f77b4319d30_0, C4<0>, C4<0>, C4<0>;
L_0x7f77b40cace0 .functor BUFZ 1, v0x7f77b4337e80_0, C4<0>, C4<0>, C4<0>;
L_0x7f77b40caab0 .functor BUFZ 1, v0x7f77b433e050_0, C4<0>, C4<0>, C4<0>;
L_0x7f77b40cae50 .functor BUFZ 1, v0x7f77b2f49e60_0, C4<0>, C4<0>, C4<0>;
L_0x7f77b40cac10 .functor BUFZ 1, v0x7f77b431a0e0_0, C4<0>, C4<0>, C4<0>;
L_0x7f77b40cafd0 .functor BUFZ 1, v0x7f77b4337d50_0, C4<0>, C4<0>, C4<0>;
L_0x7f77b40cad70 .functor BUFZ 1, v0x7f77b433df10_0, C4<0>, C4<0>, C4<0>;
L_0x7f77b40cb140 .functor BUFZ 1, v0x7f77b2f4ffa0_0, C4<0>, C4<0>, C4<0>;
L_0x7f77b40cb040 .functor BUFZ 1, v0x7f77b430f370_0, C4<0>, C4<0>, C4<0>;
L_0x7f77b40cb0d0 .functor BUFZ 1, v0x7f77b4338500_0, C4<0>, C4<0>, C4<0>;
L_0x7f77b40cb1b0 .functor BUFZ 1, v0x7f77b433e6d0_0, C4<0>, C4<0>, C4<0>;
L_0x7f77b40cb250 .functor BUFZ 8, v0x7f77b2f34d10_0, C4<00000000>, C4<00000000>, C4<00000000>;
L_0x7f77b40cb2e0 .functor BUFZ 8, v0x7f77b43344b0_0, C4<00000000>, C4<00000000>, C4<00000000>;
L_0x7f77b40cb380 .functor BUFZ 8, v0x7f77b4339a60_0, C4<00000000>, C4<00000000>, C4<00000000>;
L_0x7f77b40cb430 .functor BUFZ 8, v0x7f77b40c45d0_0, C4<00000000>, C4<00000000>, C4<00000000>;
v0x7f77b4342aa0_0 .array/port v0x7f77b4342aa0, 0;
L_0x7f77b40cb4d0 .functor BUFZ 12, v0x7f77b4342aa0_0, C4<000000000000>, C4<000000000000>, C4<000000000000>;
v0x7f77b4342aa0_1 .array/port v0x7f77b4342aa0, 1;
L_0x7f77b40cb580 .functor BUFZ 12, v0x7f77b4342aa0_1, C4<000000000000>, C4<000000000000>, C4<000000000000>;
v0x7f77b4342aa0_2 .array/port v0x7f77b4342aa0, 2;
L_0x7f77b40cb630 .functor BUFZ 12, v0x7f77b4342aa0_2, C4<000000000000>, C4<000000000000>, C4<000000000000>;
v0x7f77b4342aa0_3 .array/port v0x7f77b4342aa0, 3;
L_0x7f77b40cb700 .functor BUFZ 12, v0x7f77b4342aa0_3, C4<000000000000>, C4<000000000000>, C4<000000000000>;
v0x7f77b433f480_0 .net *"_ivl_20", 7 0, L_0x7f77b40c8e50;  1 drivers
L_0x7f77b4273ab8 .functor BUFT 1, C4<00000>, C4<0>, C4<0>, C4<0>;
v0x7f77b43430e0_0 .net *"_ivl_23", 4 0, L_0x7f77b4273ab8;  1 drivers
v0x7f77b4343170_0 .net *"_ivl_24", 7 0, L_0x7f77b40c8d10;  1 drivers
v0x7f77b4343200_0 .net *"_ivl_26", 7 0, L_0x7f77b40c9000;  1 drivers
v0x7f77b43432b0_0 .net *"_ivl_30", 7 0, L_0x7f77b40c91d0;  1 drivers
L_0x7f77b4273b00 .functor BUFT 1, C4<00000>, C4<0>, C4<0>, C4<0>;
v0x7f77b43433a0_0 .net *"_ivl_33", 4 0, L_0x7f77b4273b00;  1 drivers
v0x7f77b4343450_0 .net *"_ivl_34", 7 0, L_0x7f77b40c8f50;  1 drivers
v0x7f77b4343500_0 .net *"_ivl_36", 7 0, L_0x7f77b40c93d0;  1 drivers
L_0x7f77b4273b48 .functor BUFT 1, C4<0000>, C4<0>, C4<0>, C4<0>;
v0x7f77b43435b0_0 .net/2u *"_ivl_40", 3 0, L_0x7f77b4273b48;  1 drivers
L_0x7f77b4273b90 .functor BUFT 1, C4<000>, C4<0>, C4<0>, C4<0>;
v0x7f77b43436c0_0 .net/2u *"_ivl_45", 2 0, L_0x7f77b4273b90;  1 drivers
L_0x7f77b4273bd8 .functor BUFT 1, C4<0>, C4<0>, C4<0>, C4<0>;
v0x7f77b4343770_0 .net/2u *"_ivl_50", 0 0, L_0x7f77b4273bd8;  1 drivers
v0x7f77b4343820_0 .net *"_ivl_60", 31 0, L_0x7f77b40c9c60;  1 drivers
L_0x7f77b4273c20 .functor BUFT 1, C4<0000000000000000000000000000>, C4<0>, C4<0>, C4<0>;
v0x7f77b43438d0_0 .net *"_ivl_63", 27 0, L_0x7f77b4273c20;  1 drivers
L_0x7f77b4273c68 .functor BUFT 1, C4<00000000000000000000000000001000>, C4<0>, C4<0>, C4<0>;
v0x7f77b4343980_0 .net/2u *"_ivl_64", 31 0, L_0x7f77b4273c68;  1 drivers
L_0x7f77b4273cb0 .functor BUFT 1, C4<01>, C4<0>, C4<0>, C4<0>;
v0x7f77b4343a30_0 .net/2u *"_ivl_70", 1 0, L_0x7f77b4273cb0;  1 drivers
v0x7f77b4343ae0 .array "bottom_limit", 3 0;
v0x7f77b4343ae0_0 .net v0x7f77b4343ae0 0, 0 0, L_0x7f77b4349cd0; 1 drivers
v0x7f77b4343ae0_1 .net v0x7f77b4343ae0 1, 0 0, L_0x7f77b40c57d0; 1 drivers
v0x7f77b4343ae0_2 .net v0x7f77b4343ae0 2, 0 0, L_0x7f77b40c69c0; 1 drivers
v0x7f77b4343ae0_3 .net v0x7f77b4343ae0 3, 0 0, L_0x7f77b40c7d90; 1 drivers
v0x7f77b4343bd0 .array "cabin_buttons", 3 0;
v0x7f77b4343bd0_0 .net v0x7f77b4343bd0 0, 7 0, L_0x7f77b40cb7b0; 1 drivers
v0x7f77b4343bd0_1 .net v0x7f77b4343bd0 1, 7 0, L_0x7f77b40cba40; 1 drivers
v0x7f77b4343bd0_2 .net v0x7f77b4343bd0 2, 7 0, L_0x7f77b40cbb20; 1 drivers
v0x7f77b4343bd0_3 .net v0x7f77b4343bd0 3, 7 0, L_0x7f77b40caee0; 1 drivers
v0x7f77b4343dc0_0 .net "clk", 0 0, v0x7f77b4346d90_0;  1 drivers
v0x7f77b4343e50 .array "current_floor", 3 0;
v0x7f77b4343e50_0 .net v0x7f77b4343e50 0, 2 0, v0x7f77b2f506f0_0; 1 drivers
v0x7f77b4343e50_1 .net v0x7f77b4343e50 1, 2 0, v0x7f77b431a830_0; 1 drivers
v0x7f77b4343e50_2 .net v0x7f77b4343e50 2, 2 0, v0x7f77b4338b70_0; 1 drivers
v0x7f77b4343e50_3 .net v0x7f77b4343e50 3, 2 0, v0x7f77b40c35f0_0; 1 drivers
v0x7f77b4343f40_0 .net "dispatch_valid", 0 0, v0x7f77b4341f00_0;  1 drivers
v0x7f77b4343ff0_0 .net "door_obstructed", 3 0, v0x7f77b4346f30_0;  1 drivers
v0x7f77b4344080 .array "door_open", 3 0;
v0x7f77b4344080_0 .net v0x7f77b4344080 0, 0 0, v0x7f77b2f48850_0; 1 drivers
v0x7f77b4344080_1 .net v0x7f77b4344080 1, 0 0, v0x7f77b4309370_0; 1 drivers
v0x7f77b4344080_2 .net v0x7f77b4344080 2, 0 0, v0x7f77b4338100_0; 1 drivers
v0x7f77b4344080_3 .net v0x7f77b4344080 3, 0 0, v0x7f77b433e2d0_0; 1 drivers
v0x7f77b43441b0_0 .var "ds_q", 1 0;
v0x7f77b4344240_0 .net "emergency_stop", 3 0, v0x7f77b43470f0_0;  1 drivers
v0x7f77b43442d0 .array "estop_latched", 3 0;
v0x7f77b43442d0_0 .net v0x7f77b43442d0 0, 0 0, v0x7f77b2f4ffa0_0; 1 drivers
v0x7f77b43442d0_1 .net v0x7f77b43442d0 1, 0 0, v0x7f77b430f370_0; 1 drivers
v0x7f77b43442d0_2 .net v0x7f77b43442d0 2, 0 0, v0x7f77b4338500_0; 1 drivers
v0x7f77b43442d0_3 .net v0x7f77b43442d0 3, 0 0, v0x7f77b433e6d0_0; 1 drivers
v0x7f77b4344400 .array "fsm_state", 3 0;
v0x7f77b4344400_0 .net v0x7f77b4344400 0, 2 0, L_0x7f77b40c5210; 1 drivers
v0x7f77b4344400_1 .net v0x7f77b4344400 1, 2 0, L_0x7f77b40c6360; 1 drivers
v0x7f77b4344400_2 .net v0x7f77b4344400 2, 2 0, L_0x7f77b40c7550; 1 drivers
v0x7f77b4344400_3 .net v0x7f77b4344400 3, 2 0, L_0x7f77b40c8870; 1 drivers
v0x7f77b4344530_0 .var "hall_count_q", 3 0;
v0x7f77b43445c0_0 .net "hall_down_buttons", 7 0, v0x7f77b4347390_0;  1 drivers
v0x7f77b4344650_0 .net "hall_down_edge", 2 0, L_0x7f77b40c9500;  1 drivers
v0x7f77b43446e0_0 .var "hall_down_latched", 2 0;
v0x7f77b4344770_0 .var "hall_down_rise_floor", 2 0;
v0x7f77b4344810_0 .var "hall_down_rise_valid", 0 0;
v0x7f77b43448b0 .array "hall_q_floor", 7 0, 2 0;
v0x7f77b4344b40 .array "hall_q_up", 7 0, 0 0;
v0x7f77b4344c60_0 .net "hall_queue_count", 3 0, L_0x7f77b40ca010;  alias, 1 drivers
v0x7f77b4344d10_0 .net "hall_queue_full", 0 0, L_0x7f77b40c9dc0;  alias, 1 drivers
v0x7f77b4344db0_0 .net "hall_req_floor", 2 0, v0x7f77b43475f0_0;  1 drivers
v0x7f77b4344e60_0 .net "hall_req_up", 0 0, v0x7f77b43476a0_0;  1 drivers
v0x7f77b4344f00_0 .net "hall_req_valid", 0 0, v0x7f77b4347750_0;  1 drivers
v0x7f77b4344fa0_0 .net "hall_up_buttons", 7 0, v0x7f77b4347800_0;  1 drivers
v0x7f77b4345050_0 .net "hall_up_edge", 2 0, L_0x7f77b40c90f0;  1 drivers
v0x7f77b4345100_0 .var "hall_up_latched", 2 0;
v0x7f77b43451b0_0 .var "hall_up_rise_floor", 2 0;
v0x7f77b4345260_0 .var "hall_up_rise_valid", 0 0;
v0x7f77b4345300_0 .net "head_floor", 2 0, L_0x7f77b40c97d0;  1 drivers
v0x7f77b43453c0_0 .net "head_up", 0 0, L_0x7f77b40c98f0;  1 drivers
v0x7f77b4345470_0 .net "head_valid", 0 0, L_0x7f77b40c95e0;  1 drivers
v0x7f77b4345500 .array "idle", 3 0;
v0x7f77b4345500_0 .net v0x7f77b4345500 0, 0 0, v0x7f77b2f4ccf0_0; 1 drivers
v0x7f77b4345500_1 .net v0x7f77b4345500 1, 0 0, v0x7f77b4311cd0_0; 1 drivers
v0x7f77b4345500_2 .net v0x7f77b4345500 2, 0 0, v0x7f77b4339070_0; 1 drivers
v0x7f77b4345500_3 .net v0x7f77b4345500 3, 0 0, v0x7f77b40c3be0_0; 1 drivers
v0x7f77b4345630_0 .net "last_assigned_floor", 2 0, L_0x7f77b40c9aa0;  alias, 1 drivers
v0x7f77b43456c0_0 .var "last_assigned_floor_q", 2 0;
v0x7f77b4345760_0 .net "last_assigned_lift", 1 0, L_0x7f77b40c9700;  alias, 1 drivers
v0x7f77b4345810_0 .var "last_assigned_lift_q", 1 0;
v0x7f77b43458c0_0 .net "last_assigned_up", 0 0, L_0x7f77b40c9b50;  alias, 1 drivers
v0x7f77b4345960_0 .var "last_assigned_up_q", 0 0;
v0x7f77b4345a00_0 .var "lift_req_cabin", 3 0;
v0x7f77b4345ab0 .array "lift_req_floor", 3 0, 2 0;
v0x7f77b4345bf0_0 .var "lift_req_hall_up", 3 0;
v0x7f77b4345c80_0 .var "lift_req_valid", 3 0;
v0x7f77b4345d30 .array "lift_score", 3 0;
v0x7f77b4345d30_0 .net v0x7f77b4345d30 0, 11 0, L_0x7f77b40cb4d0; 1 drivers
v0x7f77b4345d30_1 .net v0x7f77b4345d30 1, 11 0, L_0x7f77b40cb580; 1 drivers
v0x7f77b4345d30_2 .net v0x7f77b4345d30 2, 11 0, L_0x7f77b40cb630; 1 drivers
v0x7f77b4345d30_3 .net v0x7f77b4345d30 3, 11 0, L_0x7f77b40cb700; 1 drivers
v0x7f77b4345e30 .array "max_request", 3 0;
v0x7f77b4345e30_0 .net v0x7f77b4345e30 0, 2 0, v0x7f77b2f35b40_0; 1 drivers
v0x7f77b4345e30_1 .net v0x7f77b4345e30 1, 2 0, v0x7f77b4311920_0; 1 drivers
v0x7f77b4345e30_2 .net v0x7f77b4345e30 2, 2 0, v0x7f77b43391c0_0; 1 drivers
v0x7f77b4345e30_3 .net v0x7f77b4345e30 3, 2 0, v0x7f77b40c3d30_0; 1 drivers
v0x7f77b4345f70 .array "min_request", 3 0;
v0x7f77b4345f70_0 .net v0x7f77b4345f70 0, 2 0, v0x7f77b2f350c0_0; 1 drivers
v0x7f77b4345f70_1 .net v0x7f77b4345f70 1, 2 0, v0x7f77b4310220_0; 1 drivers
v0x7f77b4345f70_2 .net v0x7f77b4345f70 2, 2 0, v0x7f77b43393d0_0; 1 drivers
v0x7f77b4345f70_3 .net v0x7f77b4345f70 3, 2 0, v0x7f77b40c3f40_0; 1 drivers
v0x7f77b43460a0 .array "moving_down", 3 0;
v0x7f77b43460a0_0 .net v0x7f77b43460a0 0, 0 0, L_0x7f77b40c4e10; 1 drivers
v0x7f77b43460a0_1 .net v0x7f77b43460a0 1, 0 0, L_0x7f77b40c5f40; 1 drivers
v0x7f77b43460a0_2 .net v0x7f77b43460a0 2, 0 0, L_0x7f77b40c7130; 1 drivers
v0x7f77b43460a0_3 .net v0x7f77b43460a0 3, 0 0, L_0x7f77b40c8450; 1 drivers
v0x7f77b43461d0 .array "moving_up", 3 0;
v0x7f77b43461d0_0 .net v0x7f77b43461d0 0, 0 0, L_0x7f77b40c4cf0; 1 drivers
v0x7f77b43461d0_1 .net v0x7f77b43461d0 1, 0 0, L_0x7f77b40c5e00; 1 drivers
v0x7f77b43461d0_2 .net v0x7f77b43461d0 2, 0 0, L_0x7f77b40c6ff0; 1 drivers
v0x7f77b43461d0_3 .net v0x7f77b43461d0 3, 0 0, L_0x7f77b40c8310; 1 drivers
v0x7f77b43462e0 .array "pending_requests", 3 0;
v0x7f77b43462e0_0 .net v0x7f77b43462e0 0, 7 0, v0x7f77b2f34d10_0; 1 drivers
v0x7f77b43462e0_1 .net v0x7f77b43462e0 1, 7 0, v0x7f77b43344b0_0; 1 drivers
v0x7f77b43462e0_2 .net v0x7f77b43462e0 2, 7 0, v0x7f77b4339a60_0; 1 drivers
v0x7f77b43462e0_3 .net v0x7f77b43462e0 3, 7 0, v0x7f77b40c45d0_0; 1 drivers
v0x7f77b4346410_0 .net "reset", 0 0, v0x7f77b43480c0_0;  1 drivers
v0x7f77b4344940_0 .net "selected_lift", 1 0, v0x7f77b4342d40_0;  1 drivers
v0x7f77b43449f0_0 .net "selected_score", 11 0, v0x7f77b4342ed0_0;  1 drivers
v0x7f77b4344aa0 .array "service_dir_down", 3 0;
v0x7f77b4344aa0_0 .net v0x7f77b4344aa0 0, 0 0, v0x7f77b2f49e60_0; 1 drivers
v0x7f77b4344aa0_1 .net v0x7f77b4344aa0 1, 0 0, v0x7f77b431a0e0_0; 1 drivers
v0x7f77b4344aa0_2 .net v0x7f77b4344aa0 2, 0 0, v0x7f77b4337d50_0; 1 drivers
v0x7f77b4344aa0_3 .net v0x7f77b4344aa0 3, 0 0, v0x7f77b433df10_0; 1 drivers
v0x7f77b4346540 .array "service_dir_up", 3 0;
v0x7f77b4346540_0 .net v0x7f77b4346540 0, 0 0, v0x7f77b2f49290_0; 1 drivers
v0x7f77b4346540_1 .net v0x7f77b4346540 1, 0 0, v0x7f77b4319d30_0; 1 drivers
v0x7f77b4346540_2 .net v0x7f77b4346540 2, 0 0, v0x7f77b4337e80_0; 1 drivers
v0x7f77b4346540_3 .net v0x7f77b4346540 3, 0 0, v0x7f77b433e050_0; 1 drivers
v0x7f77b4346650 .array "top_limit", 3 0;
v0x7f77b4346650_0 .net v0x7f77b4346650 0, 0 0, L_0x7f77b4349b70; 1 drivers
v0x7f77b4346650_1 .net v0x7f77b4346650 1, 0 0, L_0x7f77b40c5670; 1 drivers
v0x7f77b4346650_2 .net v0x7f77b4346650 2, 0 0, L_0x7f77b40c68a0; 1 drivers
v0x7f77b4346650_3 .net v0x7f77b4346650 3, 0 0, L_0x7f77b40c4bf0; 1 drivers
E_0x7f77b40c2800/0 .event anyedge, v0x7f77b43441b0_0, v0x7f77b4341f00_0, v0x7f77b4342d40_0, v0x7f77b4341fb0_0;
E_0x7f77b40c2800/1 .event anyedge, v0x7f77b4342050_0;
E_0x7f77b40c2800 .event/or E_0x7f77b40c2800/0, E_0x7f77b40c2800/1;
E_0x7f77b40c2870 .event anyedge, v0x7f77b4345050_0, v0x7f77b4344650_0;
L_0x7f77b40c5280 .part v0x7f77b4345c80_0, 0, 1;
L_0x7f77b40c5320 .part v0x7f77b4345a00_0, 0, 1;
L_0x7f77b40c53c0 .part v0x7f77b4345bf0_0, 0, 1;
L_0x7f77b40c5460 .part v0x7f77b43470f0_0, 0, 1;
L_0x7f77b40c5540 .part v0x7f77b4346f30_0, 0, 1;
L_0x7f77b40c63d0 .part v0x7f77b4345c80_0, 1, 1;
L_0x7f77b40c64b0 .part v0x7f77b4345a00_0, 1, 1;
L_0x7f77b40c65d0 .part v0x7f77b4345bf0_0, 1, 1;
L_0x7f77b40c66b0 .part v0x7f77b43470f0_0, 1, 1;
L_0x7f77b40c67c0 .part v0x7f77b4346f30_0, 1, 1;
L_0x7f77b40c75c0 .part v0x7f77b4345c80_0, 2, 1;
L_0x7f77b40c76c0 .part v0x7f77b4345a00_0, 2, 1;
L_0x7f77b40c7780 .part v0x7f77b4345bf0_0, 2, 1;
L_0x7f77b40c78b0 .part v0x7f77b43470f0_0, 2, 1;
L_0x7f77b40c79f0 .part v0x7f77b4346f30_0, 2, 1;
L_0x7f77b40c88e0 .part v0x7f77b4345c80_0, 3, 1;
L_0x7f77b40c8a00 .part v0x7f77b4345a00_0, 3, 1;
L_0x7f77b40c8bd0 .part v0x7f77b4345bf0_0, 3, 1;
L_0x7f77b40c8c70 .part v0x7f77b43470f0_0, 3, 1;
L_0x7f77b40c8db0 .part v0x7f77b4346f30_0, 3, 1;
L_0x7f77b40c8e50 .concat [ 3 5 0 0], v0x7f77b4345100_0, L_0x7f77b4273ab8;
L_0x7f77b40c90f0 .part L_0x7f77b40c9000, 0, 3;
L_0x7f77b40c91d0 .concat [ 3 5 0 0], v0x7f77b43446e0_0, L_0x7f77b4273b00;
L_0x7f77b40c9500 .part L_0x7f77b40c93d0, 0, 3;
L_0x7f77b40c95e0 .cmp/ne 4, v0x7f77b4344530_0, L_0x7f77b4273b48;
v0x7f77b43448b0_0 .array/port v0x7f77b43448b0, 0;
L_0x7f77b40c97d0 .functor MUXZ 3, L_0x7f77b4273b90, v0x7f77b43448b0_0, L_0x7f77b40c95e0, C4<>;
v0x7f77b4344b40_0 .array/port v0x7f77b4344b40, 0;
L_0x7f77b40c98f0 .functor MUXZ 1, L_0x7f77b4273bd8, v0x7f77b4344b40_0, L_0x7f77b40c95e0, C4<>;
L_0x7f77b40c9c60 .concat [ 4 28 0 0], v0x7f77b4344530_0, L_0x7f77b4273c20;
L_0x7f77b40c9dc0 .cmp/ge 32, L_0x7f77b40c9c60, L_0x7f77b4273c68;
L_0x7f77b40ca0c0 .cmp/eq 2, v0x7f77b43441b0_0, L_0x7f77b4273cb0;
S_0x7f77b40c28d0 .scope begin, "$ivl_for_loop5" "$ivl_for_loop5" 5 300, 5 300 0, S_0x7f77b40c1c80;
 .timescale -9 -12;
v0x7f77b40c2aa0_0 .var/2s "i", 31 0;
S_0x7f77b40c2b60 .scope begin, "$ivl_for_loop6" "$ivl_for_loop6" 5 307, 5 307 0, S_0x7f77b40c1c80;
 .timescale -9 -12;
v0x7f77b40c2d30_0 .var/2s "i", 31 0;
S_0x7f77b40c2dc0 .scope begin, "$ivl_for_loop7" "$ivl_for_loop7" 5 345, 5 345 0, S_0x7f77b40c1c80;
 .timescale -9 -12;
v0x7f77b40c2f50_0 .var/2s "i", 31 0;
S_0x7f77b40c2ff0 .scope begin, "$unm_blk_99" "$unm_blk_99" 5 397, 5 397 0, S_0x7f77b40c1c80;
 .timescale -9 -12;
v0x7f77b40c31b0_0 .var "count_next", 3 0;
v0x7f77b40c3270_0 .var "duplicate", 0 0;
v0x7f77b40c3310 .array "floor_next", 7 0, 2 0;
v0x7f77b40c33c0_0 .var/i "i", 31 0;
v0x7f77b40c3470_0 .var/i "j", 31 0;
v0x7f77b40c3560 .array "up_next", 7 0, 0 0;
S_0x7f77b2f4fac0 .scope generate, "gen_lifts[0]" "gen_lifts[0]" 5 359, 5 359 0, S_0x7f77b40c1c80;
 .timescale -9 -12;
P_0x7f77b2f4b020 .param/l "gi" 1 5 359, +C4<00>;
L_0x7f77b42733f8 .functor BUFT 1, C4<111>, C4<0>, C4<0>, C4<0>;
v0x7f77b2f067b0_0 .net/2u *"_ivl_2", 2 0, L_0x7f77b42733f8;  1 drivers
L_0x7f77b4273440 .functor BUFT 1, C4<000>, C4<0>, C4<0>, C4<0>;
v0x7f77b2f06840_0 .net/2u *"_ivl_8", 2 0, L_0x7f77b4273440;  1 drivers
L_0x7f77b4349b70 .cmp/eq 3, v0x7f77b2f506f0_0, L_0x7f77b42733f8;
L_0x7f77b4349cd0 .cmp/eq 3, v0x7f77b2f506f0_0, L_0x7f77b4273440;
S_0x7f77b2f4ef60 .scope module, "u_lift" "elevator_controller" 5 367, 3 8 0, S_0x7f77b2f4fac0;
 .timescale -9 -12;
    .port_info 0 /INPUT 1 "clk";
    .port_info 1 /INPUT 1 "reset";
    .port_info 2 /INPUT 1 "req_valid";
    .port_info 3 /INPUT 3 "req_floor";
    .port_info 4 /INPUT 1 "req_cabin";
    .port_info 5 /INPUT 1 "req_hall_up";
    .port_info 6 /INPUT 8 "cabin_buttons";
    .port_info 7 /INPUT 8 "hall_up_buttons";
    .port_info 8 /INPUT 8 "hall_down_buttons";
    .port_info 9 /INPUT 1 "emergency_stop";
    .port_info 10 /INPUT 1 "top_limit";
    .port_info 11 /INPUT 1 "bottom_limit";
    .port_info 12 /INPUT 1 "door_obstructed";
    .port_info 13 /OUTPUT 1 "door_open";
    .port_info 14 /OUTPUT 1 "idle";
    .port_info 15 /OUTPUT 1 "moving_up";
    .port_info 16 /OUTPUT 1 "moving_down";
    .port_info 17 /OUTPUT 1 "service_dir_up";
    .port_info 18 /OUTPUT 1 "service_dir_down";
    .port_info 19 /OUTPUT 3 "current_floor";
    .port_info 20 /OUTPUT 8 "pending_requests";
    .port_info 21 /OUTPUT 3 "max_request";
    .port_info 22 /OUTPUT 3 "min_request";
    .port_info 23 /OUTPUT 1 "estop_latched";
    .port_info 24 /OUTPUT 3 "fsm_state";
P_0x7f77b2f4f510 .param/l "DOOR_OPEN_CYCLES" 0 3 10, C4<00000000000000000000000000000100>;
P_0x7f77b2f4f550 .param/l "DOOR_TIMER_W" 0 3 12, C4<00000000000000000000000000000011>;
P_0x7f77b2f4f590 .param/l "FLOOR_W" 0 3 11, C4<00000000000000000000000000000011>;
P_0x7f77b2f4f5d0 .param/l "MIN_INIT" 1 3 52, C4<111>;
P_0x7f77b2f4f610 .param/l "NUM_FLOORS" 0 3 9, C4<00000000000000000000000000001000>;
P_0x7f77b2f4f650 .param/l "TOP_FLOOR" 1 3 51, C4<00000000000000000000000000000111>;
enum0x7f77b4057e40 .enum4 (3)
   "ST_RESET" 3'b000,
   "ST_DOOR_CLOSED_IDLE" 3'b001,
   "ST_DOOR_OPEN_IDLE" 3'b010,
   "ST_MOVING_UP" 3'b011,
   "ST_MOVING_DOWN" 3'b100,
   "ST_UP_DIR_SETTER" 3'b101,
   "ST_DOWN_DIR_SETTER" 3'b110
 ;
L_0x7f77b40c5210 .functor BUFZ 3, v0x7f77b2f48ab0_0, C4<000>, C4<000>, C4<000>;
L_0x7f77b4273488 .functor BUFT 1, C4<011>, C4<0>, C4<0>, C4<0>;
v0x7f77b2f51520_0 .net/2u *"_ivl_12", 2 0, L_0x7f77b4273488;  1 drivers
L_0x7f77b42734d0 .functor BUFT 1, C4<100>, C4<0>, C4<0>, C4<0>;
v0x7f77b2f4e340_0 .net/2u *"_ivl_16", 2 0, L_0x7f77b42734d0;  1 drivers
v0x7f77b2f4e3d0_0 .var "any_request", 0 0;
v0x7f77b2f4baf0_0 .net "bottom_limit", 0 0, L_0x7f77b4349cd0;  alias, 1 drivers
v0x7f77b2f4bb80_0 .net "cabin_buttons", 7 0, L_0x7f77b40cb7b0;  alias, 1 drivers
v0x7f77b2f4b940_0 .var "can_move_down", 0 0;
v0x7f77b2f4b9d0_0 .var "can_move_up", 0 0;
v0x7f77b2f4b0b0_0 .net "clk", 0 0, v0x7f77b4346d90_0;  alias, 1 drivers
v0x7f77b2f4b140_0 .net "current_floor", 2 0, v0x7f77b2f506f0_0;  alias, 1 drivers
v0x7f77b2f49dd0_0 .var "dir_down_d", 0 0;
v0x7f77b2f49e60_0 .var "dir_down_q", 0 0;
v0x7f77b2f49200_0 .var "dir_up_d", 0 0;
v0x7f77b2f49290_0 .var "dir_up_q", 0 0;
v0x7f77b2f49050_0 .net "door_obstructed", 0 0, L_0x7f77b40c5540;  1 drivers
v0x7f77b2f490e0_0 .net "door_open", 0 0, v0x7f77b2f48850_0;  alias, 1 drivers
v0x7f77b2f487c0_0 .var "door_open_d", 0 0;
v0x7f77b2f48850_0 .var "door_open_q", 0 0;
v0x7f77b2f364c0_0 .var "door_timer_d", 2 0;
v0x7f77b2f36550_0 .var "door_timer_q", 2 0;
v0x7f77b2f50350_0 .net "emergency_stop", 0 0, L_0x7f77b40c5460;  1 drivers
v0x7f77b2f503e0_0 .var "estop_active_d", 0 0;
v0x7f77b2f4ffa0_0 .var "estop_active_q", 0 0;
v0x7f77b2f50030_0 .net "estop_latched", 0 0, v0x7f77b2f4ffa0_0;  alias, 1 drivers
v0x7f77b2f4b520_0 .var "estop_saved_dir_down_d", 0 0;
v0x7f77b2f4b5b0_0 .var "estop_saved_dir_down_q", 0 0;
v0x7f77b2f48c30_0 .var "estop_saved_dir_up_d", 0 0;
v0x7f77b2f48cc0_0 .var "estop_saved_dir_up_q", 0 0;
v0x7f77b2f357a0_0 .var "estop_saved_state_d", 2 0;
v0x7f77b2f35830_0 .var "estop_saved_state_q", 2 0;
v0x7f77b2f353f0_0 .var "floor_d", 2 0;
v0x7f77b2f35480_0 .var "floor_has_request", 0 0;
v0x7f77b2f506f0_0 .var "floor_q", 2 0;
v0x7f77b2f50780_0 .net "fsm_state", 2 0, L_0x7f77b40c5210;  alias, 1 drivers
L_0x7f77b4273560 .functor BUFT 1, C4<00000000>, C4<0>, C4<0>, C4<0>;
v0x7f77b2f36c70_0 .net "hall_down_buttons", 7 0, L_0x7f77b4273560;  1 drivers
L_0x7f77b4273518 .functor BUFT 1, C4<00000000>, C4<0>, C4<0>, C4<0>;
v0x7f77b2f36d00_0 .net "hall_up_buttons", 7 0, L_0x7f77b4273518;  1 drivers
v0x7f77b2f4dd70_0 .net "idle", 0 0, v0x7f77b2f4ccf0_0;  alias, 1 drivers
v0x7f77b2f4de00_0 .var "idle_d", 0 0;
v0x7f77b2f4ccf0_0 .var "idle_q", 0 0;
v0x7f77b2f4cd80_0 .var "max_req_d", 2 0;
v0x7f77b2f35b40_0 .var "max_req_q", 2 0;
v0x7f77b2f35bd0_0 .net "max_request", 2 0, v0x7f77b2f35b40_0;  alias, 1 drivers
v0x7f77b2f35030_0 .var "min_req_d", 2 0;
v0x7f77b2f350c0_0 .var "min_req_q", 2 0;
v0x7f77b2f37910_0 .net "min_request", 2 0, v0x7f77b2f350c0_0;  alias, 1 drivers
v0x7f77b2f379a0_0 .net "moving_down", 0 0, L_0x7f77b40c4e10;  alias, 1 drivers
v0x7f77b2f37560_0 .net "moving_up", 0 0, L_0x7f77b40c4cf0;  alias, 1 drivers
v0x7f77b2f375f0_0 .net "pending_requests", 7 0, v0x7f77b2f34d10_0;  alias, 1 drivers
v0x7f77b2f371b0_0 .net "req_cabin", 0 0, L_0x7f77b40c5320;  1 drivers
v0x7f77b4345ab0_0 .array/port v0x7f77b4345ab0, 0;
v0x7f77b2f37240_0 .net "req_floor", 2 0, v0x7f77b4345ab0_0;  1 drivers
v0x7f77b2f35ef0_0 .net "req_hall_up", 0 0, L_0x7f77b40c53c0;  1 drivers
v0x7f77b2f35f80_0 .net "req_valid", 0 0, L_0x7f77b40c5280;  1 drivers
v0x7f77b2f34c80_0 .var "requests_d", 7 0;
v0x7f77b2f34d10_0 .var "requests_q", 7 0;
v0x7f77b2f4b310_0 .net "reset", 0 0, v0x7f77b43480c0_0;  alias, 1 drivers
v0x7f77b2f4b3a0_0 .net "service_dir_down", 0 0, v0x7f77b2f49e60_0;  alias, 1 drivers
v0x7f77b2f4b430_0 .net "service_dir_up", 0 0, v0x7f77b2f49290_0;  alias, 1 drivers
v0x7f77b2f48a20_0 .var "state_d", 2 0;
v0x7f77b2f48ab0_0 .var "state_q", 2 0;
v0x7f77b2f48b40_0 .net "top_limit", 0 0, L_0x7f77b4349b70;  alias, 1 drivers
E_0x7f77b2f47580 .event posedge, v0x7f77b2f4b310_0, v0x7f77b2f4b0b0_0;
E_0x7f77b2f0c720/0 .event anyedge, v0x7f77b2f48ab0_0, v0x7f77b2f34d10_0, v0x7f77b2f35b40_0, v0x7f77b2f350c0_0;
E_0x7f77b2f0c720/1 .event anyedge, v0x7f77b2f506f0_0, v0x7f77b2f49290_0, v0x7f77b2f49e60_0, v0x7f77b2f48850_0;
E_0x7f77b2f0c720/2 .event anyedge, v0x7f77b2f4ccf0_0, v0x7f77b2f36550_0, v0x7f77b2f4ffa0_0, v0x7f77b2f48cc0_0;
E_0x7f77b2f0c720/3 .event anyedge, v0x7f77b2f4b5b0_0, v0x7f77b2f35830_0, v0x7f77b2f48b40_0, v0x7f77b2f4baf0_0;
E_0x7f77b2f0c720/4 .event anyedge, v0x7f77b2f4bb80_0, v0x7f77b2f36d00_0, v0x7f77b2f36c70_0, v0x7f77b2f35f80_0;
E_0x7f77b2f0c720/5 .event anyedge, v0x7f77b2f37240_0, v0x7f77b2f371b0_0, v0x7f77b2f35ef0_0, v0x7f77b2f4b310_0;
E_0x7f77b2f0c720/6 .event anyedge, v0x7f77b2f50350_0, v0x7f77b2f49050_0;
E_0x7f77b2f0c720 .event/or E_0x7f77b2f0c720/0, E_0x7f77b2f0c720/1, E_0x7f77b2f0c720/2, E_0x7f77b2f0c720/3, E_0x7f77b2f0c720/4, E_0x7f77b2f0c720/5, E_0x7f77b2f0c720/6;
L_0x7f77b40c4cf0 .cmp/eq 3, v0x7f77b2f48ab0_0, L_0x7f77b4273488;
L_0x7f77b40c4e10 .cmp/eq 3, v0x7f77b2f48ab0_0, L_0x7f77b42734d0;
S_0x7f77b2f4e9b0 .scope begin, "$unm_blk_16" "$unm_blk_16" 3 214, 3 214 0, S_0x7f77b2f4ef60;
 .timescale -9 -12;
v0x7f77b2f0c8b0_0 .var "new_req_bits", 7 0;
S_0x7f77b2f4ad00 .scope autofunction.vec4.s3, "clamp_floor" "clamp_floor" 3 134, 3 134 0, S_0x7f77b2f4ef60;
 .timescale -9 -12;
; Variable clamp_floor is vec4 return value of scope S_0x7f77b2f4ad00
v0x7f77b2f4c1c0_0 .var "floor", 2 0;
TD_elevator_group_tb.dut.gen_lifts\x5B0\x5D.u_lift.clamp_floor ;
    %load/vec4 v0x7f77b2f4c1c0_0;
    %cmpi/u 7, 0, 3;
    %flag_or 5, 4; GT is !LE
    %flag_inv 5;
    %jmp/0xz  T_6.40, 5;
    %pushi/vec4 7, 0, 3;
    %ret/vec4 0, 0, 3;  Assign to clamp_floor (store_vec4_to_lval)
    %disable/flow S_0x7f77b2f4ad00;
T_6.40 ;
    %load/vec4 v0x7f77b2f4c1c0_0;
    %ret/vec4 0, 0, 3;  Assign to clamp_floor (store_vec4_to_lval)
    %disable/flow S_0x7f77b2f4ad00;
    %end;
S_0x7f77b2f4aa80 .scope autofunction.vec4.s8, "collect_new_requests" "collect_new_requests" 3 169, 3 169 0, S_0x7f77b2f4ef60;
 .timescale -9 -12;
v0x7f77b2f4bfb0_0 .var "additions", 7 0;
v0x7f77b2f4b740_0 .var "cabin_req", 7 0;
; Variable collect_new_requests is vec4 return value of scope S_0x7f77b2f4aa80
v0x7f77b2f4a740_0 .var "cur_dir_down", 0 0;
v0x7f77b2f4a7d0_0 .var "cur_dir_up", 0 0;
v0x7f77b2f49a60_0 .var "cur_floor", 2 0;
v0x7f77b2f49af0_0 .var "cur_idle", 0 0;
v0x7f77b2f49450_0 .var "hall_down_req", 7 0;
v0x7f77b2f494e0_0 .var "hall_up_req", 7 0;
v0x7f77b2f47e40_0 .var "idx", 2 0;
v0x7f77b2f47ed0_0 .var "pulse_cabin", 0 0;
v0x7f77b2f47640_0 .var "pulse_floor", 2 0;
v0x7f77b2f476d0_0 .var "pulse_hall_up", 0 0;
v0x7f77b2f46f30_0 .var "req_pulse", 0 0;
TD_elevator_group_tb.dut.gen_lifts\x5B0\x5D.u_lift.collect_new_requests ;
    %pushi/vec4 0, 0, 8;
    %store/vec4 v0x7f77b2f4bfb0_0, 0, 8;
    %fork t_7, S_0x7f77b2f4a250;
    %jmp t_6;
    .scope S_0x7f77b2f4a250;
t_7 ;
    %pushi/vec4 0, 0, 32;
    %store/vec4 v0x7f77b2f4bf20_0, 0, 32;
T_7.42 ; Top of for-loop
    %load/vec4 v0x7f77b2f4bf20_0;
    %cmpi/s 8, 0, 32;
	  %jmp/0xz T_7.43, 5;
    %load/vec4 v0x7f77b2f4b740_0;
    %load/vec4 v0x7f77b2f4bf20_0;
    %part/s 1;
    %flag_set/vec4 8;
    %jmp/0xz  T_7.45, 8;
    %pushi/vec4 1, 0, 1;
    %ix/getv/s 4, v0x7f77b2f4bf20_0;
    %store/vec4 v0x7f77b2f4bfb0_0, 4, 1;
T_7.45 ;
    %load/vec4 v0x7f77b2f494e0_0;
    %load/vec4 v0x7f77b2f4bf20_0;
    %part/s 1;
    %flag_set/vec4 9;
    %flag_get/vec4 9;
    %jmp/0 T_7.49, 9;
    %alloc S_0x7f77b2f48e50;
    %load/vec4 v0x7f77b2f4bf20_0;
    %pad/s 3;
    %pushi/vec4 1, 0, 1;
    %pushi/vec4 0, 0, 1;
    %load/vec4 v0x7f77b2f49a60_0;
    %load/vec4 v0x7f77b2f4a7d0_0;
    %load/vec4 v0x7f77b2f4a740_0;
    %load/vec4 v0x7f77b2f49af0_0;
    %store/vec4 v0x7f77b2f48670_0, 0, 1;
    %store/vec4 v0x7f77b2f4aed0_0, 0, 1;
    %store/vec4 v0x7f77b2f4af60_0, 0, 1;
    %store/vec4 v0x7f77b2f485e0_0, 0, 3;
    %store/vec4 v0x7f77b2f46fc0_0, 0, 1;
    %store/vec4 v0x7f77b2f571d0_0, 0, 1;
    %store/vec4 v0x7f77b2f56720_0, 0, 3;
    %callf/vec4 TD_elevator_group_tb.dut.gen_lifts\x5B0\x5D.u_lift.hall_call_allowed, S_0x7f77b2f48e50;
    %free S_0x7f77b2f48e50;
    %and;
T_7.49;
    %flag_set/vec4 8;
    %jmp/0xz  T_7.47, 8;
    %pushi/vec4 1, 0, 1;
    %ix/getv/s 4, v0x7f77b2f4bf20_0;
    %store/vec4 v0x7f77b2f4bfb0_0, 4, 1;
T_7.47 ;
    %load/vec4 v0x7f77b2f49450_0;
    %load/vec4 v0x7f77b2f4bf20_0;
    %part/s 1;
    %flag_set/vec4 9;
    %flag_get/vec4 9;
    %jmp/0 T_7.52, 9;
    %alloc S_0x7f77b2f48e50;
    %load/vec4 v0x7f77b2f4bf20_0;
    %pad/s 3;
    %pushi/vec4 0, 0, 1;
    %pushi/vec4 0, 0, 1;
    %load/vec4 v0x7f77b2f49a60_0;
    %load/vec4 v0x7f77b2f4a7d0_0;
    %load/vec4 v0x7f77b2f4a740_0;
    %load/vec4 v0x7f77b2f49af0_0;
    %store/vec4 v0x7f77b2f48670_0, 0, 1;
    %store/vec4 v0x7f77b2f4aed0_0, 0, 1;
    %store/vec4 v0x7f77b2f4af60_0, 0, 1;
    %store/vec4 v0x7f77b2f485e0_0, 0, 3;
    %store/vec4 v0x7f77b2f46fc0_0, 0, 1;
    %store/vec4 v0x7f77b2f571d0_0, 0, 1;
    %store/vec4 v0x7f77b2f56720_0, 0, 3;
    %callf/vec4 TD_elevator_group_tb.dut.gen_lifts\x5B0\x5D.u_lift.hall_call_allowed, S_0x7f77b2f48e50;
    %free S_0x7f77b2f48e50;
    %and;
T_7.52;
    %flag_set/vec4 8;
    %jmp/0xz  T_7.50, 8;
    %pushi/vec4 1, 0, 1;
    %ix/getv/s 4, v0x7f77b2f4bf20_0;
    %store/vec4 v0x7f77b2f4bfb0_0, 4, 1;
T_7.50 ;
T_7.44 ; for-loop step statement
    ; show_stmt_assign_vector: Get l-value for compressed += operand
    %load/vec4 v0x7f77b2f4bf20_0;
    %pushi/vec4 1, 0, 32;
    %add;
    %cast2;
    %store/vec4 v0x7f77b2f4bf20_0, 0, 32;
    %jmp T_7.42;
T_7.43 ; for-loop exit label
    %end;
    .scope S_0x7f77b2f4aa80;
t_6 %join;
    %load/vec4 v0x7f77b2f46f30_0;
    %flag_set/vec4 8;
    %jmp/0xz  T_7.53, 8;
    %alloc S_0x7f77b2f4ad00;
    %load/vec4 v0x7f77b2f47640_0;
    %store/vec4 v0x7f77b2f4c1c0_0, 0, 3;
    %callf/vec4 TD_elevator_group_tb.dut.gen_lifts\x5B0\x5D.u_lift.clamp_floor, S_0x7f77b2f4ad00;
    %free S_0x7f77b2f4ad00;
    %store/vec4 v0x7f77b2f47e40_0, 0, 3;
    %load/vec4 v0x7f77b2f47ed0_0;
    %flag_set/vec4 8;
    %jmp/1 T_7.57, 8;
    %alloc S_0x7f77b2f48e50;
    %load/vec4 v0x7f77b2f47e40_0;
    %load/vec4 v0x7f77b2f476d0_0;
    %pushi/vec4 0, 0, 1;
    %load/vec4 v0x7f77b2f49a60_0;
    %load/vec4 v0x7f77b2f4a7d0_0;
    %load/vec4 v0x7f77b2f4a740_0;
    %load/vec4 v0x7f77b2f49af0_0;
    %store/vec4 v0x7f77b2f48670_0, 0, 1;
    %store/vec4 v0x7f77b2f4aed0_0, 0, 1;
    %store/vec4 v0x7f77b2f4af60_0, 0, 1;
    %store/vec4 v0x7f77b2f485e0_0, 0, 3;
    %store/vec4 v0x7f77b2f46fc0_0, 0, 1;
    %store/vec4 v0x7f77b2f571d0_0, 0, 1;
    %store/vec4 v0x7f77b2f56720_0, 0, 3;
    %callf/vec4 TD_elevator_group_tb.dut.gen_lifts\x5B0\x5D.u_lift.hall_call_allowed, S_0x7f77b2f48e50;
    %free S_0x7f77b2f48e50;
    %flag_set/vec4 9;
    %flag_or 8, 9;
T_7.57;
    %jmp/0xz  T_7.55, 8;
    %pushi/vec4 1, 0, 1;
    %ix/getv 4, v0x7f77b2f47e40_0;
    %store/vec4 v0x7f77b2f4bfb0_0, 4, 1;
T_7.55 ;
T_7.53 ;
    %load/vec4 v0x7f77b2f4bfb0_0;
    %ret/vec4 0, 0, 8;  Assign to collect_new_requests (store_vec4_to_lval)
    %disable/flow S_0x7f77b2f4aa80;
    %end;
S_0x7f77b2f4a250 .scope autobegin, "$ivl_for_loop2" "$ivl_for_loop2" 3 187, 3 187 0, S_0x7f77b2f4aa80;
 .timescale -9 -12;
v0x7f77b2f4bf20_0 .var/2s "i", 31 0;
S_0x7f77b2f48e50 .scope autofunction.vec4.s1, "hall_call_allowed" "hall_call_allowed" 3 141, 3 141 0, S_0x7f77b2f4ef60;
 .timescale -9 -12;
v0x7f77b2f46fc0_0 .var "cabin", 0 0;
v0x7f77b2f4aed0_0 .var "cur_dir_down", 0 0;
v0x7f77b2f4af60_0 .var "cur_dir_up", 0 0;
v0x7f77b2f485e0_0 .var "cur_floor", 2 0;
v0x7f77b2f48670_0 .var "cur_idle", 0 0;
v0x7f77b2f56720_0 .var "floor", 2 0;
; Variable hall_call_allowed is vec4 return value of scope S_0x7f77b2f48e50
v0x7f77b2f571d0_0 .var "hall_up", 0 0;
TD_elevator_group_tb.dut.gen_lifts\x5B0\x5D.u_lift.hall_call_allowed ;
    %load/vec4 v0x7f77b2f46fc0_0;
    %flag_set/vec4 8;
    %jmp/0xz  T_8.58, 8;
    %pushi/vec4 1, 0, 1;
    %ret/vec4 0, 0, 1;  Assign to hall_call_allowed (store_vec4_to_lval)
    %disable/flow S_0x7f77b2f48e50;
T_8.58 ;
    %load/vec4 v0x7f77b2f48670_0;
    %flag_set/vec4 8;
    %jmp/0xz  T_8.60, 8;
    %pushi/vec4 1, 0, 1;
    %ret/vec4 0, 0, 1;  Assign to hall_call_allowed (store_vec4_to_lval)
    %disable/flow S_0x7f77b2f48e50;
T_8.60 ;
    %load/vec4 v0x7f77b2f485e0_0;
    %load/vec4 v0x7f77b2f56720_0;
    %cmp/u;
    %jmp/0xz  T_8.62, 5;
    %load/vec4 v0x7f77b2f571d0_0;
    %flag_set/vec4 8;
    %flag_get/vec4 8;
    %jmp/0 T_8.64, 8;
    %load/vec4 v0x7f77b2f4af60_0;
    %and;
T_8.64;
    %ret/vec4 0, 0, 1;  Assign to hall_call_allowed (store_vec4_to_lval)
    %disable/flow S_0x7f77b2f48e50;
T_8.62 ;
    %load/vec4 v0x7f77b2f56720_0;
    %load/vec4 v0x7f77b2f485e0_0;
    %cmp/u;
    %jmp/0xz  T_8.65, 5;
    %load/vec4 v0x7f77b2f571d0_0;
    %nor/r;
    %flag_set/vec4 8;
    %flag_get/vec4 8;
    %jmp/0 T_8.67, 8;
    %load/vec4 v0x7f77b2f4aed0_0;
    %and;
T_8.67;
    %ret/vec4 0, 0, 1;  Assign to hall_call_allowed (store_vec4_to_lval)
    %disable/flow S_0x7f77b2f48e50;
T_8.65 ;
    %pushi/vec4 1, 0, 1;
    %ret/vec4 0, 0, 1;  Assign to hall_call_allowed (store_vec4_to_lval)
    %disable/flow S_0x7f77b2f48e50;
    %end;
S_0x7f77b2f48410 .scope autofunction.vec4.s3, "scan_highest_request" "scan_highest_request" 3 102, 3 102 0, S_0x7f77b2f4ef60;
 .timescale -9 -12;
v0x7f77b2f51960_0 .var "found", 0 0;
v0x7f77b2f519f0_0 .var "req_bitmap", 7 0;
v0x7f77b2f4bd40_0 .var "result", 2 0;
; Variable scan_highest_request is vec4 return value of scope S_0x7f77b2f48410
TD_elevator_group_tb.dut.gen_lifts\x5B0\x5D.u_lift.scan_highest_request ;
    %pushi/vec4 0, 0, 3;
    %store/vec4 v0x7f77b2f4bd40_0, 0, 3;
    %pushi/vec4 0, 0, 1;
    %store/vec4 v0x7f77b2f51960_0, 0, 1;
    %fork t_9, S_0x7f77b2f48190;
    %jmp t_8;
    .scope S_0x7f77b2f48190;
t_9 ;
    %pushi/vec4 7, 0, 32;
    %store/vec4 v0x7f77b2f57260_0, 0, 32;
T_9.68 ; Top of for-loop
    %load/vec4 v0x7f77b2f57260_0;
    %cmpi/s 0, 0, 32;
    %flag_inv 5; GE is !LT
	  %jmp/0xz T_9.69, 5;
    %load/vec4 v0x7f77b2f51960_0;
    %nor/r;
    %flag_set/vec4 9;
    %flag_get/vec4 9;
    %jmp/0 T_9.73, 9;
    %load/vec4 v0x7f77b2f519f0_0;
    %load/vec4 v0x7f77b2f57260_0;
    %part/s 1;
    %and;
T_9.73;
    %flag_set/vec4 8;
    %jmp/0xz  T_9.71, 8;
    %load/vec4 v0x7f77b2f57260_0;
    %pad/s 3;
    %store/vec4 v0x7f77b2f4bd40_0, 0, 3;
    %pushi/vec4 1, 0, 1;
    %store/vec4 v0x7f77b2f51960_0, 0, 1;
T_9.71 ;
T_9.70 ; for-loop step statement
    ; show_stmt_assign_vector: Get l-value for compressed -= operand
    %load/vec4 v0x7f77b2f57260_0;
    %pushi/vec4 1, 0, 32;
    %sub;
    %cast2;
    %store/vec4 v0x7f77b2f57260_0, 0, 32;
    %jmp T_9.68;
T_9.69 ; for-loop exit label
    %end;
    .scope S_0x7f77b2f48410;
t_8 %join;
    %load/vec4 v0x7f77b2f4bd40_0;
    %ret/vec4 0, 0, 3;  Assign to scan_highest_request (store_vec4_to_lval)
    %disable/flow S_0x7f77b2f48410;
    %end;
S_0x7f77b2f48190 .scope autobegin, "$ivl_for_loop0" "$ivl_for_loop0" 3 109, 3 109 0, S_0x7f77b2f48410;
 .timescale -9 -12;
v0x7f77b2f57260_0 .var/2s "i", 31 0;
S_0x7f77b2f47bc0 .scope autofunction.vec4.s3, "scan_lowest_request" "scan_lowest_request" 3 118, 3 118 0, S_0x7f77b2f4ef60;
 .timescale -9 -12;
v0x7f77b2f4a530_0 .var "found", 0 0;
v0x7f77b2f479c0_0 .var "req_bitmap", 7 0;
v0x7f77b2f47a50_0 .var "result", 2 0;
; Variable scan_lowest_request is vec4 return value of scope S_0x7f77b2f47bc0
TD_elevator_group_tb.dut.gen_lifts\x5B0\x5D.u_lift.scan_lowest_request ;
    %pushi/vec4 7, 0, 3;
    %store/vec4 v0x7f77b2f47a50_0, 0, 3;
    %pushi/vec4 0, 0, 1;
    %store/vec4 v0x7f77b2f4a530_0, 0, 1;
    %fork t_11, S_0x7f77b2f37ca0;
    %jmp t_10;
    .scope S_0x7f77b2f37ca0;
t_11 ;
    %pushi/vec4 0, 0, 32;
    %store/vec4 v0x7f77b2f4a4a0_0, 0, 32;
T_10.74 ; Top of for-loop
    %load/vec4 v0x7f77b2f4a4a0_0;
    %cmpi/s 8, 0, 32;
	  %jmp/0xz T_10.75, 5;
    %load/vec4 v0x7f77b2f4a530_0;
    %nor/r;
    %flag_set/vec4 9;
    %flag_get/vec4 9;
    %jmp/0 T_10.79, 9;
    %load/vec4 v0x7f77b2f479c0_0;
    %load/vec4 v0x7f77b2f4a4a0_0;
    %part/s 1;
    %and;
T_10.79;
    %flag_set/vec4 8;
    %jmp/0xz  T_10.77, 8;
    %load/vec4 v0x7f77b2f4a4a0_0;
    %pad/s 3;
    %store/vec4 v0x7f77b2f47a50_0, 0, 3;
    %pushi/vec4 1, 0, 1;
    %store/vec4 v0x7f77b2f4a530_0, 0, 1;
T_10.77 ;
T_10.76 ; for-loop step statement
    ; show_stmt_assign_vector: Get l-value for compressed += operand
    %load/vec4 v0x7f77b2f4a4a0_0;
    %pushi/vec4 1, 0, 32;
    %add;
    %cast2;
    %store/vec4 v0x7f77b2f4a4a0_0, 0, 32;
    %jmp T_10.74;
T_10.75 ; for-loop exit label
    %end;
    .scope S_0x7f77b2f47bc0;
t_10 %join;
    %load/vec4 v0x7f77b2f47a50_0;
    %ret/vec4 0, 0, 3;  Assign to scan_lowest_request (store_vec4_to_lval)
    %disable/flow S_0x7f77b2f47bc0;
    %end;
S_0x7f77b2f37ca0 .scope autobegin, "$ivl_for_loop1" "$ivl_for_loop1" 3 125, 3 125 0, S_0x7f77b2f47bc0;
 .timescale -9 -12;
v0x7f77b2f4a4a0_0 .var/2s "i", 31 0;
S_0x7f77b2f068d0 .scope generate, "gen_lifts[1]" "gen_lifts[1]" 5 359, 5 359 0, S_0x7f77b40c1c80;
 .timescale -9 -12;
P_0x7f77b2f36d90 .param/l "gi" 1 5 359, +C4<01>;
L_0x7f77b42735a8 .functor BUFT 1, C4<111>, C4<0>, C4<0>, C4<0>;
v0x7f77b4334970_0 .net/2u *"_ivl_2", 2 0, L_0x7f77b42735a8;  1 drivers
L_0x7f77b42735f0 .functor BUFT 1, C4<000>, C4<0>, C4<0>, C4<0>;
v0x7f77b4334a00_0 .net/2u *"_ivl_8", 2 0, L_0x7f77b42735f0;  1 drivers
L_0x7f77b40c5670 .cmp/eq 3, v0x7f77b431a830_0, L_0x7f77b42735a8;
L_0x7f77b40c57d0 .cmp/eq 3, v0x7f77b431a830_0, L_0x7f77b42735f0;
S_0x7f77b2f59ab0 .scope module, "u_lift" "elevator_controller" 5 367, 3 8 0, S_0x7f77b2f068d0;
 .timescale -9 -12;
    .port_info 0 /INPUT 1 "clk";
    .port_info 1 /INPUT 1 "reset";
    .port_info 2 /INPUT 1 "req_valid";
    .port_info 3 /INPUT 3 "req_floor";
    .port_info 4 /INPUT 1 "req_cabin";
    .port_info 5 /INPUT 1 "req_hall_up";
    .port_info 6 /INPUT 8 "cabin_buttons";
    .port_info 7 /INPUT 8 "hall_up_buttons";
    .port_info 8 /INPUT 8 "hall_down_buttons";
    .port_info 9 /INPUT 1 "emergency_stop";
    .port_info 10 /INPUT 1 "top_limit";
    .port_info 11 /INPUT 1 "bottom_limit";
    .port_info 12 /INPUT 1 "door_obstructed";
    .port_info 13 /OUTPUT 1 "door_open";
    .port_info 14 /OUTPUT 1 "idle";
    .port_info 15 /OUTPUT 1 "moving_up";
    .port_info 16 /OUTPUT 1 "moving_down";
    .port_info 17 /OUTPUT 1 "service_dir_up";
    .port_info 18 /OUTPUT 1 "service_dir_down";
    .port_info 19 /OUTPUT 3 "current_floor";
    .port_info 20 /OUTPUT 8 "pending_requests";
    .port_info 21 /OUTPUT 3 "max_request";
    .port_info 22 /OUTPUT 3 "min_request";
    .port_info 23 /OUTPUT 1 "estop_latched";
    .port_info 24 /OUTPUT 3 "fsm_state";
P_0x7f77b2f59c20 .param/l "DOOR_OPEN_CYCLES" 0 3 10, C4<00000000000000000000000000000100>;
P_0x7f77b2f59c60 .param/l "DOOR_TIMER_W" 0 3 12, C4<00000000000000000000000000000011>;
P_0x7f77b2f59ca0 .param/l "FLOOR_W" 0 3 11, C4<00000000000000000000000000000011>;
P_0x7f77b2f59ce0 .param/l "MIN_INIT" 1 3 52, C4<111>;
P_0x7f77b2f59d20 .param/l "NUM_FLOORS" 0 3 9, C4<00000000000000000000000000001000>;
P_0x7f77b2f59d60 .param/l "TOP_FLOOR" 1 3 51, C4<00000000000000000000000000000111>;
enum0x7f77b405b900 .enum4 (3)
   "ST_RESET" 3'b000,
   "ST_DOOR_CLOSED_IDLE" 3'b001,
   "ST_DOOR_OPEN_IDLE" 3'b010,
   "ST_MOVING_UP" 3'b011,
   "ST_MOVING_DOWN" 3'b100,
   "ST_UP_DIR_SETTER" 3'b101,
   "ST_DOWN_DIR_SETTER" 3'b110
 ;
L_0x7f77b40c6360 .functor BUFZ 3, v0x7f77b4334780_0, C4<000>, C4<000>, C4<000>;
L_0x7f77b4273638 .functor BUFT 1, C4<011>, C4<0>, C4<0>, C4<0>;
v0x7f77b4309940_0 .net/2u *"_ivl_12", 2 0, L_0x7f77b4273638;  1 drivers
L_0x7f77b4273680 .functor BUFT 1, C4<100>, C4<0>, C4<0>, C4<0>;
v0x7f77b430a4a0_0 .net/2u *"_ivl_16", 2 0, L_0x7f77b4273680;  1 drivers
v0x7f77b430a530_0 .var "any_request", 0 0;
v0x7f77b4310fa0_0 .net "bottom_limit", 0 0, L_0x7f77b40c57d0;  alias, 1 drivers
v0x7f77b4311030_0 .net "cabin_buttons", 7 0, L_0x7f77b40cba40;  alias, 1 drivers
v0x7f77b43107f0_0 .var "can_move_down", 0 0;
v0x7f77b4310880_0 .var "can_move_up", 0 0;
v0x7f77b4311fd0_0 .net "clk", 0 0, v0x7f77b4346d90_0;  alias, 1 drivers
v0x7f77b4312060_0 .net "current_floor", 2 0, v0x7f77b431a830_0;  alias, 1 drivers
v0x7f77b430f050_0 .var "dir_down_d", 0 0;
v0x7f77b431a0e0_0 .var "dir_down_q", 0 0;
v0x7f77b431a170_0 .var "dir_up_d", 0 0;
v0x7f77b4319d30_0 .var "dir_up_q", 0 0;
v0x7f77b4319dc0_0 .net "door_obstructed", 0 0, L_0x7f77b40c67c0;  1 drivers
v0x7f77b4319980_0 .net "door_open", 0 0, v0x7f77b4309370_0;  alias, 1 drivers
v0x7f77b4319a10_0 .var "door_open_d", 0 0;
v0x7f77b4309370_0 .var "door_open_q", 0 0;
v0x7f77b430fad0_0 .var "door_timer_d", 2 0;
v0x7f77b430fb60_0 .var "door_timer_q", 2 0;
v0x7f77b430f720_0 .net "emergency_stop", 0 0, L_0x7f77b40c66b0;  1 drivers
v0x7f77b430f7b0_0 .var "estop_active_d", 0 0;
v0x7f77b430f370_0 .var "estop_active_q", 0 0;
v0x7f77b430f400_0 .net "estop_latched", 0 0, v0x7f77b430f370_0;  alias, 1 drivers
v0x7f77b431a480_0 .var "estop_saved_dir_down_d", 0 0;
v0x7f77b431a510_0 .var "estop_saved_dir_down_q", 0 0;
v0x7f77b431c250_0 .var "estop_saved_dir_up_d", 0 0;
v0x7f77b431c2e0_0 .var "estop_saved_dir_up_q", 0 0;
v0x7f77b431bea0_0 .var "estop_saved_state_d", 2 0;
v0x7f77b431bf30_0 .var "estop_saved_state_q", 2 0;
v0x7f77b431baf0_0 .var "floor_d", 2 0;
v0x7f77b431bb80_0 .var "floor_has_request", 0 0;
v0x7f77b431a830_0 .var "floor_q", 2 0;
v0x7f77b431a8c0_0 .net "fsm_state", 2 0, L_0x7f77b40c6360;  alias, 1 drivers
L_0x7f77b4273710 .functor BUFT 1, C4<00000000>, C4<0>, C4<0>, C4<0>;
v0x7f77b4309400_0 .net "hall_down_buttons", 7 0, L_0x7f77b4273710;  1 drivers
L_0x7f77b42736c8 .functor BUFT 1, C4<00000000>, C4<0>, C4<0>, C4<0>;
v0x7f77b430fe70_0 .net "hall_up_buttons", 7 0, L_0x7f77b42736c8;  1 drivers
v0x7f77b430ff00_0 .net "idle", 0 0, v0x7f77b4311cd0_0;  alias, 1 drivers
v0x7f77b4311c40_0 .var "idle_d", 0 0;
v0x7f77b4311cd0_0 .var "idle_q", 0 0;
v0x7f77b4311890_0 .var "max_req_d", 2 0;
v0x7f77b4311920_0 .var "max_req_q", 2 0;
v0x7f77b43114e0_0 .net "max_request", 2 0, v0x7f77b4311920_0;  alias, 1 drivers
v0x7f77b4311570_0 .var "min_req_d", 2 0;
v0x7f77b4310220_0 .var "min_req_q", 2 0;
v0x7f77b43102b0_0 .net "min_request", 2 0, v0x7f77b4310220_0;  alias, 1 drivers
v0x7f77b4323020_0 .net "moving_down", 0 0, L_0x7f77b40c5f40;  alias, 1 drivers
v0x7f77b43230b0_0 .net "moving_up", 0 0, L_0x7f77b40c5e00;  alias, 1 drivers
v0x7f77b4323140_0 .net "pending_requests", 7 0, v0x7f77b43344b0_0;  alias, 1 drivers
v0x7f77b43341e0_0 .net "req_cabin", 0 0, L_0x7f77b40c64b0;  1 drivers
v0x7f77b4345ab0_1 .array/port v0x7f77b4345ab0, 1;
v0x7f77b4334270_0 .net "req_floor", 2 0, v0x7f77b4345ab0_1;  1 drivers
v0x7f77b4334300_0 .net "req_hall_up", 0 0, L_0x7f77b40c65d0;  1 drivers
v0x7f77b4334390_0 .net "req_valid", 0 0, L_0x7f77b40c63d0;  1 drivers
v0x7f77b4334420_0 .var "requests_d", 7 0;
v0x7f77b43344b0_0 .var "requests_q", 7 0;
v0x7f77b4334540_0 .net "reset", 0 0, v0x7f77b43480c0_0;  alias, 1 drivers
v0x7f77b43345d0_0 .net "service_dir_down", 0 0, v0x7f77b431a0e0_0;  alias, 1 drivers
v0x7f77b4334660_0 .net "service_dir_up", 0 0, v0x7f77b4319d30_0;  alias, 1 drivers
v0x7f77b43346f0_0 .var "state_d", 2 0;
v0x7f77b4334780_0 .var "state_q", 2 0;
v0x7f77b4334810_0 .net "top_limit", 0 0, L_0x7f77b40c5670;  alias, 1 drivers
E_0x7f77b2f4b1d0/0 .event anyedge, v0x7f77b4334780_0, v0x7f77b43344b0_0, v0x7f77b4311920_0, v0x7f77b4310220_0;
E_0x7f77b2f4b1d0/1 .event anyedge, v0x7f77b431a830_0, v0x7f77b4319d30_0, v0x7f77b431a0e0_0, v0x7f77b4309370_0;
E_0x7f77b2f4b1d0/2 .event anyedge, v0x7f77b4311cd0_0, v0x7f77b430fb60_0, v0x7f77b430f370_0, v0x7f77b431c2e0_0;
E_0x7f77b2f4b1d0/3 .event anyedge, v0x7f77b431a510_0, v0x7f77b431bf30_0, v0x7f77b4334810_0, v0x7f77b4310fa0_0;
E_0x7f77b2f4b1d0/4 .event anyedge, v0x7f77b4311030_0, v0x7f77b430fe70_0, v0x7f77b4309400_0, v0x7f77b4334390_0;
E_0x7f77b2f4b1d0/5 .event anyedge, v0x7f77b4334270_0, v0x7f77b43341e0_0, v0x7f77b4334300_0, v0x7f77b2f4b310_0;
E_0x7f77b2f4b1d0/6 .event anyedge, v0x7f77b430f720_0, v0x7f77b4319dc0_0;
E_0x7f77b2f4b1d0 .event/or E_0x7f77b2f4b1d0/0, E_0x7f77b2f4b1d0/1, E_0x7f77b2f4b1d0/2, E_0x7f77b2f4b1d0/3, E_0x7f77b2f4b1d0/4, E_0x7f77b2f4b1d0/5, E_0x7f77b2f4b1d0/6;
L_0x7f77b40c5e00 .cmp/eq 3, v0x7f77b4334780_0, L_0x7f77b4273638;
L_0x7f77b40c5f40 .cmp/eq 3, v0x7f77b4334780_0, L_0x7f77b4273680;
S_0x7f77b2f5a190 .scope begin, "$unm_blk_16" "$unm_blk_16" 3 214, 3 214 0, S_0x7f77b2f59ab0;
 .timescale -9 -12;
v0x7f77b2f5a300_0 .var "new_req_bits", 7 0;
S_0x7f77b2f5a390 .scope autofunction.vec4.s3, "clamp_floor" "clamp_floor" 3 134, 3 134 0, S_0x7f77b2f59ab0;
 .timescale -9 -12;
; Variable clamp_floor is vec4 return value of scope S_0x7f77b2f5a390
v0x7f77b2f5a590_0 .var "floor", 2 0;
TD_elevator_group_tb.dut.gen_lifts\x5B1\x5D.u_lift.clamp_floor ;
    %load/vec4 v0x7f77b2f5a590_0;
    %cmpi/u 7, 0, 3;
    %flag_or 5, 4; GT is !LE
    %flag_inv 5;
    %jmp/0xz  T_11.80, 5;
    %pushi/vec4 7, 0, 3;
    %ret/vec4 0, 0, 3;  Assign to clamp_floor (store_vec4_to_lval)
    %disable/flow S_0x7f77b2f5a390;
T_11.80 ;
    %load/vec4 v0x7f77b2f5a590_0;
    %ret/vec4 0, 0, 3;  Assign to clamp_floor (store_vec4_to_lval)
    %disable/flow S_0x7f77b2f5a390;
    %end;
S_0x7f77b2f5a620 .scope autofunction.vec4.s8, "collect_new_requests" "collect_new_requests" 3 169, 3 169 0, S_0x7f77b2f59ab0;
 .timescale -9 -12;
v0x7f77b2f5a990_0 .var "additions", 7 0;
v0x7f77b2f5aa20_0 .var "cabin_req", 7 0;
; Variable collect_new_requests is vec4 return value of scope S_0x7f77b2f5a620
v0x7f77b2f5ab40_0 .var "cur_dir_down", 0 0;
v0x7f77b2f5abd0_0 .var "cur_dir_up", 0 0;
v0x7f77b2f5ac60_0 .var "cur_floor", 2 0;
v0x7f77b4331430_0 .var "cur_idle", 0 0;
v0x7f77b43319d0_0 .var "hall_down_req", 7 0;
v0x7f77b4332000_0 .var "hall_up_req", 7 0;
v0x7f77b4334110_0 .var "idx", 2 0;
v0x7f77b4322860_0 .var "pulse_cabin", 0 0;
v0x7f77b4314770_0 .var "pulse_floor", 2 0;
v0x7f77b4314800_0 .var "pulse_hall_up", 0 0;
v0x7f77b4323b50_0 .var "req_pulse", 0 0;
TD_elevator_group_tb.dut.gen_lifts\x5B1\x5D.u_lift.collect_new_requests ;
    %pushi/vec4 0, 0, 8;
    %store/vec4 v0x7f77b2f5a990_0, 0, 8;
    %fork t_13, S_0x7f77b2f5a790;
    %jmp t_12;
    .scope S_0x7f77b2f5a790;
t_13 ;
    %pushi/vec4 0, 0, 32;
    %store/vec4 v0x7f77b2f5a900_0, 0, 32;
T_12.82 ; Top of for-loop
    %load/vec4 v0x7f77b2f5a900_0;
    %cmpi/s 8, 0, 32;
	  %jmp/0xz T_12.83, 5;
    %load/vec4 v0x7f77b2f5aa20_0;
    %load/vec4 v0x7f77b2f5a900_0;
    %part/s 1;
    %flag_set/vec4 8;
    %jmp/0xz  T_12.85, 8;
    %pushi/vec4 1, 0, 1;
    %ix/getv/s 4, v0x7f77b2f5a900_0;
    %store/vec4 v0x7f77b2f5a990_0, 4, 1;
T_12.85 ;
    %load/vec4 v0x7f77b4332000_0;
    %load/vec4 v0x7f77b2f5a900_0;
    %part/s 1;
    %flag_set/vec4 9;
    %flag_get/vec4 9;
    %jmp/0 T_12.89, 9;
    %alloc S_0x7f77b4323950;
    %load/vec4 v0x7f77b2f5a900_0;
    %pad/s 3;
    %pushi/vec4 1, 0, 1;
    %pushi/vec4 0, 0, 1;
    %load/vec4 v0x7f77b2f5ac60_0;
    %load/vec4 v0x7f77b2f5abd0_0;
    %load/vec4 v0x7f77b2f5ab40_0;
    %load/vec4 v0x7f77b4331430_0;
    %store/vec4 v0x7f77b43139d0_0, 0, 1;
    %store/vec4 v0x7f77b4313d90_0, 0, 1;
    %store/vec4 v0x7f77b4313e20_0, 0, 1;
    %store/vec4 v0x7f77b4313940_0, 0, 3;
    %store/vec4 v0x7f77b4323be0_0, 0, 1;
    %store/vec4 v0x7f77b432bb60_0, 0, 1;
    %store/vec4 v0x7f77b430a170_0, 0, 3;
    %callf/vec4 TD_elevator_group_tb.dut.gen_lifts\x5B1\x5D.u_lift.hall_call_allowed, S_0x7f77b4323950;
    %free S_0x7f77b4323950;
    %and;
T_12.89;
    %flag_set/vec4 8;
    %jmp/0xz  T_12.87, 8;
    %pushi/vec4 1, 0, 1;
    %ix/getv/s 4, v0x7f77b2f5a900_0;
    %store/vec4 v0x7f77b2f5a990_0, 4, 1;
T_12.87 ;
    %load/vec4 v0x7f77b43319d0_0;
    %load/vec4 v0x7f77b2f5a900_0;
    %part/s 1;
    %flag_set/vec4 9;
    %flag_get/vec4 9;
    %jmp/0 T_12.92, 9;
    %alloc S_0x7f77b4323950;
    %load/vec4 v0x7f77b2f5a900_0;
    %pad/s 3;
    %pushi/vec4 0, 0, 1;
    %pushi/vec4 0, 0, 1;
    %load/vec4 v0x7f77b2f5ac60_0;
    %load/vec4 v0x7f77b2f5abd0_0;
    %load/vec4 v0x7f77b2f5ab40_0;
    %load/vec4 v0x7f77b4331430_0;
    %store/vec4 v0x7f77b43139d0_0, 0, 1;
    %store/vec4 v0x7f77b4313d90_0, 0, 1;
    %store/vec4 v0x7f77b4313e20_0, 0, 1;
    %store/vec4 v0x7f77b4313940_0, 0, 3;
    %store/vec4 v0x7f77b4323be0_0, 0, 1;
    %store/vec4 v0x7f77b432bb60_0, 0, 1;
    %store/vec4 v0x7f77b430a170_0, 0, 3;
    %callf/vec4 TD_elevator_group_tb.dut.gen_lifts\x5B1\x5D.u_lift.hall_call_allowed, S_0x7f77b4323950;
    %free S_0x7f77b4323950;
    %and;
T_12.92;
    %flag_set/vec4 8;
    %jmp/0xz  T_12.90, 8;
    %pushi/vec4 1, 0, 1;
    %ix/getv/s 4, v0x7f77b2f5a900_0;
    %store/vec4 v0x7f77b2f5a990_0, 4, 1;
T_12.90 ;
T_12.84 ; for-loop step statement
    ; show_stmt_assign_vector: Get l-value for compressed += operand
    %load/vec4 v0x7f77b2f5a900_0;
    %pushi/vec4 1, 0, 32;
    %add;
    %cast2;
    %store/vec4 v0x7f77b2f5a900_0, 0, 32;
    %jmp T_12.82;
T_12.83 ; for-loop exit label
    %end;
    .scope S_0x7f77b2f5a620;
t_12 %join;
    %load/vec4 v0x7f77b4323b50_0;
    %flag_set/vec4 8;
    %jmp/0xz  T_12.93, 8;
    %alloc S_0x7f77b2f5a390;
    %load/vec4 v0x7f77b4314770_0;
    %store/vec4 v0x7f77b2f5a590_0, 0, 3;
    %callf/vec4 TD_elevator_group_tb.dut.gen_lifts\x5B1\x5D.u_lift.clamp_floor, S_0x7f77b2f5a390;
    %free S_0x7f77b2f5a390;
    %store/vec4 v0x7f77b4334110_0, 0, 3;
    %load/vec4 v0x7f77b4322860_0;
    %flag_set/vec4 8;
    %jmp/1 T_12.97, 8;
    %alloc S_0x7f77b4323950;
    %load/vec4 v0x7f77b4334110_0;
    %load/vec4 v0x7f77b4314800_0;
    %pushi/vec4 0, 0, 1;
    %load/vec4 v0x7f77b2f5ac60_0;
    %load/vec4 v0x7f77b2f5abd0_0;
    %load/vec4 v0x7f77b2f5ab40_0;
    %load/vec4 v0x7f77b4331430_0;
    %store/vec4 v0x7f77b43139d0_0, 0, 1;
    %store/vec4 v0x7f77b4313d90_0, 0, 1;
    %store/vec4 v0x7f77b4313e20_0, 0, 1;
    %store/vec4 v0x7f77b4313940_0, 0, 3;
    %store/vec4 v0x7f77b4323be0_0, 0, 1;
    %store/vec4 v0x7f77b432bb60_0, 0, 1;
    %store/vec4 v0x7f77b430a170_0, 0, 3;
    %callf/vec4 TD_elevator_group_tb.dut.gen_lifts\x5B1\x5D.u_lift.hall_call_allowed, S_0x7f77b4323950;
    %free S_0x7f77b4323950;
    %flag_set/vec4 9;
    %flag_or 8, 9;
T_12.97;
    %jmp/0xz  T_12.95, 8;
    %pushi/vec4 1, 0, 1;
    %ix/getv 4, v0x7f77b4334110_0;
    %store/vec4 v0x7f77b2f5a990_0, 4, 1;
T_12.95 ;
T_12.93 ;
    %load/vec4 v0x7f77b2f5a990_0;
    %ret/vec4 0, 0, 8;  Assign to collect_new_requests (store_vec4_to_lval)
    %disable/flow S_0x7f77b2f5a620;
    %end;
S_0x7f77b2f5a790 .scope autobegin, "$ivl_for_loop2" "$ivl_for_loop2" 3 187, 3 187 0, S_0x7f77b2f5a620;
 .timescale -9 -12;
v0x7f77b2f5a900_0 .var/2s "i", 31 0;
S_0x7f77b4323950 .scope autofunction.vec4.s1, "hall_call_allowed" "hall_call_allowed" 3 141, 3 141 0, S_0x7f77b2f59ab0;
 .timescale -9 -12;
v0x7f77b4323be0_0 .var "cabin", 0 0;
v0x7f77b4313d90_0 .var "cur_dir_down", 0 0;
v0x7f77b4313e20_0 .var "cur_dir_up", 0 0;
v0x7f77b4313940_0 .var "cur_floor", 2 0;
v0x7f77b43139d0_0 .var "cur_idle", 0 0;
v0x7f77b430a170_0 .var "floor", 2 0;
; Variable hall_call_allowed is vec4 return value of scope S_0x7f77b4323950
v0x7f77b432bb60_0 .var "hall_up", 0 0;
TD_elevator_group_tb.dut.gen_lifts\x5B1\x5D.u_lift.hall_call_allowed ;
    %load/vec4 v0x7f77b4323be0_0;
    %flag_set/vec4 8;
    %jmp/0xz  T_13.98, 8;
    %pushi/vec4 1, 0, 1;
    %ret/vec4 0, 0, 1;  Assign to hall_call_allowed (store_vec4_to_lval)
    %disable/flow S_0x7f77b4323950;
T_13.98 ;
    %load/vec4 v0x7f77b43139d0_0;
    %flag_set/vec4 8;
    %jmp/0xz  T_13.100, 8;
    %pushi/vec4 1, 0, 1;
    %ret/vec4 0, 0, 1;  Assign to hall_call_allowed (store_vec4_to_lval)
    %disable/flow S_0x7f77b4323950;
T_13.100 ;
    %load/vec4 v0x7f77b4313940_0;
    %load/vec4 v0x7f77b430a170_0;
    %cmp/u;
    %jmp/0xz  T_13.102, 5;
    %load/vec4 v0x7f77b432bb60_0;
    %flag_set/vec4 8;
    %flag_get/vec4 8;
    %jmp/0 T_13.104, 8;
    %load/vec4 v0x7f77b4313e20_0;
    %and;
T_13.104;
    %ret/vec4 0, 0, 1;  Assign to hall_call_allowed (store_vec4_to_lval)
    %disable/flow S_0x7f77b4323950;
T_13.102 ;
    %load/vec4 v0x7f77b430a170_0;
    %load/vec4 v0x7f77b4313940_0;
    %cmp/u;
    %jmp/0xz  T_13.105, 5;
    %load/vec4 v0x7f77b432bb60_0;
    %nor/r;
    %flag_set/vec4 8;
    %flag_get/vec4 8;
    %jmp/0 T_13.107, 8;
    %load/vec4 v0x7f77b4313d90_0;
    %and;
T_13.107;
    %ret/vec4 0, 0, 1;  Assign to hall_call_allowed (store_vec4_to_lval)
    %disable/flow S_0x7f77b4323950;
T_13.105 ;
    %pushi/vec4 1, 0, 1;
    %ret/vec4 0, 0, 1;  Assign to hall_call_allowed (store_vec4_to_lval)
    %disable/flow S_0x7f77b4323950;
    %end;
S_0x7f77b4323230 .scope autofunction.vec4.s3, "scan_highest_request" "scan_highest_request" 3 102, 3 102 0, S_0x7f77b2f59ab0;
 .timescale -9 -12;
v0x7f77b4314ac0_0 .var "found", 0 0;
v0x7f77b4314b50_0 .var "req_bitmap", 7 0;
v0x7f77b43140f0_0 .var "result", 2 0;
; Variable scan_highest_request is vec4 return value of scope S_0x7f77b4323230
TD_elevator_group_tb.dut.gen_lifts\x5B1\x5D.u_lift.scan_highest_request ;
    %pushi/vec4 0, 0, 3;
    %store/vec4 v0x7f77b43140f0_0, 0, 3;
    %pushi/vec4 0, 0, 1;
    %store/vec4 v0x7f77b4314ac0_0, 0, 1;
    %fork t_15, S_0x7f77b4323620;
    %jmp t_14;
    .scope S_0x7f77b4323620;
t_15 ;
    %pushi/vec4 7, 0, 32;
    %store/vec4 v0x7f77b432bbf0_0, 0, 32;
T_14.108 ; Top of for-loop
    %load/vec4 v0x7f77b432bbf0_0;
    %cmpi/s 0, 0, 32;
    %flag_inv 5; GE is !LT
	  %jmp/0xz T_14.109, 5;
    %load/vec4 v0x7f77b4314ac0_0;
    %nor/r;
    %flag_set/vec4 9;
    %flag_get/vec4 9;
    %jmp/0 T_14.113, 9;
    %load/vec4 v0x7f77b4314b50_0;
    %load/vec4 v0x7f77b432bbf0_0;
    %part/s 1;
    %and;
T_14.113;
    %flag_set/vec4 8;
    %jmp/0xz  T_14.111, 8;
    %load/vec4 v0x7f77b432bbf0_0;
    %pad/s 3;
    %store/vec4 v0x7f77b43140f0_0, 0, 3;
    %pushi/vec4 1, 0, 1;
    %store/vec4 v0x7f77b4314ac0_0, 0, 1;
T_14.111 ;
T_14.110 ; for-loop step statement
    ; show_stmt_assign_vector: Get l-value for compressed -= operand
    %load/vec4 v0x7f77b432bbf0_0;
    %pushi/vec4 1, 0, 32;
    %sub;
    %cast2;
    %store/vec4 v0x7f77b432bbf0_0, 0, 32;
    %jmp T_14.108;
T_14.109 ; for-loop exit label
    %end;
    .scope S_0x7f77b4323230;
t_14 %join;
    %load/vec4 v0x7f77b43140f0_0;
    %ret/vec4 0, 0, 3;  Assign to scan_highest_request (store_vec4_to_lval)
    %disable/flow S_0x7f77b4323230;
    %end;
S_0x7f77b4323620 .scope autobegin, "$ivl_for_loop0" "$ivl_for_loop0" 3 109, 3 109 0, S_0x7f77b4323230;
 .timescale -9 -12;
v0x7f77b432bbf0_0 .var/2s "i", 31 0;
S_0x7f77b431c5e0 .scope autofunction.vec4.s3, "scan_lowest_request" "scan_lowest_request" 3 118, 3 118 0, S_0x7f77b2f59ab0;
 .timescale -9 -12;
v0x7f77b431b640_0 .var "found", 0 0;
v0x7f77b431ae00_0 .var "req_bitmap", 7 0;
v0x7f77b431ae90_0 .var "result", 2 0;
; Variable scan_lowest_request is vec4 return value of scope S_0x7f77b431c5e0
TD_elevator_group_tb.dut.gen_lifts\x5B1\x5D.u_lift.scan_lowest_request ;
    %pushi/vec4 7, 0, 3;
    %store/vec4 v0x7f77b431ae90_0, 0, 3;
    %pushi/vec4 0, 0, 1;
    %store/vec4 v0x7f77b431b640_0, 0, 1;
    %fork t_17, S_0x7f77b43195e0;
    %jmp t_16;
    .scope S_0x7f77b43195e0;
t_17 ;
    %pushi/vec4 0, 0, 32;
    %store/vec4 v0x7f77b431b5b0_0, 0, 32;
T_15.114 ; Top of for-loop
    %load/vec4 v0x7f77b431b5b0_0;
    %cmpi/s 8, 0, 32;
	  %jmp/0xz T_15.115, 5;
    %load/vec4 v0x7f77b431b640_0;
    %nor/r;
    %flag_set/vec4 9;
    %flag_get/vec4 9;
    %jmp/0 T_15.119, 9;
    %load/vec4 v0x7f77b431ae00_0;
    %load/vec4 v0x7f77b431b5b0_0;
    %part/s 1;
    %and;
T_15.119;
    %flag_set/vec4 8;
    %jmp/0xz  T_15.117, 8;
    %load/vec4 v0x7f77b431b5b0_0;
    %pad/s 3;
    %store/vec4 v0x7f77b431ae90_0, 0, 3;
    %pushi/vec4 1, 0, 1;
    %store/vec4 v0x7f77b431b640_0, 0, 1;
T_15.117 ;
T_15.116 ; for-loop step statement
    ; show_stmt_assign_vector: Get l-value for compressed += operand
    %load/vec4 v0x7f77b431b5b0_0;
    %pushi/vec4 1, 0, 32;
    %add;
    %cast2;
    %store/vec4 v0x7f77b431b5b0_0, 0, 32;
    %jmp T_15.114;
T_15.115 ; for-loop exit label
    %end;
    .scope S_0x7f77b431c5e0;
t_16 %join;
    %load/vec4 v0x7f77b431ae90_0;
    %ret/vec4 0, 0, 3;  Assign to scan_lowest_request (store_vec4_to_lval)
    %disable/flow S_0x7f77b431c5e0;
    %end;
S_0x7f77b43195e0 .scope autobegin, "$ivl_for_loop1" "$ivl_for_loop1" 3 125, 3 125 0, S_0x7f77b431c5e0;
 .timescale -9 -12;
v0x7f77b431b5b0_0 .var/2s "i", 31 0;
S_0x7f77b4334a90 .scope generate, "gen_lifts[2]" "gen_lifts[2]" 5 359, 5 359 0, S_0x7f77b40c1c80;
 .timescale -9 -12;
P_0x7f77b4312100 .param/l "gi" 1 5 359, +C4<010>;
L_0x7f77b4273758 .functor BUFT 1, C4<111>, C4<0>, C4<0>, C4<0>;
v0x7f77b433a100_0 .net/2u *"_ivl_2", 2 0, L_0x7f77b4273758;  1 drivers
L_0x7f77b42737a0 .functor BUFT 1, C4<000>, C4<0>, C4<0>, C4<0>;
v0x7f77b433a1a0_0 .net/2u *"_ivl_8", 2 0, L_0x7f77b42737a0;  1 drivers
L_0x7f77b40c68a0 .cmp/eq 3, v0x7f77b4338b70_0, L_0x7f77b4273758;
L_0x7f77b40c69c0 .cmp/eq 3, v0x7f77b4338b70_0, L_0x7f77b42737a0;
S_0x7f77b4334c00 .scope module, "u_lift" "elevator_controller" 5 367, 3 8 0, S_0x7f77b4334a90;
 .timescale -9 -12;
    .port_info 0 /INPUT 1 "clk";
    .port_info 1 /INPUT 1 "reset";
    .port_info 2 /INPUT 1 "req_valid";
    .port_info 3 /INPUT 3 "req_floor";
    .port_info 4 /INPUT 1 "req_cabin";
    .port_info 5 /INPUT 1 "req_hall_up";
    .port_info 6 /INPUT 8 "cabin_buttons";
    .port_info 7 /INPUT 8 "hall_up_buttons";
    .port_info 8 /INPUT 8 "hall_down_buttons";
    .port_info 9 /INPUT 1 "emergency_stop";
    .port_info 10 /INPUT 1 "top_limit";
    .port_info 11 /INPUT 1 "bottom_limit";
    .port_info 12 /INPUT 1 "door_obstructed";
    .port_info 13 /OUTPUT 1 "door_open";
    .port_info 14 /OUTPUT 1 "idle";
    .port_info 15 /OUTPUT 1 "moving_up";
    .port_info 16 /OUTPUT 1 "moving_down";
    .port_info 17 /OUTPUT 1 "service_dir_up";
    .port_info 18 /OUTPUT 1 "service_dir_down";
    .port_info 19 /OUTPUT 3 "current_floor";
    .port_info 20 /OUTPUT 8 "pending_requests";
    .port_info 21 /OUTPUT 3 "max_request";
    .port_info 22 /OUTPUT 3 "min_request";
    .port_info 23 /OUTPUT 1 "estop_latched";
    .port_info 24 /OUTPUT 3 "fsm_state";
P_0x7f77b4334d70 .param/l "DOOR_OPEN_CYCLES" 0 3 10, C4<00000000000000000000000000000100>;
P_0x7f77b4334db0 .param/l "DOOR_TIMER_W" 0 3 12, C4<00000000000000000000000000000011>;
P_0x7f77b4334df0 .param/l "FLOOR_W" 0 3 11, C4<00000000000000000000000000000011>;
P_0x7f77b4334e30 .param/l "MIN_INIT" 1 3 52, C4<111>;
P_0x7f77b4334e70 .param/l "NUM_FLOORS" 0 3 9, C4<00000000000000000000000000001000>;
P_0x7f77b4334eb0 .param/l "TOP_FLOOR" 1 3 51, C4<00000000000000000000000000000111>;
enum0x7f77b405f4d0 .enum4 (3)
   "ST_RESET" 3'b000,
   "ST_DOOR_CLOSED_IDLE" 3'b001,
   "ST_DOOR_OPEN_IDLE" 3'b010,
   "ST_MOVING_UP" 3'b011,
   "ST_MOVING_DOWN" 3'b100,
   "ST_UP_DIR_SETTER" 3'b101,
   "ST_DOWN_DIR_SETTER" 3'b110
 ;
L_0x7f77b40c7550 .functor BUFZ 3, v0x7f77b4339d90_0, C4<000>, C4<000>, C4<000>;
L_0x7f77b42737e8 .functor BUFT 1, C4<011>, C4<0>, C4<0>, C4<0>;
v0x7f77b43375f0_0 .net/2u *"_ivl_12", 2 0, L_0x7f77b42737e8;  1 drivers
L_0x7f77b4273830 .functor BUFT 1, C4<100>, C4<0>, C4<0>, C4<0>;
v0x7f77b43376b0_0 .net/2u *"_ivl_16", 2 0, L_0x7f77b4273830;  1 drivers
v0x7f77b4337760_0 .var "any_request", 0 0;
v0x7f77b4337810_0 .net "bottom_limit", 0 0, L_0x7f77b40c69c0;  alias, 1 drivers
v0x7f77b43378b0_0 .net "cabin_buttons", 7 0, L_0x7f77b40cbb20;  alias, 1 drivers
v0x7f77b43379a0_0 .var "can_move_down", 0 0;
v0x7f77b4337a40_0 .var "can_move_up", 0 0;
v0x7f77b4337ae0_0 .net "clk", 0 0, v0x7f77b4346d90_0;  alias, 1 drivers
v0x7f77b4337bb0_0 .net "current_floor", 2 0, v0x7f77b4338b70_0;  alias, 1 drivers
v0x7f77b4337cc0_0 .var "dir_down_d", 0 0;
v0x7f77b4337d50_0 .var "dir_down_q", 0 0;
v0x7f77b4337de0_0 .var "dir_up_d", 0 0;
v0x7f77b4337e80_0 .var "dir_up_q", 0 0;
v0x7f77b4337f20_0 .net "door_obstructed", 0 0, L_0x7f77b40c79f0;  1 drivers
v0x7f77b4337fc0_0 .net "door_open", 0 0, v0x7f77b4338100_0;  alias, 1 drivers
v0x7f77b4338060_0 .var "door_open_d", 0 0;
v0x7f77b4338100_0 .var "door_open_q", 0 0;
v0x7f77b4338290_0 .var "door_timer_d", 2 0;
v0x7f77b4338320_0 .var "door_timer_q", 2 0;
v0x7f77b43383c0_0 .net "emergency_stop", 0 0, L_0x7f77b40c78b0;  1 drivers
v0x7f77b4338460_0 .var "estop_active_d", 0 0;
v0x7f77b4338500_0 .var "estop_active_q", 0 0;
v0x7f77b43385a0_0 .net "estop_latched", 0 0, v0x7f77b4338500_0;  alias, 1 drivers
v0x7f77b4338640_0 .var "estop_saved_dir_down_d", 0 0;
v0x7f77b43386e0_0 .var "estop_saved_dir_down_q", 0 0;
v0x7f77b4338780_0 .var "estop_saved_dir_up_d", 0 0;
v0x7f77b4338820_0 .var "estop_saved_dir_up_q", 0 0;
v0x7f77b43388c0_0 .var "estop_saved_state_d", 2 0;
v0x7f77b4338970_0 .var "estop_saved_state_q", 2 0;
v0x7f77b4338a20_0 .var "floor_d", 2 0;
v0x7f77b4338ad0_0 .var "floor_has_request", 0 0;
v0x7f77b4338b70_0 .var "floor_q", 2 0;
v0x7f77b4338c20_0 .net "fsm_state", 2 0, L_0x7f77b40c7550;  alias, 1 drivers
L_0x7f77b42738c0 .functor BUFT 1, C4<00000000>, C4<0>, C4<0>, C4<0>;
v0x7f77b43381b0_0 .net "hall_down_buttons", 7 0, L_0x7f77b42738c0;  1 drivers
L_0x7f77b4273878 .functor BUFT 1, C4<00000000>, C4<0>, C4<0>, C4<0>;
v0x7f77b4338eb0_0 .net "hall_up_buttons", 7 0, L_0x7f77b4273878;  1 drivers
v0x7f77b4338f40_0 .net "idle", 0 0, v0x7f77b4339070_0;  alias, 1 drivers
v0x7f77b4338fd0_0 .var "idle_d", 0 0;
v0x7f77b4339070_0 .var "idle_q", 0 0;
v0x7f77b4339110_0 .var "max_req_d", 2 0;
v0x7f77b43391c0_0 .var "max_req_q", 2 0;
v0x7f77b4339270_0 .net "max_request", 2 0, v0x7f77b43391c0_0;  alias, 1 drivers
v0x7f77b4339320_0 .var "min_req_d", 2 0;
v0x7f77b43393d0_0 .var "min_req_q", 2 0;
v0x7f77b4339480_0 .net "min_request", 2 0, v0x7f77b43393d0_0;  alias, 1 drivers
v0x7f77b4339530_0 .net "moving_down", 0 0, L_0x7f77b40c7130;  alias, 1 drivers
v0x7f77b43395d0_0 .net "moving_up", 0 0, L_0x7f77b40c6ff0;  alias, 1 drivers
v0x7f77b4339670_0 .net "pending_requests", 7 0, v0x7f77b4339a60_0;  alias, 1 drivers
v0x7f77b4339720_0 .net "req_cabin", 0 0, L_0x7f77b40c76c0;  1 drivers
v0x7f77b4345ab0_2 .array/port v0x7f77b4345ab0, 2;
v0x7f77b43397c0_0 .net "req_floor", 2 0, v0x7f77b4345ab0_2;  1 drivers
v0x7f77b4339870_0 .net "req_hall_up", 0 0, L_0x7f77b40c7780;  1 drivers
v0x7f77b4339910_0 .net "req_valid", 0 0, L_0x7f77b40c75c0;  1 drivers
v0x7f77b43399b0_0 .var "requests_d", 7 0;
v0x7f77b4339a60_0 .var "requests_q", 7 0;
v0x7f77b4339b10_0 .net "reset", 0 0, v0x7f77b43480c0_0;  alias, 1 drivers
v0x7f77b4339be0_0 .net "service_dir_down", 0 0, v0x7f77b4337d50_0;  alias, 1 drivers
v0x7f77b4339c70_0 .net "service_dir_up", 0 0, v0x7f77b4337e80_0;  alias, 1 drivers
v0x7f77b4339d00_0 .var "state_d", 2 0;
v0x7f77b4339d90_0 .var "state_q", 2 0;
v0x7f77b4339e20_0 .net "top_limit", 0 0, L_0x7f77b40c68a0;  alias, 1 drivers
E_0x7f77b4331f10/0 .event anyedge, v0x7f77b4339d90_0, v0x7f77b4339a60_0, v0x7f77b43391c0_0, v0x7f77b43393d0_0;
E_0x7f77b4331f10/1 .event anyedge, v0x7f77b4338b70_0, v0x7f77b4337e80_0, v0x7f77b4337d50_0, v0x7f77b4338100_0;
E_0x7f77b4331f10/2 .event anyedge, v0x7f77b4339070_0, v0x7f77b4338320_0, v0x7f77b4338500_0, v0x7f77b4338820_0;
E_0x7f77b4331f10/3 .event anyedge, v0x7f77b43386e0_0, v0x7f77b4338970_0, v0x7f77b4339e20_0, v0x7f77b4337810_0;
E_0x7f77b4331f10/4 .event anyedge, v0x7f77b43378b0_0, v0x7f77b4338eb0_0, v0x7f77b43381b0_0, v0x7f77b4339910_0;
E_0x7f77b4331f10/5 .event anyedge, v0x7f77b43397c0_0, v0x7f77b4339720_0, v0x7f77b4339870_0, v0x7f77b2f4b310_0;
E_0x7f77b4331f10/6 .event anyedge, v0x7f77b43383c0_0, v0x7f77b4337f20_0;
E_0x7f77b4331f10 .event/or E_0x7f77b4331f10/0, E_0x7f77b4331f10/1, E_0x7f77b4331f10/2, E_0x7f77b4331f10/3, E_0x7f77b4331f10/4, E_0x7f77b4331f10/5, E_0x7f77b4331f10/6;
L_0x7f77b40c6ff0 .cmp/eq 3, v0x7f77b4339d90_0, L_0x7f77b42737e8;
L_0x7f77b40c7130 .cmp/eq 3, v0x7f77b4339d90_0, L_0x7f77b4273830;
S_0x7f77b43353b0 .scope begin, "$unm_blk_16" "$unm_blk_16" 3 214, 3 214 0, S_0x7f77b4334c00;
 .timescale -9 -12;
v0x7f77b4335520_0 .var "new_req_bits", 7 0;
S_0x7f77b43355b0 .scope autofunction.vec4.s3, "clamp_floor" "clamp_floor" 3 134, 3 134 0, S_0x7f77b4334c00;
 .timescale -9 -12;
; Variable clamp_floor is vec4 return value of scope S_0x7f77b43355b0
v0x7f77b43357b0_0 .var "floor", 2 0;
TD_elevator_group_tb.dut.gen_lifts\x5B2\x5D.u_lift.clamp_floor ;
    %load/vec4 v0x7f77b43357b0_0;
    %cmpi/u 7, 0, 3;
    %flag_or 5, 4; GT is !LE
    %flag_inv 5;
    %jmp/0xz  T_16.120, 5;
    %pushi/vec4 7, 0, 3;
    %ret/vec4 0, 0, 3;  Assign to clamp_floor (store_vec4_to_lval)
    %disable/flow S_0x7f77b43355b0;
T_16.120 ;
    %load/vec4 v0x7f77b43357b0_0;
    %ret/vec4 0, 0, 3;  Assign to clamp_floor (store_vec4_to_lval)
    %disable/flow S_0x7f77b43355b0;
    %end;
S_0x7f77b4335840 .scope autofunction.vec4.s8, "collect_new_requests" "collect_new_requests" 3 169, 3 169 0, S_0x7f77b4334c00;
 .timescale -9 -12;
v0x7f77b4335bb0_0 .var "additions", 7 0;
v0x7f77b4335c40_0 .var "cabin_req", 7 0;
; Variable collect_new_requests is vec4 return value of scope S_0x7f77b4335840
v0x7f77b4335d60_0 .var "cur_dir_down", 0 0;
v0x7f77b4335df0_0 .var "cur_dir_up", 0 0;
v0x7f77b4335e80_0 .var "cur_floor", 2 0;
v0x7f77b4335f10_0 .var "cur_idle", 0 0;
v0x7f77b4335fa0_0 .var "hall_down_req", 7 0;
v0x7f77b4336030_0 .var "hall_up_req", 7 0;
v0x7f77b43360c0_0 .var "idx", 2 0;
v0x7f77b4336150_0 .var "pulse_cabin", 0 0;
v0x7f77b43361e0_0 .var "pulse_floor", 2 0;
v0x7f77b4336270_0 .var "pulse_hall_up", 0 0;
v0x7f77b4336300_0 .var "req_pulse", 0 0;
TD_elevator_group_tb.dut.gen_lifts\x5B2\x5D.u_lift.collect_new_requests ;
    %pushi/vec4 0, 0, 8;
    %store/vec4 v0x7f77b4335bb0_0, 0, 8;
    %fork t_19, S_0x7f77b43359b0;
    %jmp t_18;
    .scope S_0x7f77b43359b0;
t_19 ;
    %pushi/vec4 0, 0, 32;
    %store/vec4 v0x7f77b4335b20_0, 0, 32;
T_17.122 ; Top of for-loop
    %load/vec4 v0x7f77b4335b20_0;
    %cmpi/s 8, 0, 32;
	  %jmp/0xz T_17.123, 5;
    %load/vec4 v0x7f77b4335c40_0;
    %load/vec4 v0x7f77b4335b20_0;
    %part/s 1;
    %flag_set/vec4 8;
    %jmp/0xz  T_17.125, 8;
    %pushi/vec4 1, 0, 1;
    %ix/getv/s 4, v0x7f77b4335b20_0;
    %store/vec4 v0x7f77b4335bb0_0, 4, 1;
T_17.125 ;
    %load/vec4 v0x7f77b4336030_0;
    %load/vec4 v0x7f77b4335b20_0;
    %part/s 1;
    %flag_set/vec4 9;
    %flag_get/vec4 9;
    %jmp/0 T_17.129, 9;
    %alloc S_0x7f77b4336390;
    %load/vec4 v0x7f77b4335b20_0;
    %pad/s 3;
    %pushi/vec4 1, 0, 1;
    %pushi/vec4 0, 0, 1;
    %load/vec4 v0x7f77b4335e80_0;
    %load/vec4 v0x7f77b4335df0_0;
    %load/vec4 v0x7f77b4335d60_0;
    %load/vec4 v0x7f77b4335f10_0;
    %store/vec4 v0x7f77b4336740_0, 0, 1;
    %store/vec4 v0x7f77b4336590_0, 0, 1;
    %store/vec4 v0x7f77b4336620_0, 0, 1;
    %store/vec4 v0x7f77b43366b0_0, 0, 3;
    %store/vec4 v0x7f77b4336500_0, 0, 1;
    %store/vec4 v0x7f77b43368f0_0, 0, 1;
    %store/vec4 v0x7f77b43367d0_0, 0, 3;
    %callf/vec4 TD_elevator_group_tb.dut.gen_lifts\x5B2\x5D.u_lift.hall_call_allowed, S_0x7f77b4336390;
    %free S_0x7f77b4336390;
    %and;
T_17.129;
    %flag_set/vec4 8;
    %jmp/0xz  T_17.127, 8;
    %pushi/vec4 1, 0, 1;
    %ix/getv/s 4, v0x7f77b4335b20_0;
    %store/vec4 v0x7f77b4335bb0_0, 4, 1;
T_17.127 ;
    %load/vec4 v0x7f77b4335fa0_0;
    %load/vec4 v0x7f77b4335b20_0;
    %part/s 1;
    %flag_set/vec4 9;
    %flag_get/vec4 9;
    %jmp/0 T_17.132, 9;
    %alloc S_0x7f77b4336390;
    %load/vec4 v0x7f77b4335b20_0;
    %pad/s 3;
    %pushi/vec4 0, 0, 1;
    %pushi/vec4 0, 0, 1;
    %load/vec4 v0x7f77b4335e80_0;
    %load/vec4 v0x7f77b4335df0_0;
    %load/vec4 v0x7f77b4335d60_0;
    %load/vec4 v0x7f77b4335f10_0;
    %store/vec4 v0x7f77b4336740_0, 0, 1;
    %store/vec4 v0x7f77b4336590_0, 0, 1;
    %store/vec4 v0x7f77b4336620_0, 0, 1;
    %store/vec4 v0x7f77b43366b0_0, 0, 3;
    %store/vec4 v0x7f77b4336500_0, 0, 1;
    %store/vec4 v0x7f77b43368f0_0, 0, 1;
    %store/vec4 v0x7f77b43367d0_0, 0, 3;
    %callf/vec4 TD_elevator_group_tb.dut.gen_lifts\x5B2\x5D.u_lift.hall_call_allowed, S_0x7f77b4336390;
    %free S_0x7f77b4336390;
    %and;
T_17.132;
    %flag_set/vec4 8;
    %jmp/0xz  T_17.130, 8;
    %pushi/vec4 1, 0, 1;
    %ix/getv/s 4, v0x7f77b4335b20_0;
    %store/vec4 v0x7f77b4335bb0_0, 4, 1;
T_17.130 ;
T_17.124 ; for-loop step statement
    ; show_stmt_assign_vector: Get l-value for compressed += operand
    %load/vec4 v0x7f77b4335b20_0;
    %pushi/vec4 1, 0, 32;
    %add;
    %cast2;
    %store/vec4 v0x7f77b4335b20_0, 0, 32;
    %jmp T_17.122;
T_17.123 ; for-loop exit label
    %end;
    .scope S_0x7f77b4335840;
t_18 %join;
    %load/vec4 v0x7f77b4336300_0;
    %flag_set/vec4 8;
    %jmp/0xz  T_17.133, 8;
    %alloc S_0x7f77b43355b0;
    %load/vec4 v0x7f77b43361e0_0;
    %store/vec4 v0x7f77b43357b0_0, 0, 3;
    %callf/vec4 TD_elevator_group_tb.dut.gen_lifts\x5B2\x5D.u_lift.clamp_floor, S_0x7f77b43355b0;
    %free S_0x7f77b43355b0;
    %store/vec4 v0x7f77b43360c0_0, 0, 3;
    %load/vec4 v0x7f77b4336150_0;
    %flag_set/vec4 8;
    %jmp/1 T_17.137, 8;
    %alloc S_0x7f77b4336390;
    %load/vec4 v0x7f77b43360c0_0;
    %load/vec4 v0x7f77b4336270_0;
    %pushi/vec4 0, 0, 1;
    %load/vec4 v0x7f77b4335e80_0;
    %load/vec4 v0x7f77b4335df0_0;
    %load/vec4 v0x7f77b4335d60_0;
    %load/vec4 v0x7f77b4335f10_0;
    %store/vec4 v0x7f77b4336740_0, 0, 1;
    %store/vec4 v0x7f77b4336590_0, 0, 1;
    %store/vec4 v0x7f77b4336620_0, 0, 1;
    %store/vec4 v0x7f77b43366b0_0, 0, 3;
    %store/vec4 v0x7f77b4336500_0, 0, 1;
    %store/vec4 v0x7f77b43368f0_0, 0, 1;
    %store/vec4 v0x7f77b43367d0_0, 0, 3;
    %callf/vec4 TD_elevator_group_tb.dut.gen_lifts\x5B2\x5D.u_lift.hall_call_allowed, S_0x7f77b4336390;
    %free S_0x7f77b4336390;
    %flag_set/vec4 9;
    %flag_or 8, 9;
T_17.137;
    %jmp/0xz  T_17.135, 8;
    %pushi/vec4 1, 0, 1;
    %ix/getv 4, v0x7f77b43360c0_0;
    %store/vec4 v0x7f77b4335bb0_0, 4, 1;
T_17.135 ;
T_17.133 ;
    %load/vec4 v0x7f77b4335bb0_0;
    %ret/vec4 0, 0, 8;  Assign to collect_new_requests (store_vec4_to_lval)
    %disable/flow S_0x7f77b4335840;
    %end;
S_0x7f77b43359b0 .scope autobegin, "$ivl_for_loop2" "$ivl_for_loop2" 3 187, 3 187 0, S_0x7f77b4335840;
 .timescale -9 -12;
v0x7f77b4335b20_0 .var/2s "i", 31 0;
S_0x7f77b4336390 .scope autofunction.vec4.s1, "hall_call_allowed" "hall_call_allowed" 3 141, 3 141 0, S_0x7f77b4334c00;
 .timescale -9 -12;
v0x7f77b4336500_0 .var "cabin", 0 0;
v0x7f77b4336590_0 .var "cur_dir_down", 0 0;
v0x7f77b4336620_0 .var "cur_dir_up", 0 0;
v0x7f77b43366b0_0 .var "cur_floor", 2 0;
v0x7f77b4336740_0 .var "cur_idle", 0 0;
v0x7f77b43367d0_0 .var "floor", 2 0;
; Variable hall_call_allowed is vec4 return value of scope S_0x7f77b4336390
v0x7f77b43368f0_0 .var "hall_up", 0 0;
TD_elevator_group_tb.dut.gen_lifts\x5B2\x5D.u_lift.hall_call_allowed ;
    %load/vec4 v0x7f77b4336500_0;
    %flag_set/vec4 8;
    %jmp/0xz  T_18.138, 8;
    %pushi/vec4 1, 0, 1;
    %ret/vec4 0, 0, 1;  Assign to hall_call_allowed (store_vec4_to_lval)
    %disable/flow S_0x7f77b4336390;
T_18.138 ;
    %load/vec4 v0x7f77b4336740_0;
    %flag_set/vec4 8;
    %jmp/0xz  T_18.140, 8;
    %pushi/vec4 1, 0, 1;
    %ret/vec4 0, 0, 1;  Assign to hall_call_allowed (store_vec4_to_lval)
    %disable/flow S_0x7f77b4336390;
T_18.140 ;
    %load/vec4 v0x7f77b43366b0_0;
    %load/vec4 v0x7f77b43367d0_0;
    %cmp/u;
    %jmp/0xz  T_18.142, 5;
    %load/vec4 v0x7f77b43368f0_0;
    %flag_set/vec4 8;
    %flag_get/vec4 8;
    %jmp/0 T_18.144, 8;
    %load/vec4 v0x7f77b4336620_0;
    %and;
T_18.144;
    %ret/vec4 0, 0, 1;  Assign to hall_call_allowed (store_vec4_to_lval)
    %disable/flow S_0x7f77b4336390;
T_18.142 ;
    %load/vec4 v0x7f77b43367d0_0;
    %load/vec4 v0x7f77b43366b0_0;
    %cmp/u;
    %jmp/0xz  T_18.145, 5;
    %load/vec4 v0x7f77b43368f0_0;
    %nor/r;
    %flag_set/vec4 8;
    %flag_get/vec4 8;
    %jmp/0 T_18.147, 8;
    %load/vec4 v0x7f77b4336590_0;
    %and;
T_18.147;
    %ret/vec4 0, 0, 1;  Assign to hall_call_allowed (store_vec4_to_lval)
    %disable/flow S_0x7f77b4336390;
T_18.145 ;
    %pushi/vec4 1, 0, 1;
    %ret/vec4 0, 0, 1;  Assign to hall_call_allowed (store_vec4_to_lval)
    %disable/flow S_0x7f77b4336390;
    %end;
S_0x7f77b4336980 .scope autofunction.vec4.s3, "scan_highest_request" "scan_highest_request" 3 102, 3 102 0, S_0x7f77b4334c00;
 .timescale -9 -12;
v0x7f77b4336cf0_0 .var "found", 0 0;
v0x7f77b4336d80_0 .var "req_bitmap", 7 0;
v0x7f77b4336e10_0 .var "result", 2 0;
; Variable scan_highest_request is vec4 return value of scope S_0x7f77b4336980
TD_elevator_group_tb.dut.gen_lifts\x5B2\x5D.u_lift.scan_highest_request ;
    %pushi/vec4 0, 0, 3;
    %store/vec4 v0x7f77b4336e10_0, 0, 3;
    %pushi/vec4 0, 0, 1;
    %store/vec4 v0x7f77b4336cf0_0, 0, 1;
    %fork t_21, S_0x7f77b4336af0;
    %jmp t_20;
    .scope S_0x7f77b4336af0;
t_21 ;
    %pushi/vec4 7, 0, 32;
    %store/vec4 v0x7f77b4336c60_0, 0, 32;
T_19.148 ; Top of for-loop
    %load/vec4 v0x7f77b4336c60_0;
    %cmpi/s 0, 0, 32;
    %flag_inv 5; GE is !LT
	  %jmp/0xz T_19.149, 5;
    %load/vec4 v0x7f77b4336cf0_0;
    %nor/r;
    %flag_set/vec4 9;
    %flag_get/vec4 9;
    %jmp/0 T_19.153, 9;
    %load/vec4 v0x7f77b4336d80_0;
    %load/vec4 v0x7f77b4336c60_0;
    %part/s 1;
    %and;
T_19.153;
    %flag_set/vec4 8;
    %jmp/0xz  T_19.151, 8;
    %load/vec4 v0x7f77b4336c60_0;
    %pad/s 3;
    %store/vec4 v0x7f77b4336e10_0, 0, 3;
    %pushi/vec4 1, 0, 1;
    %store/vec4 v0x7f77b4336cf0_0, 0, 1;
T_19.151 ;
T_19.150 ; for-loop step statement
    ; show_stmt_assign_vector: Get l-value for compressed -= operand
    %load/vec4 v0x7f77b4336c60_0;
    %pushi/vec4 1, 0, 32;
    %sub;
    %cast2;
    %store/vec4 v0x7f77b4336c60_0, 0, 32;
    %jmp T_19.148;
T_19.149 ; for-loop exit label
    %end;
    .scope S_0x7f77b4336980;
t_20 %join;
    %load/vec4 v0x7f77b4336e10_0;
    %ret/vec4 0, 0, 3;  Assign to scan_highest_request (store_vec4_to_lval)
    %disable/flow S_0x7f77b4336980;
    %end;
S_0x7f77b4336af0 .scope autobegin, "$ivl_for_loop0" "$ivl_for_loop0" 3 109, 3 109 0, S_0x7f77b4336980;
 .timescale -9 -12;
v0x7f77b4336c60_0 .var/2s "i", 31 0;
S_0x7f77b4336f30 .scope autofunction.vec4.s3, "scan_lowest_request" "scan_lowest_request" 3 118, 3 118 0, S_0x7f77b4334c00;
 .timescale -9 -12;
v0x7f77b4337320_0 .var "found", 0 0;
v0x7f77b43373d0_0 .var "req_bitmap", 7 0;
v0x7f77b4337480_0 .var "result", 2 0;
; Variable scan_lowest_request is vec4 return value of scope S_0x7f77b4336f30
TD_elevator_group_tb.dut.gen_lifts\x5B2\x5D.u_lift.scan_lowest_request ;
    %pushi/vec4 7, 0, 3;
    %store/vec4 v0x7f77b4337480_0, 0, 3;
    %pushi/vec4 0, 0, 1;
    %store/vec4 v0x7f77b4337320_0, 0, 1;
    %fork t_23, S_0x7f77b43370a0;
    %jmp t_22;
    .scope S_0x7f77b43370a0;
t_23 ;
    %pushi/vec4 0, 0, 32;
    %store/vec4 v0x7f77b4337260_0, 0, 32;
T_20.154 ; Top of for-loop
    %load/vec4 v0x7f77b4337260_0;
    %cmpi/s 8, 0, 32;
	  %jmp/0xz T_20.155, 5;
    %load/vec4 v0x7f77b4337320_0;
    %nor/r;
    %flag_set/vec4 9;
    %flag_get/vec4 9;
    %jmp/0 T_20.159, 9;
    %load/vec4 v0x7f77b43373d0_0;
    %load/vec4 v0x7f77b4337260_0;
    %part/s 1;
    %and;
T_20.159;
    %flag_set/vec4 8;
    %jmp/0xz  T_20.157, 8;
    %load/vec4 v0x7f77b4337260_0;
    %pad/s 3;
    %store/vec4 v0x7f77b4337480_0, 0, 3;
    %pushi/vec4 1, 0, 1;
    %store/vec4 v0x7f77b4337320_0, 0, 1;
T_20.157 ;
T_20.156 ; for-loop step statement
    ; show_stmt_assign_vector: Get l-value for compressed += operand
    %load/vec4 v0x7f77b4337260_0;
    %pushi/vec4 1, 0, 32;
    %add;
    %cast2;
    %store/vec4 v0x7f77b4337260_0, 0, 32;
    %jmp T_20.154;
T_20.155 ; for-loop exit label
    %end;
    .scope S_0x7f77b4336f30;
t_22 %join;
    %load/vec4 v0x7f77b4337480_0;
    %ret/vec4 0, 0, 3;  Assign to scan_lowest_request (store_vec4_to_lval)
    %disable/flow S_0x7f77b4336f30;
    %end;
S_0x7f77b43370a0 .scope autobegin, "$ivl_for_loop1" "$ivl_for_loop1" 3 125, 3 125 0, S_0x7f77b4336f30;
 .timescale -9 -12;
v0x7f77b4337260_0 .var/2s "i", 31 0;
S_0x7f77b433a240 .scope generate, "gen_lifts[3]" "gen_lifts[3]" 5 359, 5 359 0, S_0x7f77b40c1c80;
 .timescale -9 -12;
P_0x7f77b4334f60 .param/l "gi" 1 5 359, +C4<011>;
L_0x7f77b4273908 .functor BUFT 1, C4<111>, C4<0>, C4<0>, C4<0>;
v0x7f77b433eda0_0 .net/2u *"_ivl_2", 2 0, L_0x7f77b4273908;  1 drivers
L_0x7f77b4273950 .functor BUFT 1, C4<000>, C4<0>, C4<0>, C4<0>;
v0x7f77b433ee30_0 .net/2u *"_ivl_8", 2 0, L_0x7f77b4273950;  1 drivers
L_0x7f77b40c4bf0 .cmp/eq 3, v0x7f77b40c35f0_0, L_0x7f77b4273908;
L_0x7f77b40c7d90 .cmp/eq 3, v0x7f77b40c35f0_0, L_0x7f77b4273950;
S_0x7f77b433a3f0 .scope module, "u_lift" "elevator_controller" 5 367, 3 8 0, S_0x7f77b433a240;
 .timescale -9 -12;
    .port_info 0 /INPUT 1 "clk";
    .port_info 1 /INPUT 1 "reset";
    .port_info 2 /INPUT 1 "req_valid";
    .port_info 3 /INPUT 3 "req_floor";
    .port_info 4 /INPUT 1 "req_cabin";
    .port_info 5 /INPUT 1 "req_hall_up";
    .port_info 6 /INPUT 8 "cabin_buttons";
    .port_info 7 /INPUT 8 "hall_up_buttons";
    .port_info 8 /INPUT 8 "hall_down_buttons";
    .port_info 9 /INPUT 1 "emergency_stop";
    .port_info 10 /INPUT 1 "top_limit";
    .port_info 11 /INPUT 1 "bottom_limit";
    .port_info 12 /INPUT 1 "door_obstructed";
    .port_info 13 /OUTPUT 1 "door_open";
    .port_info 14 /OUTPUT 1 "idle";
    .port_info 15 /OUTPUT 1 "moving_up";
    .port_info 16 /OUTPUT 1 "moving_down";
    .port_info 17 /OUTPUT 1 "service_dir_up";
    .port_info 18 /OUTPUT 1 "service_dir_down";
    .port_info 19 /OUTPUT 3 "current_floor";
    .port_info 20 /OUTPUT 8 "pending_requests";
    .port_info 21 /OUTPUT 3 "max_request";
    .port_info 22 /OUTPUT 3 "min_request";
    .port_info 23 /OUTPUT 1 "estop_latched";
    .port_info 24 /OUTPUT 3 "fsm_state";
P_0x7f77b433a5b0 .param/l "DOOR_OPEN_CYCLES" 0 3 10, C4<00000000000000000000000000000100>;
P_0x7f77b433a5f0 .param/l "DOOR_TIMER_W" 0 3 12, C4<00000000000000000000000000000011>;
P_0x7f77b433a630 .param/l "FLOOR_W" 0 3 11, C4<00000000000000000000000000000011>;
P_0x7f77b433a670 .param/l "MIN_INIT" 1 3 52, C4<111>;
P_0x7f77b433a6b0 .param/l "NUM_FLOORS" 0 3 9, C4<00000000000000000000000000001000>;
P_0x7f77b433a6f0 .param/l "TOP_FLOOR" 1 3 51, C4<00000000000000000000000000000111>;
enum0x7f77b40630c0 .enum4 (3)
   "ST_RESET" 3'b000,
   "ST_DOOR_CLOSED_IDLE" 3'b001,
   "ST_DOOR_OPEN_IDLE" 3'b010,
   "ST_MOVING_UP" 3'b011,
   "ST_MOVING_DOWN" 3'b100,
   "ST_UP_DIR_SETTER" 3'b101,
   "ST_DOWN_DIR_SETTER" 3'b110
 ;
L_0x7f77b40c8870 .functor BUFZ 3, v0x7f77b40c4900_0, C4<000>, C4<000>, C4<000>;
L_0x7f77b4273998 .functor BUFT 1, C4<011>, C4<0>, C4<0>, C4<0>;
v0x7f77b433d7e0_0 .net/2u *"_ivl_12", 2 0, L_0x7f77b4273998;  1 drivers
L_0x7f77b42739e0 .functor BUFT 1, C4<100>, C4<0>, C4<0>, C4<0>;
v0x7f77b433d8a0_0 .net/2u *"_ivl_16", 2 0, L_0x7f77b42739e0;  1 drivers
v0x7f77b433d950_0 .var "any_request", 0 0;
v0x7f77b433da00_0 .net "bottom_limit", 0 0, L_0x7f77b40c7d90;  alias, 1 drivers
v0x7f77b433daa0_0 .net "cabin_buttons", 7 0, L_0x7f77b40caee0;  alias, 1 drivers
v0x7f77b433db90_0 .var "can_move_down", 0 0;
v0x7f77b433dc30_0 .var "can_move_up", 0 0;
v0x7f77b433dcd0_0 .net "clk", 0 0, v0x7f77b4346d90_0;  alias, 1 drivers
v0x7f77b433dd60_0 .net "current_floor", 2 0, v0x7f77b40c35f0_0;  alias, 1 drivers
v0x7f77b433de70_0 .var "dir_down_d", 0 0;
v0x7f77b433df10_0 .var "dir_down_q", 0 0;
v0x7f77b433dfb0_0 .var "dir_up_d", 0 0;
v0x7f77b433e050_0 .var "dir_up_q", 0 0;
v0x7f77b433e0f0_0 .net "door_obstructed", 0 0, L_0x7f77b40c8db0;  1 drivers
v0x7f77b433e190_0 .net "door_open", 0 0, v0x7f77b433e2d0_0;  alias, 1 drivers
v0x7f77b433e230_0 .var "door_open_d", 0 0;
v0x7f77b433e2d0_0 .var "door_open_q", 0 0;
v0x7f77b433e460_0 .var "door_timer_d", 2 0;
v0x7f77b433e4f0_0 .var "door_timer_q", 2 0;
v0x7f77b433e590_0 .net "emergency_stop", 0 0, L_0x7f77b40c8c70;  1 drivers
v0x7f77b433e630_0 .var "estop_active_d", 0 0;
v0x7f77b433e6d0_0 .var "estop_active_q", 0 0;
v0x7f77b433e770_0 .net "estop_latched", 0 0, v0x7f77b433e6d0_0;  alias, 1 drivers
v0x7f77b433e810_0 .var "estop_saved_dir_down_d", 0 0;
v0x7f77b433e8b0_0 .var "estop_saved_dir_down_q", 0 0;
v0x7f77b433e950_0 .var "estop_saved_dir_up_d", 0 0;
v0x7f77b433e9f0_0 .var "estop_saved_dir_up_q", 0 0;
v0x7f77b433ea90_0 .var "estop_saved_state_d", 2 0;
v0x7f77b433eb40_0 .var "estop_saved_state_q", 2 0;
v0x7f77b433ebf0_0 .var "floor_d", 2 0;
v0x7f77b433eca0_0 .var "floor_has_request", 0 0;
v0x7f77b40c35f0_0 .var "floor_q", 2 0;
v0x7f77b40c3690_0 .net "fsm_state", 2 0, L_0x7f77b40c8870;  alias, 1 drivers
L_0x7f77b4273a70 .functor BUFT 1, C4<00000000>, C4<0>, C4<0>, C4<0>;
v0x7f77b40c3940_0 .net "hall_down_buttons", 7 0, L_0x7f77b4273a70;  1 drivers
L_0x7f77b4273a28 .functor BUFT 1, C4<00000000>, C4<0>, C4<0>, C4<0>;
v0x7f77b40c39f0_0 .net "hall_up_buttons", 7 0, L_0x7f77b4273a28;  1 drivers
v0x7f77b40c3aa0_0 .net "idle", 0 0, v0x7f77b40c3be0_0;  alias, 1 drivers
v0x7f77b40c3b40_0 .var "idle_d", 0 0;
v0x7f77b40c3be0_0 .var "idle_q", 0 0;
v0x7f77b40c3c80_0 .var "max_req_d", 2 0;
v0x7f77b40c3d30_0 .var "max_req_q", 2 0;
v0x7f77b40c3de0_0 .net "max_request", 2 0, v0x7f77b40c3d30_0;  alias, 1 drivers
v0x7f77b40c3e90_0 .var "min_req_d", 2 0;
v0x7f77b40c3f40_0 .var "min_req_q", 2 0;
v0x7f77b40c3ff0_0 .net "min_request", 2 0, v0x7f77b40c3f40_0;  alias, 1 drivers
v0x7f77b40c40a0_0 .net "moving_down", 0 0, L_0x7f77b40c8450;  alias, 1 drivers
v0x7f77b40c4140_0 .net "moving_up", 0 0, L_0x7f77b40c8310;  alias, 1 drivers
v0x7f77b40c41e0_0 .net "pending_requests", 7 0, v0x7f77b40c45d0_0;  alias, 1 drivers
v0x7f77b40c4290_0 .net "req_cabin", 0 0, L_0x7f77b40c8a00;  1 drivers
v0x7f77b4345ab0_3 .array/port v0x7f77b4345ab0, 3;
v0x7f77b40c4330_0 .net "req_floor", 2 0, v0x7f77b4345ab0_3;  1 drivers
v0x7f77b40c43e0_0 .net "req_hall_up", 0 0, L_0x7f77b40c8bd0;  1 drivers
v0x7f77b40c4480_0 .net "req_valid", 0 0, L_0x7f77b40c88e0;  1 drivers
v0x7f77b40c4520_0 .var "requests_d", 7 0;
v0x7f77b40c45d0_0 .var "requests_q", 7 0;
v0x7f77b40c4680_0 .net "reset", 0 0, v0x7f77b43480c0_0;  alias, 1 drivers
v0x7f77b40c4710_0 .net "service_dir_down", 0 0, v0x7f77b433df10_0;  alias, 1 drivers
v0x7f77b40c47b0_0 .net "service_dir_up", 0 0, v0x7f77b433e050_0;  alias, 1 drivers
v0x7f77b40c4850_0 .var "state_d", 2 0;
v0x7f77b40c4900_0 .var "state_q", 2 0;
v0x7f77b40c49b0_0 .net "top_limit", 0 0, L_0x7f77b40c4bf0;  alias, 1 drivers
E_0x7f77b433ade0/0 .event anyedge, v0x7f77b40c4900_0, v0x7f77b40c45d0_0, v0x7f77b40c3d30_0, v0x7f77b40c3f40_0;
E_0x7f77b433ade0/1 .event anyedge, v0x7f77b40c35f0_0, v0x7f77b433e050_0, v0x7f77b433df10_0, v0x7f77b433e2d0_0;
E_0x7f77b433ade0/2 .event anyedge, v0x7f77b40c3be0_0, v0x7f77b433e4f0_0, v0x7f77b433e6d0_0, v0x7f77b433e9f0_0;
E_0x7f77b433ade0/3 .event anyedge, v0x7f77b433e8b0_0, v0x7f77b433eb40_0, v0x7f77b40c49b0_0, v0x7f77b433da00_0;
E_0x7f77b433ade0/4 .event anyedge, v0x7f77b433daa0_0, v0x7f77b40c39f0_0, v0x7f77b40c3940_0, v0x7f77b40c4480_0;
E_0x7f77b433ade0/5 .event anyedge, v0x7f77b40c4330_0, v0x7f77b40c4290_0, v0x7f77b40c43e0_0, v0x7f77b2f4b310_0;
E_0x7f77b433ade0/6 .event anyedge, v0x7f77b433e590_0, v0x7f77b433e0f0_0;
E_0x7f77b433ade0 .event/or E_0x7f77b433ade0/0, E_0x7f77b433ade0/1, E_0x7f77b433ade0/2, E_0x7f77b433ade0/3, E_0x7f77b433ade0/4, E_0x7f77b433ade0/5, E_0x7f77b433ade0/6;
L_0x7f77b40c8310 .cmp/eq 3, v0x7f77b40c4900_0, L_0x7f77b4273998;
L_0x7f77b40c8450 .cmp/eq 3, v0x7f77b40c4900_0, L_0x7f77b42739e0;
S_0x7f77b433af00 .scope begin, "$unm_blk_16" "$unm_blk_16" 3 214, 3 214 0, S_0x7f77b433a3f0;
 .timescale -9 -12;
v0x7f77b433b0d0_0 .var "new_req_bits", 7 0;
S_0x7f77b433b190 .scope autofunction.vec4.s3, "clamp_floor" "clamp_floor" 3 134, 3 134 0, S_0x7f77b433a3f0;
 .timescale -9 -12;
; Variable clamp_floor is vec4 return value of scope S_0x7f77b433b190
v0x7f77b433b3f0_0 .var "floor", 2 0;
TD_elevator_group_tb.dut.gen_lifts\x5B3\x5D.u_lift.clamp_floor ;
    %load/vec4 v0x7f77b433b3f0_0;
    %cmpi/u 7, 0, 3;
    %flag_or 5, 4; GT is !LE
    %flag_inv 5;
    %jmp/0xz  T_21.160, 5;
    %pushi/vec4 7, 0, 3;
    %ret/vec4 0, 0, 3;  Assign to clamp_floor (store_vec4_to_lval)
    %disable/flow S_0x7f77b433b190;
T_21.160 ;
    %load/vec4 v0x7f77b433b3f0_0;
    %ret/vec4 0, 0, 3;  Assign to clamp_floor (store_vec4_to_lval)
    %disable/flow S_0x7f77b433b190;
    %end;
S_0x7f77b433b480 .scope autofunction.vec4.s8, "collect_new_requests" "collect_new_requests" 3 169, 3 169 0, S_0x7f77b433a3f0;
 .timescale -9 -12;
v0x7f77b433b8a0_0 .var "additions", 7 0;
v0x7f77b433b960_0 .var "cabin_req", 7 0;
; Variable collect_new_requests is vec4 return value of scope S_0x7f77b433b480
v0x7f77b433bad0_0 .var "cur_dir_down", 0 0;
v0x7f77b433bb70_0 .var "cur_dir_up", 0 0;
v0x7f77b433bc50_0 .var "cur_floor", 2 0;
v0x7f77b433bd00_0 .var "cur_idle", 0 0;
v0x7f77b433bda0_0 .var "hall_down_req", 7 0;
v0x7f77b433be50_0 .var "hall_up_req", 7 0;
v0x7f77b433bf60_0 .var "idx", 2 0;
v0x7f77b433c010_0 .var "pulse_cabin", 0 0;
v0x7f77b433c0b0_0 .var "pulse_floor", 2 0;
v0x7f77b433c160_0 .var "pulse_hall_up", 0 0;
v0x7f77b433c200_0 .var "req_pulse", 0 0;
TD_elevator_group_tb.dut.gen_lifts\x5B3\x5D.u_lift.collect_new_requests ;
    %pushi/vec4 0, 0, 8;
    %store/vec4 v0x7f77b433b8a0_0, 0, 8;
    %fork t_25, S_0x7f77b433b640;
    %jmp t_24;
    .scope S_0x7f77b433b640;
t_25 ;
    %pushi/vec4 0, 0, 32;
    %store/vec4 v0x7f77b433b800_0, 0, 32;
T_22.162 ; Top of for-loop
    %load/vec4 v0x7f77b433b800_0;
    %cmpi/s 8, 0, 32;
	  %jmp/0xz T_22.163, 5;
    %load/vec4 v0x7f77b433b960_0;
    %load/vec4 v0x7f77b433b800_0;
    %part/s 1;
    %flag_set/vec4 8;
    %jmp/0xz  T_22.165, 8;
    %pushi/vec4 1, 0, 1;
    %ix/getv/s 4, v0x7f77b433b800_0;
    %store/vec4 v0x7f77b433b8a0_0, 4, 1;
T_22.165 ;
    %load/vec4 v0x7f77b433be50_0;
    %load/vec4 v0x7f77b433b800_0;
    %part/s 1;
    %flag_set/vec4 9;
    %flag_get/vec4 9;
    %jmp/0 T_22.169, 9;
    %alloc S_0x7f77b433c2a0;
    %load/vec4 v0x7f77b433b800_0;
    %pad/s 3;
    %pushi/vec4 1, 0, 1;
    %pushi/vec4 0, 0, 1;
    %load/vec4 v0x7f77b433bc50_0;
    %load/vec4 v0x7f77b433bb70_0;
    %load/vec4 v0x7f77b433bad0_0;
    %load/vec4 v0x7f77b433bd00_0;
    %store/vec4 v0x7f77b433c6d0_0, 0, 1;
    %store/vec4 v0x7f77b433c510_0, 0, 1;
    %store/vec4 v0x7f77b433c5b0_0, 0, 1;
    %store/vec4 v0x7f77b433c640_0, 0, 3;
    %store/vec4 v0x7f77b433c460_0, 0, 1;
    %store/vec4 v0x7f77b433c900_0, 0, 1;
    %store/vec4 v0x7f77b433c7b0_0, 0, 3;
    %callf/vec4 TD_elevator_group_tb.dut.gen_lifts\x5B3\x5D.u_lift.hall_call_allowed, S_0x7f77b433c2a0;
    %free S_0x7f77b433c2a0;
    %and;
T_22.169;
    %flag_set/vec4 8;
    %jmp/0xz  T_22.167, 8;
    %pushi/vec4 1, 0, 1;
    %ix/getv/s 4, v0x7f77b433b800_0;
    %store/vec4 v0x7f77b433b8a0_0, 4, 1;
T_22.167 ;
    %load/vec4 v0x7f77b433bda0_0;
    %load/vec4 v0x7f77b433b800_0;
    %part/s 1;
    %flag_set/vec4 9;
    %flag_get/vec4 9;
    %jmp/0 T_22.172, 9;
    %alloc S_0x7f77b433c2a0;
    %load/vec4 v0x7f77b433b800_0;
    %pad/s 3;
    %pushi/vec4 0, 0, 1;
    %pushi/vec4 0, 0, 1;
    %load/vec4 v0x7f77b433bc50_0;
    %load/vec4 v0x7f77b433bb70_0;
    %load/vec4 v0x7f77b433bad0_0;
    %load/vec4 v0x7f77b433bd00_0;
    %store/vec4 v0x7f77b433c6d0_0, 0, 1;
    %store/vec4 v0x7f77b433c510_0, 0, 1;
    %store/vec4 v0x7f77b433c5b0_0, 0, 1;
    %store/vec4 v0x7f77b433c640_0, 0, 3;
    %store/vec4 v0x7f77b433c460_0, 0, 1;
    %store/vec4 v0x7f77b433c900_0, 0, 1;
    %store/vec4 v0x7f77b433c7b0_0, 0, 3;
    %callf/vec4 TD_elevator_group_tb.dut.gen_lifts\x5B3\x5D.u_lift.hall_call_allowed, S_0x7f77b433c2a0;
    %free S_0x7f77b433c2a0;
    %and;
T_22.172;
    %flag_set/vec4 8;
    %jmp/0xz  T_22.170, 8;
    %pushi/vec4 1, 0, 1;
    %ix/getv/s 4, v0x7f77b433b800_0;
    %store/vec4 v0x7f77b433b8a0_0, 4, 1;
T_22.170 ;
T_22.164 ; for-loop step statement
    ; show_stmt_assign_vector: Get l-value for compressed += operand
    %load/vec4 v0x7f77b433b800_0;
    %pushi/vec4 1, 0, 32;
    %add;
    %cast2;
    %store/vec4 v0x7f77b433b800_0, 0, 32;
    %jmp T_22.162;
T_22.163 ; for-loop exit label
    %end;
    .scope S_0x7f77b433b480;
t_24 %join;
    %load/vec4 v0x7f77b433c200_0;
    %flag_set/vec4 8;
    %jmp/0xz  T_22.173, 8;
    %alloc S_0x7f77b433b190;
    %load/vec4 v0x7f77b433c0b0_0;
    %store/vec4 v0x7f77b433b3f0_0, 0, 3;
    %callf/vec4 TD_elevator_group_tb.dut.gen_lifts\x5B3\x5D.u_lift.clamp_floor, S_0x7f77b433b190;
    %free S_0x7f77b433b190;
    %store/vec4 v0x7f77b433bf60_0, 0, 3;
    %load/vec4 v0x7f77b433c010_0;
    %flag_set/vec4 8;
    %jmp/1 T_22.177, 8;
    %alloc S_0x7f77b433c2a0;
    %load/vec4 v0x7f77b433bf60_0;
    %load/vec4 v0x7f77b433c160_0;
    %pushi/vec4 0, 0, 1;
    %load/vec4 v0x7f77b433bc50_0;
    %load/vec4 v0x7f77b433bb70_0;
    %load/vec4 v0x7f77b433bad0_0;
    %load/vec4 v0x7f77b433bd00_0;
    %store/vec4 v0x7f77b433c6d0_0, 0, 1;
    %store/vec4 v0x7f77b433c510_0, 0, 1;
    %store/vec4 v0x7f77b433c5b0_0, 0, 1;
    %store/vec4 v0x7f77b433c640_0, 0, 3;
    %store/vec4 v0x7f77b433c460_0, 0, 1;
    %store/vec4 v0x7f77b433c900_0, 0, 1;
    %store/vec4 v0x7f77b433c7b0_0, 0, 3;
    %callf/vec4 TD_elevator_group_tb.dut.gen_lifts\x5B3\x5D.u_lift.hall_call_allowed, S_0x7f77b433c2a0;
    %free S_0x7f77b433c2a0;
    %flag_set/vec4 9;
    %flag_or 8, 9;
T_22.177;
    %jmp/0xz  T_22.175, 8;
    %pushi/vec4 1, 0, 1;
    %ix/getv 4, v0x7f77b433bf60_0;
    %store/vec4 v0x7f77b433b8a0_0, 4, 1;
T_22.175 ;
T_22.173 ;
    %load/vec4 v0x7f77b433b8a0_0;
    %ret/vec4 0, 0, 8;  Assign to collect_new_requests (store_vec4_to_lval)
    %disable/flow S_0x7f77b433b480;
    %end;
S_0x7f77b433b640 .scope autobegin, "$ivl_for_loop2" "$ivl_for_loop2" 3 187, 3 187 0, S_0x7f77b433b480;
 .timescale -9 -12;
v0x7f77b433b800_0 .var/2s "i", 31 0;
S_0x7f77b433c2a0 .scope autofunction.vec4.s1, "hall_call_allowed" "hall_call_allowed" 3 141, 3 141 0, S_0x7f77b433a3f0;
 .timescale -9 -12;
v0x7f77b433c460_0 .var "cabin", 0 0;
v0x7f77b433c510_0 .var "cur_dir_down", 0 0;
v0x7f77b433c5b0_0 .var "cur_dir_up", 0 0;
v0x7f77b433c640_0 .var "cur_floor", 2 0;
v0x7f77b433c6d0_0 .var "cur_idle", 0 0;
v0x7f77b433c7b0_0 .var "floor", 2 0;
; Variable hall_call_allowed is vec4 return value of scope S_0x7f77b433c2a0
v0x7f77b433c900_0 .var "hall_up", 0 0;
TD_elevator_group_tb.dut.gen_lifts\x5B3\x5D.u_lift.hall_call_allowed ;
    %load/vec4 v0x7f77b433c460_0;
    %flag_set/vec4 8;
    %jmp/0xz  T_23.178, 8;
    %pushi/vec4 1, 0, 1;
    %ret/vec4 0, 0, 1;  Assign to hall_call_allowed (store_vec4_to_lval)
    %disable/flow S_0x7f77b433c2a0;
T_23.178 ;
    %load/vec4 v0x7f77b433c6d0_0;
    %flag_set/vec4 8;
    %jmp/0xz  T_23.180, 8;
    %pushi/vec4 1, 0, 1;
    %ret/vec4 0, 0, 1;  Assign to hall_call_allowed (store_vec4_to_lval)
    %disable/flow S_0x7f77b433c2a0;
T_23.180 ;
    %load/vec4 v0x7f77b433c640_0;
    %load/vec4 v0x7f77b433c7b0_0;
    %cmp/u;
    %jmp/0xz  T_23.182, 5;
    %load/vec4 v0x7f77b433c900_0;
    %flag_set/vec4 8;
    %flag_get/vec4 8;
    %jmp/0 T_23.184, 8;
    %load/vec4 v0x7f77b433c5b0_0;
    %and;
T_23.184;
    %ret/vec4 0, 0, 1;  Assign to hall_call_allowed (store_vec4_to_lval)
    %disable/flow S_0x7f77b433c2a0;
T_23.182 ;
    %load/vec4 v0x7f77b433c7b0_0;
    %load/vec4 v0x7f77b433c640_0;
    %cmp/u;
    %jmp/0xz  T_23.185, 5;
    %load/vec4 v0x7f77b433c900_0;
    %nor/r;
    %flag_set/vec4 8;
    %flag_get/vec4 8;
    %jmp/0 T_23.187, 8;
    %load/vec4 v0x7f77b433c510_0;
    %and;
T_23.187;
    %ret/vec4 0, 0, 1;  Assign to hall_call_allowed (store_vec4_to_lval)
    %disable/flow S_0x7f77b433c2a0;
T_23.185 ;
    %pushi/vec4 1, 0, 1;
    %ret/vec4 0, 0, 1;  Assign to hall_call_allowed (store_vec4_to_lval)
    %disable/flow S_0x7f77b433c2a0;
    %end;
S_0x7f77b433c9a0 .scope autofunction.vec4.s3, "scan_highest_request" "scan_highest_request" 3 102, 3 102 0, S_0x7f77b433a3f0;
 .timescale -9 -12;
v0x7f77b433ce10_0 .var "found", 0 0;
v0x7f77b433cec0_0 .var "req_bitmap", 7 0;
v0x7f77b433cf60_0 .var "result", 2 0;
; Variable scan_highest_request is vec4 return value of scope S_0x7f77b433c9a0
TD_elevator_group_tb.dut.gen_lifts\x5B3\x5D.u_lift.scan_highest_request ;
    %pushi/vec4 0, 0, 3;
    %store/vec4 v0x7f77b433cf60_0, 0, 3;
    %pushi/vec4 0, 0, 1;
    %store/vec4 v0x7f77b433ce10_0, 0, 1;
    %fork t_27, S_0x7f77b433cba0;
    %jmp t_26;
    .scope S_0x7f77b433cba0;
t_27 ;
    %pushi/vec4 7, 0, 32;
    %store/vec4 v0x7f77b433cd60_0, 0, 32;
T_24.188 ; Top of for-loop
    %load/vec4 v0x7f77b433cd60_0;
    %cmpi/s 0, 0, 32;
    %flag_inv 5; GE is !LT
	  %jmp/0xz T_24.189, 5;
    %load/vec4 v0x7f77b433ce10_0;
    %nor/r;
    %flag_set/vec4 9;
    %flag_get/vec4 9;
    %jmp/0 T_24.193, 9;
    %load/vec4 v0x7f77b433cec0_0;
    %load/vec4 v0x7f77b433cd60_0;
    %part/s 1;
    %and;
T_24.193;
    %flag_set/vec4 8;
    %jmp/0xz  T_24.191, 8;
    %load/vec4 v0x7f77b433cd60_0;
    %pad/s 3;
    %store/vec4 v0x7f77b433cf60_0, 0, 3;
    %pushi/vec4 1, 0, 1;
    %store/vec4 v0x7f77b433ce10_0, 0, 1;
T_24.191 ;
T_24.190 ; for-loop step statement
    ; show_stmt_assign_vector: Get l-value for compressed -= operand
    %load/vec4 v0x7f77b433cd60_0;
    %pushi/vec4 1, 0, 32;
    %sub;
    %cast2;
    %store/vec4 v0x7f77b433cd60_0, 0, 32;
    %jmp T_24.188;
T_24.189 ; for-loop exit label
    %end;
    .scope S_0x7f77b433c9a0;
t_26 %join;
    %load/vec4 v0x7f77b433cf60_0;
    %ret/vec4 0, 0, 3;  Assign to scan_highest_request (store_vec4_to_lval)
    %disable/flow S_0x7f77b433c9a0;
    %end;
S_0x7f77b433cba0 .scope autobegin, "$ivl_for_loop0" "$ivl_for_loop0" 3 109, 3 109 0, S_0x7f77b433c9a0;
 .timescale -9 -12;
v0x7f77b433cd60_0 .var/2s "i", 31 0;
S_0x7f77b433d0c0 .scope autofunction.vec4.s3, "scan_lowest_request" "scan_lowest_request" 3 118, 3 118 0, S_0x7f77b433a3f0;
 .timescale -9 -12;
v0x7f77b433d510_0 .var "found", 0 0;
v0x7f77b433d5c0_0 .var "req_bitmap", 7 0;
v0x7f77b433d670_0 .var "result", 2 0;
; Variable scan_lowest_request is vec4 return value of scope S_0x7f77b433d0c0
TD_elevator_group_tb.dut.gen_lifts\x5B3\x5D.u_lift.scan_lowest_request ;
    %pushi/vec4 7, 0, 3;
    %store/vec4 v0x7f77b433d670_0, 0, 3;
    %pushi/vec4 0, 0, 1;
    %store/vec4 v0x7f77b433d510_0, 0, 1;
    %fork t_29, S_0x7f77b433d280;
    %jmp t_28;
    .scope S_0x7f77b433d280;
t_29 ;
    %pushi/vec4 0, 0, 32;
    %store/vec4 v0x7f77b433d450_0, 0, 32;
T_25.194 ; Top of for-loop
    %load/vec4 v0x7f77b433d450_0;
    %cmpi/s 8, 0, 32;
	  %jmp/0xz T_25.195, 5;
    %load/vec4 v0x7f77b433d510_0;
    %nor/r;
    %flag_set/vec4 9;
    %flag_get/vec4 9;
    %jmp/0 T_25.199, 9;
    %load/vec4 v0x7f77b433d5c0_0;
    %load/vec4 v0x7f77b433d450_0;
    %part/s 1;
    %and;
T_25.199;
    %flag_set/vec4 8;
    %jmp/0xz  T_25.197, 8;
    %load/vec4 v0x7f77b433d450_0;
    %pad/s 3;
    %store/vec4 v0x7f77b433d670_0, 0, 3;
    %pushi/vec4 1, 0, 1;
    %store/vec4 v0x7f77b433d510_0, 0, 1;
T_25.197 ;
T_25.196 ; for-loop step statement
    ; show_stmt_assign_vector: Get l-value for compressed += operand
    %load/vec4 v0x7f77b433d450_0;
    %pushi/vec4 1, 0, 32;
    %add;
    %cast2;
    %store/vec4 v0x7f77b433d450_0, 0, 32;
    %jmp T_25.194;
T_25.195 ; for-loop exit label
    %end;
    .scope S_0x7f77b433d0c0;
t_28 %join;
    %load/vec4 v0x7f77b433d670_0;
    %ret/vec4 0, 0, 3;  Assign to scan_lowest_request (store_vec4_to_lval)
    %disable/flow S_0x7f77b433d0c0;
    %end;
S_0x7f77b433d280 .scope autobegin, "$ivl_for_loop1" "$ivl_for_loop1" 3 125, 3 125 0, S_0x7f77b433d0c0;
 .timescale -9 -12;
v0x7f77b433d450_0 .var/2s "i", 31 0;
S_0x7f77b433eec0 .scope module, "u_dispatch" "elevator_dispatch" 5 320, 5 13 0, S_0x7f77b40c1c80;
 .timescale -9 -12;
    .port_info 0 /INPUT 1 "clk";
    .port_info 1 /INPUT 1 "reset";
    .port_info 2 /INPUT 3 "call_floor";
    .port_info 3 /INPUT 1 "call_up";
    .port_info 4 /INPUT 1 "call_valid";
    .port_info 5 /INPUT 12 "lift_floor";
    .port_info 6 /INPUT 4 "lift_idle";
    .port_info 7 /INPUT 4 "lift_moving_up";
    .port_info 8 /INPUT 4 "lift_moving_down";
    .port_info 9 /INPUT 4 "lift_dir_up";
    .port_info 10 /INPUT 4 "lift_dir_down";
    .port_info 11 /INPUT 4 "lift_estop";
    .port_info 12 /INPUT 32 "lift_pending";
    .port_info 13 /OUTPUT 2 "selected_lift";
    .port_info 14 /OUTPUT 1 "assign_valid";
    .port_info 15 /OUTPUT 12 "selected_score";
    .port_info 16 /OUTPUT 48 "lift_score";
P_0x7f77b433f030 .param/l "FLOOR_W" 0 5 16, C4<00000000000000000000000000000011>;
P_0x7f77b433f070 .param/l "LIFT_W" 0 5 17, C4<00000000000000000000000000000010>;
P_0x7f77b433f0b0 .param/l "NUM_FLOORS" 0 5 15, C4<00000000000000000000000000001000>;
P_0x7f77b433f0f0 .param/l "NUM_LIFTS" 0 5 14, C4<00000000000000000000000000000100>;
P_0x7f77b433f130 .param/l "SCORE_UNAVAILABLE" 1 5 42, C4<111111111111>;
P_0x7f77b433f170 .param/l "SCORE_W" 0 5 18, C4<00000000000000000000000000001100>;
v0x7f77b4341f00_0 .var "assign_valid", 0 0;
v0x7f77b4341fb0_0 .net "call_floor", 2 0, L_0x7f77b40c97d0;  alias, 1 drivers
v0x7f77b4342050_0 .net "call_up", 0 0, L_0x7f77b40c98f0;  alias, 1 drivers
v0x7f77b4342100_0 .net "call_valid", 0 0, L_0x7f77b40ca0c0;  1 drivers
v0x7f77b4342190_0 .net "clk", 0 0, v0x7f77b4346d90_0;  alias, 1 drivers
v0x7f77b43422e0 .array "lift_dir_down", 3 0;
v0x7f77b43422e0_0 .net v0x7f77b43422e0 0, 0 0, L_0x7f77b40cae50; 1 drivers
v0x7f77b43422e0_1 .net v0x7f77b43422e0 1, 0 0, L_0x7f77b40cac10; 1 drivers
v0x7f77b43422e0_2 .net v0x7f77b43422e0 2, 0 0, L_0x7f77b40cafd0; 1 drivers
v0x7f77b43422e0_3 .net v0x7f77b43422e0 3, 0 0, L_0x7f77b40cad70; 1 drivers
v0x7f77b43423b0 .array "lift_dir_up", 3 0;
v0x7f77b43423b0_0 .net v0x7f77b43423b0 0, 0 0, L_0x7f77b40cab70; 1 drivers
v0x7f77b43423b0_1 .net v0x7f77b43423b0 1, 0 0, L_0x7f77b40ca950; 1 drivers
v0x7f77b43423b0_2 .net v0x7f77b43423b0 2, 0 0, L_0x7f77b40cace0; 1 drivers
v0x7f77b43423b0_3 .net v0x7f77b43423b0 3, 0 0, L_0x7f77b40caab0; 1 drivers
v0x7f77b43424a0 .array "lift_estop", 3 0;
v0x7f77b43424a0_0 .net v0x7f77b43424a0 0, 0 0, L_0x7f77b40cb140; 1 drivers
v0x7f77b43424a0_1 .net v0x7f77b43424a0 1, 0 0, L_0x7f77b40cb040; 1 drivers
v0x7f77b43424a0_2 .net v0x7f77b43424a0 2, 0 0, L_0x7f77b40cb0d0; 1 drivers
v0x7f77b43424a0_3 .net v0x7f77b43424a0 3, 0 0, L_0x7f77b40cb1b0; 1 drivers
v0x7f77b4342590 .array "lift_floor", 3 0;
v0x7f77b4342590_0 .net v0x7f77b4342590 0, 2 0, L_0x7f77b40c9990; 1 drivers
v0x7f77b4342590_1 .net v0x7f77b4342590 1, 2 0, L_0x7f77b40ca1c0; 1 drivers
v0x7f77b4342590_2 .net v0x7f77b4342590 2, 2 0, L_0x7f77b40ca230; 1 drivers
v0x7f77b4342590_3 .net v0x7f77b4342590 3, 2 0, L_0x7f77b40ca320; 1 drivers
v0x7f77b43426d0 .array "lift_idle", 3 0;
v0x7f77b43426d0_0 .net v0x7f77b43426d0 0, 0 0, L_0x7f77b40ca390; 1 drivers
v0x7f77b43426d0_1 .net v0x7f77b43426d0 1, 0 0, L_0x7f77b40ca470; 1 drivers
v0x7f77b43426d0_2 .net v0x7f77b43426d0 2, 0 0, L_0x7f77b40ca4e0; 1 drivers
v0x7f77b43426d0_3 .net v0x7f77b43426d0 3, 0 0, L_0x7f77b40ca400; 1 drivers
v0x7f77b43427c0 .array "lift_moving_down", 3 0;
v0x7f77b43427c0_0 .net v0x7f77b43427c0 0, 0 0, L_0x7f77b40ca8b0; 1 drivers
v0x7f77b43427c0_1 .net v0x7f77b43427c0 1, 0 0, L_0x7f77b40ca640; 1 drivers
v0x7f77b43427c0_2 .net v0x7f77b43427c0 2, 0 0, L_0x7f77b40caa20; 1 drivers
v0x7f77b43427c0_3 .net v0x7f77b43427c0 3, 0 0, L_0x7f77b40ca7f0; 1 drivers
v0x7f77b43428b0 .array "lift_moving_up", 3 0;
v0x7f77b43428b0_0 .net v0x7f77b43428b0 0, 0 0, L_0x7f77b40ca5d0; 1 drivers
v0x7f77b43428b0_1 .net v0x7f77b43428b0 1, 0 0, L_0x7f77b40ca6d0; 1 drivers
v0x7f77b43428b0_2 .net v0x7f77b43428b0 2, 0 0, L_0x7f77b40ca760; 1 drivers
v0x7f77b43428b0_3 .net v0x7f77b43428b0 3, 0 0, L_0x7f77b40ca550; 1 drivers
v0x7f77b43429a0 .array "lift_pending", 3 0;
v0x7f77b43429a0_0 .net v0x7f77b43429a0 0, 7 0, L_0x7f77b40cb250; 1 drivers
v0x7f77b43429a0_1 .net v0x7f77b43429a0 1, 7 0, L_0x7f77b40cb2e0; 1 drivers
v0x7f77b43429a0_2 .net v0x7f77b43429a0 2, 7 0, L_0x7f77b40cb380; 1 drivers
v0x7f77b43429a0_3 .net v0x7f77b43429a0 3, 7 0, L_0x7f77b40cb430; 1 drivers
v0x7f77b4342aa0 .array "lift_score", 3 0, 11 0;
v0x7f77b4342ba0_0 .net "reset", 0 0, v0x7f77b43480c0_0;  alias, 1 drivers
v0x7f77b4342cb0_0 .var "rr_ptr_q", 1 0;
v0x7f77b4342d40_0 .var "selected_lift", 1 0;
v0x7f77b4342ed0_0 .var "selected_score", 11 0;
E_0x7f77b433f730/0 .event anyedge, v0x7f77b4342590_0, v0x7f77b4342590_1, v0x7f77b4342590_2, v0x7f77b4342590_3;
E_0x7f77b433f730/1 .event anyedge, v0x7f77b4341fb0_0, v0x7f77b4342050_0, v0x7f77b43426d0_0, v0x7f77b43426d0_1;
E_0x7f77b433f730/2 .event anyedge, v0x7f77b43426d0_2, v0x7f77b43426d0_3, v0x7f77b43428b0_0, v0x7f77b43428b0_1;
E_0x7f77b433f730/3 .event anyedge, v0x7f77b43428b0_2, v0x7f77b43428b0_3, v0x7f77b43427c0_0, v0x7f77b43427c0_1;
E_0x7f77b433f730/4 .event anyedge, v0x7f77b43427c0_2, v0x7f77b43427c0_3, v0x7f77b43423b0_0, v0x7f77b43423b0_1;
E_0x7f77b433f730/5 .event anyedge, v0x7f77b43423b0_2, v0x7f77b43423b0_3, v0x7f77b43422e0_0, v0x7f77b43422e0_1;
E_0x7f77b433f730/6 .event anyedge, v0x7f77b43422e0_2, v0x7f77b43422e0_3, v0x7f77b43424a0_0, v0x7f77b43424a0_1;
E_0x7f77b433f730/7 .event anyedge, v0x7f77b43424a0_2, v0x7f77b43424a0_3, v0x7f77b43429a0_0, v0x7f77b43429a0_1;
E_0x7f77b433f730/8 .event anyedge, v0x7f77b43429a0_2, v0x7f77b43429a0_3, v0x7f77b4342cb0_0, v0x7f77b4342aa0_0;
E_0x7f77b433f730/9 .event anyedge, v0x7f77b4342aa0_1, v0x7f77b4342aa0_2, v0x7f77b4342aa0_3, v0x7f77b4342100_0;
E_0x7f77b433f730 .event/or E_0x7f77b433f730/0, E_0x7f77b433f730/1, E_0x7f77b433f730/2, E_0x7f77b433f730/3, E_0x7f77b433f730/4, E_0x7f77b433f730/5, E_0x7f77b433f730/6, E_0x7f77b433f730/7, E_0x7f77b433f730/8, E_0x7f77b433f730/9;
S_0x7f77b433f8b0 .scope begin, "$unm_blk_83" "$unm_blk_83" 5 140, 5 140 0, S_0x7f77b433eec0;
 .timescale -9 -12;
v0x7f77b433fcd0_0 .var "best_lift", 1 0;
v0x7f77b433fd90_0 .var "best_score", 11 0;
S_0x7f77b433fa70 .scope begin, "$ivl_for_loop4" "$ivl_for_loop4" 5 147, 5 147 0, S_0x7f77b433f8b0;
 .timescale -9 -12;
v0x7f77b433fc30_0 .var/2s "i", 31 0;
S_0x7f77b433fe30 .scope autofunction.vec4.s3, "abs_diff" "abs_diff" 5 46, 5 46 0, S_0x7f77b433eec0;
 .timescale -9 -12;
v0x7f77b433ffa0_0 .var "a", 2 0;
; Variable abs_diff is vec4 return value of scope S_0x7f77b433fe30
v0x7f77b43400f0_0 .var "b", 2 0;
TD_elevator_group_tb.dut.u_dispatch.abs_diff ;
    %load/vec4 v0x7f77b43400f0_0;
    %load/vec4 v0x7f77b433ffa0_0;
    %cmp/u;
    %flag_or 5, 4;
    %jmp/0xz  T_26.200, 5;
    %load/vec4 v0x7f77b433ffa0_0;
    %load/vec4 v0x7f77b43400f0_0;
    %sub;
    %ret/vec4 0, 0, 3;  Assign to abs_diff (store_vec4_to_lval)
    %disable/flow S_0x7f77b433fe30;
T_26.200 ;
    %load/vec4 v0x7f77b43400f0_0;
    %load/vec4 v0x7f77b433ffa0_0;
    %sub;
    %ret/vec4 0, 0, 3;  Assign to abs_diff (store_vec4_to_lval)
    %disable/flow S_0x7f77b433fe30;
    %end;
S_0x7f77b43401b0 .scope autofunction.vec4.s12, "compute_lift_score" "compute_lift_score" 5 87, 5 87 0, S_0x7f77b433eec0;
 .timescale -9 -12;
v0x7f77b4340390_0 .var "band", 11 0;
v0x7f77b4340440_0 .var "call_f", 2 0;
v0x7f77b43404f0_0 .var "call_is_up", 0 0;
; Variable compute_lift_score is vec4 return value of scope S_0x7f77b43401b0
v0x7f77b4340650_0 .var "dir_down", 0 0;
v0x7f77b4340730_0 .var "dir_up", 0 0;
v0x7f77b43407d0_0 .var "distance", 2 0;
v0x7f77b4340880_0 .var "estop", 0 0;
v0x7f77b4340920_0 .var "idle", 0 0;
v0x7f77b4340a30_0 .var "lift_f", 2 0;
v0x7f77b4340ad0_0 .var "lift_id", 1 0;
v0x7f77b4340b80_0 .var/2u "lift_idx", 31 0;
v0x7f77b4340c30_0 .var "load", 2 0;
v0x7f77b4340ce0_0 .var "metric", 11 0;
v0x7f77b4340d90_0 .var "moving_down", 0 0;
v0x7f77b4340e30_0 .var "moving_up", 0 0;
v0x7f77b4340ed0_0 .var "pending", 7 0;
v0x7f77b4341060_0 .var "rotated_id", 1 0;
v0x7f77b43410f0_0 .var "rr_ptr", 1 0;
TD_elevator_group_tb.dut.u_dispatch.compute_lift_score ;
    %load/vec4 v0x7f77b4340b80_0;
    %pad/u 2;
    %store/vec4 v0x7f77b4340ad0_0, 0, 2;
    %load/vec4 v0x7f77b4340880_0;
    %flag_set/vec4 8;
    %jmp/0xz  T_27.202, 8;
    %pushi/vec4 4095, 0, 12;
    %ret/vec4 0, 0, 12;  Assign to compute_lift_score (store_vec4_to_lval)
    %disable/flow S_0x7f77b43401b0;
T_27.202 ;
    %alloc S_0x7f77b433fe30;
    %load/vec4 v0x7f77b4340a30_0;
    %load/vec4 v0x7f77b4340440_0;
    %store/vec4 v0x7f77b43400f0_0, 0, 3;
    %store/vec4 v0x7f77b433ffa0_0, 0, 3;
    %callf/vec4 TD_elevator_group_tb.dut.u_dispatch.abs_diff, S_0x7f77b433fe30;
    %free S_0x7f77b433fe30;
    %store/vec4 v0x7f77b43407d0_0, 0, 3;
    %alloc S_0x7f77b43411a0;
    %load/vec4 v0x7f77b4340ed0_0;
    %store/vec4 v0x7f77b43416b0_0, 0, 8;
    %callf/vec4 TD_elevator_group_tb.dut.u_dispatch.count_pending, S_0x7f77b43411a0;
    %free S_0x7f77b43411a0;
    %store/vec4 v0x7f77b4340c30_0, 0, 3;
    %load/vec4 v0x7f77b4340920_0;
    %flag_set/vec4 9;
    %flag_get/vec4 9;
    %jmp/0 T_27.206, 9;
    %load/vec4 v0x7f77b4340a30_0;
    %load/vec4 v0x7f77b4340440_0;
    %cmp/e;
    %flag_get/vec4 4;
    %and;
T_27.206;
    %flag_set/vec4 8;
    %jmp/0xz  T_27.204, 8;
    %pushi/vec4 0, 0, 12;
    %store/vec4 v0x7f77b4340390_0, 0, 12;
    %load/vec4 v0x7f77b4340ad0_0;
    %pad/u 12;
    %store/vec4 v0x7f77b4340ce0_0, 0, 12;
    %jmp T_27.205;
T_27.204 ;
    %load/vec4 v0x7f77b4340920_0;
    %flag_set/vec4 8;
    %jmp/0xz  T_27.207, 8;
    %pushi/vec4 1, 0, 12;
    %store/vec4 v0x7f77b4340390_0, 0, 12;
    %load/vec4 v0x7f77b43407d0_0;
    %pad/u 12;
    %ix/load 4, 2, 0;
    %flag_set/imm 4, 0;
    %shiftl 4;
    %load/vec4 v0x7f77b4340c30_0;
    %pad/u 12;
    %add;
    %store/vec4 v0x7f77b4340ce0_0, 0, 12;
    %jmp T_27.208;
T_27.207 ;
    %alloc S_0x7f77b43417e0;
    %load/vec4 v0x7f77b4340a30_0;
    %load/vec4 v0x7f77b4340440_0;
    %load/vec4 v0x7f77b43404f0_0;
    %load/vec4 v0x7f77b4340e30_0;
    %load/vec4 v0x7f77b4340d90_0;
    %load/vec4 v0x7f77b4340730_0;
    %load/vec4 v0x7f77b4340650_0;
    %store/vec4 v0x7f77b4341b00_0, 0, 1;
    %store/vec4 v0x7f77b4341b90_0, 0, 1;
    %store/vec4 v0x7f77b4341d20_0, 0, 1;
    %store/vec4 v0x7f77b4341e60_0, 0, 1;
    %store/vec4 v0x7f77b4341a60_0, 0, 1;
    %store/vec4 v0x7f77b43419a0_0, 0, 3;
    %store/vec4 v0x7f77b4341c30_0, 0, 3;
    %callf/vec4 TD_elevator_group_tb.dut.u_dispatch.moving_favorably, S_0x7f77b43417e0;
    %free S_0x7f77b43417e0;
    %flag_set/vec4 8;
    %jmp/0xz  T_27.209, 8;
    %pushi/vec4 2, 0, 12;
    %store/vec4 v0x7f77b4340390_0, 0, 12;
    %load/vec4 v0x7f77b43407d0_0;
    %pad/u 12;
    %ix/load 4, 1, 0;
    %flag_set/imm 4, 0;
    %shiftl 4;
    %load/vec4 v0x7f77b4340c30_0;
    %pad/u 12;
    %add;
    %store/vec4 v0x7f77b4340ce0_0, 0, 12;
    %jmp T_27.210;
T_27.209 ;
    %pushi/vec4 3, 0, 12;
    %store/vec4 v0x7f77b4340390_0, 0, 12;
    %load/vec4 v0x7f77b43407d0_0;
    %pad/u 12;
    %ix/load 4, 3, 0;
    %flag_set/imm 4, 0;
    %shiftl 4;
    %load/vec4 v0x7f77b4340c30_0;
    %pad/u 12;
    %ix/load 4, 2, 0;
    %flag_set/imm 4, 0;
    %shiftl 4;
    %add;
    %addi 10, 0, 12;
    %store/vec4 v0x7f77b4340ce0_0, 0, 12;
T_27.210 ;
T_27.208 ;
T_27.205 ;
    %load/vec4 v0x7f77b43410f0_0;
    %load/vec4 v0x7f77b4340ad0_0;
    %cmp/u;
    %flag_or 5, 4;
    %jmp/0xz  T_27.211, 5;
    %load/vec4 v0x7f77b4340ad0_0;
    %load/vec4 v0x7f77b43410f0_0;
    %sub;
    %store/vec4 v0x7f77b4341060_0, 0, 2;
    %jmp T_27.212;
T_27.211 ;
    %pushi/vec4 0, 0, 2;
    %load/vec4 v0x7f77b4340ad0_0;
    %add;
    %load/vec4 v0x7f77b43410f0_0;
    %sub;
    %store/vec4 v0x7f77b4341060_0, 0, 2;
T_27.212 ;
    %load/vec4 v0x7f77b4340390_0;
    %ix/load 4, 8, 0;
    %flag_set/imm 4, 0;
    %shiftl 4;
    %load/vec4 v0x7f77b4340ce0_0;
    %ix/load 4, 2, 0;
    %flag_set/imm 4, 0;
    %shiftl 4;
    %add;
    %load/vec4 v0x7f77b4341060_0;
    %pad/u 12;
    %add;
    %ret/vec4 0, 0, 12;  Assign to compute_lift_score (store_vec4_to_lval)
    %disable/flow S_0x7f77b43401b0;
    %end;
S_0x7f77b43411a0 .scope autofunction.vec4.s3, "count_pending" "count_pending" 5 56, 5 56 0, S_0x7f77b433eec0;
 .timescale -9 -12;
; Variable count_pending is vec4 return value of scope S_0x7f77b43411a0
v0x7f77b43416b0_0 .var "pending", 7 0;
v0x7f77b4341750_0 .var "total", 2 0;
TD_elevator_group_tb.dut.u_dispatch.count_pending ;
    %pushi/vec4 0, 0, 3;
    %store/vec4 v0x7f77b4341750_0, 0, 3;
    %fork t_31, S_0x7f77b4341360;
    %jmp t_30;
    .scope S_0x7f77b4341360;
t_31 ;
    %pushi/vec4 0, 0, 32;
    %store/vec4 v0x7f77b4341530_0, 0, 32;
T_28.213 ; Top of for-loop
    %load/vec4 v0x7f77b4341530_0;
    %cmpi/s 8, 0, 32;
	  %jmp/0xz T_28.214, 5;
    %load/vec4 v0x7f77b43416b0_0;
    %load/vec4 v0x7f77b4341530_0;
    %part/s 1;
    %flag_set/vec4 8;
    %jmp/0xz  T_28.216, 8;
    %load/vec4 v0x7f77b4341750_0;
    %addi 1, 0, 3;
    %store/vec4 v0x7f77b4341750_0, 0, 3;
T_28.216 ;
T_28.215 ; for-loop step statement
    ; show_stmt_assign_vector: Get l-value for compressed += operand
    %load/vec4 v0x7f77b4341530_0;
    %pushi/vec4 1, 0, 32;
    %add;
    %cast2;
    %store/vec4 v0x7f77b4341530_0, 0, 32;
    %jmp T_28.213;
T_28.214 ; for-loop exit label
    %end;
    .scope S_0x7f77b43411a0;
t_30 %join;
    %load/vec4 v0x7f77b4341750_0;
    %ret/vec4 0, 0, 3;  Assign to count_pending (store_vec4_to_lval)
    %disable/flow S_0x7f77b43411a0;
    %end;
S_0x7f77b4341360 .scope autobegin, "$ivl_for_loop3" "$ivl_for_loop3" 5 61, 5 61 0, S_0x7f77b43411a0;
 .timescale -9 -12;
v0x7f77b4341530_0 .var/2s "i", 31 0;
S_0x7f77b43417e0 .scope autofunction.vec4.s1, "moving_favorably" "moving_favorably" 5 69, 5 69 0, S_0x7f77b433eec0;
 .timescale -9 -12;
v0x7f77b43419a0_0 .var "call_f", 2 0;
v0x7f77b4341a60_0 .var "call_is_up", 0 0;
v0x7f77b4341b00_0 .var "dir_down", 0 0;
v0x7f77b4341b90_0 .var "dir_up", 0 0;
v0x7f77b4341c30_0 .var "lift_f", 2 0;
v0x7f77b4341d20_0 .var "moving_down", 0 0;
; Variable moving_favorably is vec4 return value of scope S_0x7f77b43417e0
v0x7f77b4341e60_0 .var "moving_up", 0 0;
TD_elevator_group_tb.dut.u_dispatch.moving_favorably ;
    %load/vec4 v0x7f77b4341c30_0;
    %load/vec4 v0x7f77b43419a0_0;
    %cmp/u;
    %jmp/0xz  T_29.218, 5;
    %load/vec4 v0x7f77b4341a60_0;
    %flag_set/vec4 9;
    %flag_get/vec4 9;
    %jmp/0 T_29.221, 9;
    %load/vec4 v0x7f77b4341e60_0;
    %flag_set/vec4 9;
    %flag_get/vec4 9;
    %jmp/1 T_29.222, 9;
    %load/vec4 v0x7f77b4341b90_0;
    %or;
T_29.222;
    %and;
T_29.221;
    %flag_set/vec4 8;
    %flag_get/vec4 8;
    %jmp/0 T_29.220, 8;
    %load/vec4 v0x7f77b4341d20_0;
    %nor/r;
    %and;
T_29.220;
    %ret/vec4 0, 0, 1;  Assign to moving_favorably (store_vec4_to_lval)
    %disable/flow S_0x7f77b43417e0;
T_29.218 ;
    %load/vec4 v0x7f77b43419a0_0;
    %load/vec4 v0x7f77b4341c30_0;
    %cmp/u;
    %jmp/0xz  T_29.223, 5;
    %load/vec4 v0x7f77b4341a60_0;
    %nor/r;
    %flag_set/vec4 9;
    %flag_get/vec4 9;
    %jmp/0 T_29.226, 9;
    %load/vec4 v0x7f77b4341d20_0;
    %flag_set/vec4 9;
    %flag_get/vec4 9;
    %jmp/1 T_29.227, 9;
    %load/vec4 v0x7f77b4341b00_0;
    %or;
T_29.227;
    %and;
T_29.226;
    %flag_set/vec4 8;
    %flag_get/vec4 8;
    %jmp/0 T_29.225, 8;
    %load/vec4 v0x7f77b4341e60_0;
    %nor/r;
    %and;
T_29.225;
    %ret/vec4 0, 0, 1;  Assign to moving_favorably (store_vec4_to_lval)
    %disable/flow S_0x7f77b43417e0;
T_29.223 ;
    %pushi/vec4 1, 0, 1;
    %ret/vec4 0, 0, 1;  Assign to moving_favorably (store_vec4_to_lval)
    %disable/flow S_0x7f77b43417e0;
    %end;
S_0x7f77b4346960 .scope autotask, "hall_call" "hall_call" 4 76, 4 76 0, S_0x7f77b409b580;
 .timescale -9 -12;
v0x7f77b4346b20_0 .var "floor", 2 0;
v0x7f77b4346be0_0 .var "up", 0 0;
TD_elevator_group_tb.hall_call ;
    %wait E_0x7f77b40c16d0;
    %pushi/vec4 1, 0, 1;
    %store/vec4 v0x7f77b4347750_0, 0, 1;
    %load/vec4 v0x7f77b4346b20_0;
    %store/vec4 v0x7f77b43475f0_0, 0, 3;
    %load/vec4 v0x7f77b4346be0_0;
    %store/vec4 v0x7f77b43476a0_0, 0, 1;
    %wait E_0x7f77b40c16d0;
    %pushi/vec4 0, 0, 1;
    %store/vec4 v0x7f77b4347750_0, 0, 1;
    %end;
    .scope S_0x7f77b409ae80;
T_31 ;
Ewait_0 .event/or E_0x7f77b403b7e0, E_0x0;
    %wait Ewait_0;
    %fork t_33, S_0x7f77b4081450;
    %jmp t_32;
    .scope S_0x7f77b4081450;
t_33 ;
    %load/vec4 v0x7f77b40bfb60_0;
    %store/vec4 v0x7f77b40bfab0_0, 0, 3;
    %load/vec4 v0x7f77b40bf820_0;
    %store/vec4 v0x7f77b40bf770_0, 0, 8;
    %load/vec4 v0x7f77b40bef80_0;
    %store/vec4 v0x7f77b40beed0_0, 0, 3;
    %load/vec4 v0x7f77b40bf190_0;
    %store/vec4 v0x7f77b40bf0e0_0, 0, 3;
    %load/vec4 v0x7f77b40be930_0;
    %store/vec4 v0x7f77b40be7e0_0, 0, 3;
    %load/vec4 v0x7f77b40bdc40_0;
    %store/vec4 v0x7f77b40bdba0_0, 0, 1;
    %load/vec4 v0x7f77b40bdb00_0;
    %store/vec4 v0x7f77b40bda60_0, 0, 1;
    %load/vec4 v0x7f77b40bdec0_0;
    %store/vec4 v0x7f77b40bde20_0, 0, 1;
    %load/vec4 v0x7f77b40bee30_0;
    %store/vec4 v0x7f77b40bed90_0, 0, 1;
    %load/vec4 v0x7f77b40be0e0_0;
    %store/vec4 v0x7f77b40be050_0, 0, 4;
    %load/vec4 v0x7f77b40be2c0_0;
    %store/vec4 v0x7f77b40be220_0, 0, 1;
    %load/vec4 v0x7f77b40be5e0_0;
    %store/vec4 v0x7f77b40be540_0, 0, 1;
    %load/vec4 v0x7f77b40be4a0_0;
    %store/vec4 v0x7f77b40be400_0, 0, 1;
    %load/vec4 v0x7f77b40be730_0;
    %store/vec4 v0x7f77b40be680_0, 0, 3;
    %load/vec4 v0x7f77b40bf820_0;
    %load/vec4 v0x7f77b40be930_0;
    %part/u 1;
    %store/vec4 v0x7f77b40be890_0, 0, 1;
    %load/vec4 v0x7f77b40bf820_0;
    %or/r;
    %store/vec4 v0x7f77b40bd530_0, 0, 1;
    %load/vec4 v0x7f77b40be930_0;
    %cmpi/u 7, 0, 3;
    %flag_get/vec4 5;
    %jmp/0 T_31.0, 5;
    %load/vec4 v0x7f77b40bfc10_0;
    %nor/r;
    %and;
T_31.0;
    %store/vec4 v0x7f77b40bd810_0, 0, 1;
    %load/vec4 v0x7f77b40be930_0;
    %cmpi/u 0, 0, 3;
    %flag_or 5, 4; GT is !LE
    %flag_inv 5;
    %flag_get/vec4 5;
    %jmp/0 T_31.1, 5;
    %load/vec4 v0x7f77b40bd5e0_0;
    %nor/r;
    %and;
T_31.1;
    %store/vec4 v0x7f77b40bd770_0, 0, 1;
    %alloc S_0x7f77b40bb060;
    %load/vec4 v0x7f77b40bd680_0;
    %load/vec4 v0x7f77b40bec70_0;
    %load/vec4 v0x7f77b40bdf70_0;
    %load/vec4 v0x7f77b40bf6d0_0;
    %load/vec4 v0x7f77b40bf580_0;
    %load/vec4 v0x7f77b40bf4e0_0;
    %load/vec4 v0x7f77b40bf630_0;
    %load/vec4 v0x7f77b40be930_0;
    %load/vec4 v0x7f77b40bdc40_0;
    %load/vec4 v0x7f77b40bdb00_0;
    %load/vec4 v0x7f77b40bee30_0;
    %store/vec4 v0x7f77b40bb8e0_0, 0, 1;
    %store/vec4 v0x7f77b40bb6b0_0, 0, 1;
    %store/vec4 v0x7f77b40bb750_0, 0, 1;
    %store/vec4 v0x7f77b40bb830_0, 0, 3;
    %store/vec4 v0x7f77b40bbd40_0, 0, 1;
    %store/vec4 v0x7f77b40bbbf0_0, 0, 1;
    %store/vec4 v0x7f77b40bbc90_0, 0, 3;
    %store/vec4 v0x7f77b40bbde0_0, 0, 1;
    %store/vec4 v0x7f77b40bb980_0, 0, 8;
    %store/vec4 v0x7f77b40bba30_0, 0, 8;
    %store/vec4 v0x7f77b40bb540_0, 0, 8;
    %callf/vec4 TD_Lift8.u_ctrl.collect_new_requests, S_0x7f77b40bb060;
    %free S_0x7f77b40bb060;
    %store/vec4 v0x7f77b4023ae0_0, 0, 8;
    %load/vec4 v0x7f77b4023ae0_0;
    %or/r;
    %flag_set/vec4 8;
    %jmp/0xz  T_31.2, 8;
    %load/vec4 v0x7f77b40bf820_0;
    %load/vec4 v0x7f77b4023ae0_0;
    %or;
    %store/vec4 v0x7f77b40bf770_0, 0, 8;
    %load/vec4 v0x7f77b40bf770_0;
    %or/r;
    %flag_set/vec4 8;
    %jmp/0xz  T_31.4, 8;
    %alloc S_0x7f77b40bc580;
    %load/vec4 v0x7f77b40bf770_0;
    %store/vec4 v0x7f77b40bcaa0_0, 0, 8;
    %callf/vec4 TD_Lift8.u_ctrl.scan_highest_request, S_0x7f77b40bc580;
    %free S_0x7f77b40bc580;
    %store/vec4 v0x7f77b40beed0_0, 0, 3;
    %alloc S_0x7f77b40bcca0;
    %load/vec4 v0x7f77b40bf770_0;
    %store/vec4 v0x7f77b40bd1a0_0, 0, 8;
    %callf/vec4 TD_Lift8.u_ctrl.scan_lowest_request, S_0x7f77b40bcca0;
    %free S_0x7f77b40bcca0;
    %store/vec4 v0x7f77b40bf0e0_0, 0, 3;
    %jmp T_31.5;
T_31.4 ;
    %pushi/vec4 0, 0, 3;
    %store/vec4 v0x7f77b40beed0_0, 0, 3;
    %pushi/vec4 7, 0, 3;
    %store/vec4 v0x7f77b40bf0e0_0, 0, 3;
T_31.5 ;
T_31.2 ;
    %load/vec4 v0x7f77b40bf8d0_0;
    %flag_set/vec4 8;
    %jmp/0xz  T_31.6, 8;
    %pushi/vec4 0, 0, 3;
    %store/vec4 v0x7f77b40bfab0_0, 0, 3;
    %pushi/vec4 0, 0, 8;
    %store/vec4 v0x7f77b40bf770_0, 0, 8;
    %pushi/vec4 0, 0, 3;
    %store/vec4 v0x7f77b40beed0_0, 0, 3;
    %pushi/vec4 7, 0, 3;
    %store/vec4 v0x7f77b40bf0e0_0, 0, 3;
    %pushi/vec4 0, 0, 3;
    %store/vec4 v0x7f77b40be7e0_0, 0, 3;
    %pushi/vec4 1, 0, 1;
    %store/vec4 v0x7f77b40bdba0_0, 0, 1;
    %pushi/vec4 0, 0, 1;
    %store/vec4 v0x7f77b40bda60_0, 0, 1;
    %pushi/vec4 0, 0, 1;
    %store/vec4 v0x7f77b40bde20_0, 0, 1;
    %pushi/vec4 1, 0, 1;
    %store/vec4 v0x7f77b40bed90_0, 0, 1;
    %pushi/vec4 0, 0, 4;
    %store/vec4 v0x7f77b40be050_0, 0, 4;
    %pushi/vec4 0, 0, 1;
    %store/vec4 v0x7f77b40be220_0, 0, 1;
    %jmp T_31.7;
T_31.6 ;
    %load/vec4 v0x7f77b40be180_0;
    %flag_set/vec4 8;
    %jmp/0xz  T_31.8, 8;
    %load/vec4 v0x7f77b40be2c0_0;
    %nor/r;
    %flag_set/vec4 8;
    %jmp/0xz  T_31.10, 8;
    %load/vec4 v0x7f77b40bdc40_0;
    %store/vec4 v0x7f77b40be540_0, 0, 1;
    %load/vec4 v0x7f77b40bdb00_0;
    %store/vec4 v0x7f77b40be400_0, 0, 1;
    %load/vec4 v0x7f77b40bfb60_0;
    %store/vec4 v0x7f77b40be680_0, 0, 3;
T_31.10 ;
    %pushi/vec4 1, 0, 1;
    %store/vec4 v0x7f77b40be220_0, 0, 1;
    %pushi/vec4 1, 0, 3;
    %store/vec4 v0x7f77b40bfab0_0, 0, 3;
    %pushi/vec4 0, 0, 1;
    %store/vec4 v0x7f77b40bde20_0, 0, 1;
    %pushi/vec4 1, 0, 1;
    %store/vec4 v0x7f77b40bed90_0, 0, 1;
    %pushi/vec4 0, 0, 4;
    %store/vec4 v0x7f77b40be050_0, 0, 4;
    %jmp T_31.9;
T_31.8 ;
    %load/vec4 v0x7f77b40be2c0_0;
    %flag_set/vec4 8;
    %jmp/0xz  T_31.12, 8;
    %pushi/vec4 0, 0, 1;
    %store/vec4 v0x7f77b40be220_0, 0, 1;
    %load/vec4 v0x7f77b40be5e0_0;
    %store/vec4 v0x7f77b40bdba0_0, 0, 1;
    %load/vec4 v0x7f77b40be4a0_0;
    %store/vec4 v0x7f77b40bda60_0, 0, 1;
    %load/vec4 v0x7f77b40be730_0;
    %store/vec4 v0x7f77b40bfab0_0, 0, 3;
    %load/vec4 v0x7f77b40be730_0;
    %cmpi/ne 3, 0, 3;
    %flag_get/vec4 4;
    %jmp/0 T_31.14, 4;
    %load/vec4 v0x7f77b40be730_0;
    %pushi/vec4 4, 0, 3;
    %cmp/ne;
    %flag_get/vec4 4;
    %and;
T_31.14;
    %store/vec4 v0x7f77b40bed90_0, 0, 1;
    %jmp T_31.13;
T_31.12 ;
    %load/vec4 v0x7f77b40bfb60_0;
    %dup/vec4;
    %pushi/vec4 0, 0, 3;
    %cmp/u;
    %jmp/1 T_31.15, 6;
    %dup/vec4;
    %pushi/vec4 1, 0, 3;
    %cmp/u;
    %jmp/1 T_31.16, 6;
    %dup/vec4;
    %pushi/vec4 2, 0, 3;
    %cmp/u;
    %jmp/1 T_31.17, 6;
    %dup/vec4;
    %pushi/vec4 3, 0, 3;
    %cmp/u;
    %jmp/1 T_31.18, 6;
    %dup/vec4;
    %pushi/vec4 4, 0, 3;
    %cmp/u;
    %jmp/1 T_31.19, 6;
    %dup/vec4;
    %pushi/vec4 5, 0, 3;
    %cmp/u;
    %jmp/1 T_31.20, 6;
    %dup/vec4;
    %pushi/vec4 6, 0, 3;
    %cmp/u;
    %jmp/1 T_31.21, 6;
    %pushi/vec4 1, 0, 3;
    %store/vec4 v0x7f77b40bfab0_0, 0, 3;
    %jmp T_31.23;
T_31.15 ;
    %pushi/vec4 1, 0, 1;
    %store/vec4 v0x7f77b40bed90_0, 0, 1;
    %pushi/vec4 0, 0, 1;
    %store/vec4 v0x7f77b40bde20_0, 0, 1;
    %pushi/vec4 1, 0, 1;
    %store/vec4 v0x7f77b40bdba0_0, 0, 1;
    %pushi/vec4 0, 0, 1;
    %store/vec4 v0x7f77b40bda60_0, 0, 1;
    %pushi/vec4 1, 0, 3;
    %store/vec4 v0x7f77b40bfab0_0, 0, 3;
    %jmp T_31.23;
T_31.16 ;
    %pushi/vec4 1, 0, 1;
    %store/vec4 v0x7f77b40bed90_0, 0, 1;
    %pushi/vec4 0, 0, 1;
    %store/vec4 v0x7f77b40bde20_0, 0, 1;
    %pushi/vec4 0, 0, 4;
    %store/vec4 v0x7f77b40be050_0, 0, 4;
    %load/vec4 v0x7f77b40be890_0;
    %flag_set/vec4 8;
    %jmp/0xz  T_31.24, 8;
    %pushi/vec4 2, 0, 3;
    %store/vec4 v0x7f77b40bfab0_0, 0, 3;
    %pushi/vec4 1, 0, 1;
    %store/vec4 v0x7f77b40bde20_0, 0, 1;
    %pushi/vec4 0, 0, 1;
    %ix/getv 4, v0x7f77b40be930_0;
    %store/vec4 v0x7f77b40bf770_0, 4, 1;
    %load/vec4 v0x7f77b40bf770_0;
    %or/r;
    %flag_set/vec4 8;
    %jmp/0xz  T_31.26, 8;
    %alloc S_0x7f77b40bc580;
    %load/vec4 v0x7f77b40bf770_0;
    %store/vec4 v0x7f77b40bcaa0_0, 0, 8;
    %callf/vec4 TD_Lift8.u_ctrl.scan_highest_request, S_0x7f77b40bc580;
    %free S_0x7f77b40bc580;
    %store/vec4 v0x7f77b40beed0_0, 0, 3;
    %alloc S_0x7f77b40bcca0;
    %load/vec4 v0x7f77b40bf770_0;
    %store/vec4 v0x7f77b40bd1a0_0, 0, 8;
    %callf/vec4 TD_Lift8.u_ctrl.scan_lowest_request, S_0x7f77b40bcca0;
    %free S_0x7f77b40bcca0;
    %store/vec4 v0x7f77b40bf0e0_0, 0, 3;
    %jmp T_31.27;
T_31.26 ;
    %pushi/vec4 0, 0, 3;
    %store/vec4 v0x7f77b40beed0_0, 0, 3;
    %pushi/vec4 7, 0, 3;
    %store/vec4 v0x7f77b40bf0e0_0, 0, 3;
T_31.27 ;
    %pushi/vec4 10, 0, 4;
    %store/vec4 v0x7f77b40be050_0, 0, 4;
    %jmp T_31.25;
T_31.24 ;
    %load/vec4 v0x7f77b40bd530_0;
    %flag_set/vec4 8;
    %jmp/0xz  T_31.28, 8;
    %load/vec4 v0x7f77b40bdc40_0;
    %flag_set/vec4 10;
    %flag_get/vec4 10;
    %jmp/0 T_31.33, 10;
    %load/vec4 v0x7f77b40be930_0;
    %load/vec4 v0x7f77b40bef80_0;
    %cmp/u;
    %flag_get/vec4 5;
    %and;
T_31.33;
    %flag_set/vec4 9;
    %flag_get/vec4 9;
    %jmp/0 T_31.32, 9;
    %load/vec4 v0x7f77b40bd810_0;
    %and;
T_31.32;
    %flag_set/vec4 8;
    %jmp/0xz  T_31.30, 8;
    %pushi/vec4 3, 0, 3;
    %store/vec4 v0x7f77b40bfab0_0, 0, 3;
    %pushi/vec4 0, 0, 1;
    %store/vec4 v0x7f77b40bed90_0, 0, 1;
    %jmp T_31.31;
T_31.30 ;
    %load/vec4 v0x7f77b40bdb00_0;
    %flag_set/vec4 10;
    %flag_get/vec4 10;
    %jmp/0 T_31.37, 10;
    %load/vec4 v0x7f77b40bf190_0;
    %load/vec4 v0x7f77b40be930_0;
    %cmp/u;
    %flag_get/vec4 5;
    %and;
T_31.37;
    %flag_set/vec4 9;
    %flag_get/vec4 9;
    %jmp/0 T_31.36, 9;
    %load/vec4 v0x7f77b40bd770_0;
    %and;
T_31.36;
    %flag_set/vec4 8;
    %jmp/0xz  T_31.34, 8;
    %pushi/vec4 4, 0, 3;
    %store/vec4 v0x7f77b40bfab0_0, 0, 3;
    %pushi/vec4 0, 0, 1;
    %store/vec4 v0x7f77b40bed90_0, 0, 1;
    %jmp T_31.35;
T_31.34 ;
    %load/vec4 v0x7f77b40bef80_0;
    %load/vec4 v0x7f77b40be930_0;
    %cmp/e;
    %flag_get/vec4 4;
    %jmp/0 T_31.40, 4;
    %load/vec4 v0x7f77b40bf190_0;
    %load/vec4 v0x7f77b40be930_0;
    %cmp/u;
    %flag_get/vec4 5;
    %and;
T_31.40;
    %flag_set/vec4 8;
    %jmp/0xz  T_31.38, 8;
    %pushi/vec4 6, 0, 3;
    %store/vec4 v0x7f77b40bfab0_0, 0, 3;
    %pushi/vec4 0, 0, 1;
    %store/vec4 v0x7f77b40bdba0_0, 0, 1;
    %pushi/vec4 1, 0, 1;
    %store/vec4 v0x7f77b40bda60_0, 0, 1;
    %jmp T_31.39;
T_31.38 ;
    %load/vec4 v0x7f77b40bf190_0;
    %load/vec4 v0x7f77b40be930_0;
    %cmp/e;
    %flag_get/vec4 4;
    %jmp/0 T_31.43, 4;
    %load/vec4 v0x7f77b40be930_0;
    %load/vec4 v0x7f77b40bef80_0;
    %cmp/u;
    %flag_get/vec4 5;
    %and;
T_31.43;
    %flag_set/vec4 8;
    %jmp/0xz  T_31.41, 8;
    %pushi/vec4 5, 0, 3;
    %store/vec4 v0x7f77b40bfab0_0, 0, 3;
    %pushi/vec4 1, 0, 1;
    %store/vec4 v0x7f77b40bdba0_0, 0, 1;
    %pushi/vec4 0, 0, 1;
    %store/vec4 v0x7f77b40bda60_0, 0, 1;
    %jmp T_31.42;
T_31.41 ;
    %load/vec4 v0x7f77b40be930_0;
    %load/vec4 v0x7f77b40bef80_0;
    %cmp/u;
    %flag_get/vec4 5;
    %jmp/0 T_31.46, 5;
    %load/vec4 v0x7f77b40bd810_0;
    %and;
T_31.46;
    %flag_set/vec4 8;
    %jmp/0xz  T_31.44, 8;
    %pushi/vec4 1, 0, 1;
    %store/vec4 v0x7f77b40bdba0_0, 0, 1;
    %pushi/vec4 0, 0, 1;
    %store/vec4 v0x7f77b40bda60_0, 0, 1;
    %pushi/vec4 3, 0, 3;
    %store/vec4 v0x7f77b40bfab0_0, 0, 3;
    %pushi/vec4 0, 0, 1;
    %store/vec4 v0x7f77b40bed90_0, 0, 1;
    %jmp T_31.45;
T_31.44 ;
    %load/vec4 v0x7f77b40bf190_0;
    %load/vec4 v0x7f77b40be930_0;
    %cmp/u;
    %flag_get/vec4 5;
    %jmp/0 T_31.49, 5;
    %load/vec4 v0x7f77b40bd770_0;
    %and;
T_31.49;
    %flag_set/vec4 8;
    %jmp/0xz  T_31.47, 8;
    %pushi/vec4 0, 0, 1;
    %store/vec4 v0x7f77b40bdba0_0, 0, 1;
    %pushi/vec4 1, 0, 1;
    %store/vec4 v0x7f77b40bda60_0, 0, 1;
    %pushi/vec4 4, 0, 3;
    %store/vec4 v0x7f77b40bfab0_0, 0, 3;
    %pushi/vec4 0, 0, 1;
    %store/vec4 v0x7f77b40bed90_0, 0, 1;
T_31.47 ;
T_31.45 ;
T_31.42 ;
T_31.39 ;
T_31.35 ;
T_31.31 ;
T_31.28 ;
T_31.25 ;
    %jmp T_31.23;
T_31.17 ;
    %pushi/vec4 1, 0, 1;
    %store/vec4 v0x7f77b40bed90_0, 0, 1;
    %pushi/vec4 1, 0, 1;
    %store/vec4 v0x7f77b40bde20_0, 0, 1;
    %load/vec4 v0x7f77b40bdce0_0;
    %flag_set/vec4 8;
    %jmp/0xz  T_31.50, 8;
    %pushi/vec4 10, 0, 4;
    %store/vec4 v0x7f77b40be050_0, 0, 4;
    %jmp T_31.51;
T_31.50 ;
    %load/vec4 v0x7f77b40be0e0_0;
    %cmpi/ne 0, 0, 4;
    %jmp/0xz  T_31.52, 4;
    %load/vec4 v0x7f77b40be0e0_0;
    %subi 1, 0, 4;
    %store/vec4 v0x7f77b40be050_0, 0, 4;
T_31.52 ;
T_31.51 ;
    %load/vec4 v0x7f77b40be890_0;
    %flag_set/vec4 8;
    %jmp/0xz  T_31.54, 8;
    %pushi/vec4 0, 0, 1;
    %ix/getv 4, v0x7f77b40be930_0;
    %store/vec4 v0x7f77b40bf770_0, 4, 1;
    %load/vec4 v0x7f77b40bf770_0;
    %or/r;
    %flag_set/vec4 8;
    %jmp/0xz  T_31.56, 8;
    %alloc S_0x7f77b40bc580;
    %load/vec4 v0x7f77b40bf770_0;
    %store/vec4 v0x7f77b40bcaa0_0, 0, 8;
    %callf/vec4 TD_Lift8.u_ctrl.scan_highest_request, S_0x7f77b40bc580;
    %free S_0x7f77b40bc580;
    %store/vec4 v0x7f77b40beed0_0, 0, 3;
    %alloc S_0x7f77b40bcca0;
    %load/vec4 v0x7f77b40bf770_0;
    %store/vec4 v0x7f77b40bd1a0_0, 0, 8;
    %callf/vec4 TD_Lift8.u_ctrl.scan_lowest_request, S_0x7f77b40bcca0;
    %free S_0x7f77b40bcca0;
    %store/vec4 v0x7f77b40bf0e0_0, 0, 3;
    %jmp T_31.57;
T_31.56 ;
    %pushi/vec4 0, 0, 3;
    %store/vec4 v0x7f77b40beed0_0, 0, 3;
    %pushi/vec4 7, 0, 3;
    %store/vec4 v0x7f77b40bf0e0_0, 0, 3;
T_31.57 ;
    %pushi/vec4 10, 0, 4;
    %store/vec4 v0x7f77b40be050_0, 0, 4;
    %jmp T_31.55;
T_31.54 ;
    %load/vec4 v0x7f77b40be0e0_0;
    %cmpi/e 1, 0, 4;
    %flag_get/vec4 4;
    %jmp/0 T_31.60, 4;
    %load/vec4 v0x7f77b40bdce0_0;
    %nor/r;
    %and;
T_31.60;
    %flag_set/vec4 8;
    %jmp/0xz  T_31.58, 8;
    %pushi/vec4 1, 0, 3;
    %store/vec4 v0x7f77b40bfab0_0, 0, 3;
    %pushi/vec4 0, 0, 1;
    %store/vec4 v0x7f77b40bde20_0, 0, 1;
    %pushi/vec4 0, 0, 4;
    %store/vec4 v0x7f77b40be050_0, 0, 4;
T_31.58 ;
T_31.55 ;
    %jmp T_31.23;
T_31.18 ;
    %pushi/vec4 0, 0, 1;
    %store/vec4 v0x7f77b40bed90_0, 0, 1;
    %pushi/vec4 0, 0, 1;
    %store/vec4 v0x7f77b40bde20_0, 0, 1;
    %load/vec4 v0x7f77b40be890_0;
    %flag_set/vec4 8;
    %jmp/0xz  T_31.61, 8;
    %pushi/vec4 2, 0, 3;
    %store/vec4 v0x7f77b40bfab0_0, 0, 3;
    %pushi/vec4 1, 0, 1;
    %store/vec4 v0x7f77b40bde20_0, 0, 1;
    %pushi/vec4 1, 0, 1;
    %store/vec4 v0x7f77b40bed90_0, 0, 1;
    %pushi/vec4 0, 0, 1;
    %ix/getv 4, v0x7f77b40be930_0;
    %store/vec4 v0x7f77b40bf770_0, 4, 1;
    %load/vec4 v0x7f77b40bf770_0;
    %or/r;
    %flag_set/vec4 8;
    %jmp/0xz  T_31.63, 8;
    %alloc S_0x7f77b40bc580;
    %load/vec4 v0x7f77b40bf770_0;
    %store/vec4 v0x7f77b40bcaa0_0, 0, 8;
    %callf/vec4 TD_Lift8.u_ctrl.scan_highest_request, S_0x7f77b40bc580;
    %free S_0x7f77b40bc580;
    %store/vec4 v0x7f77b40beed0_0, 0, 3;
    %alloc S_0x7f77b40bcca0;
    %load/vec4 v0x7f77b40bf770_0;
    %store/vec4 v0x7f77b40bd1a0_0, 0, 8;
    %callf/vec4 TD_Lift8.u_ctrl.scan_lowest_request, S_0x7f77b40bcca0;
    %free S_0x7f77b40bcca0;
    %store/vec4 v0x7f77b40bf0e0_0, 0, 3;
    %jmp T_31.64;
T_31.63 ;
    %pushi/vec4 0, 0, 3;
    %store/vec4 v0x7f77b40beed0_0, 0, 3;
    %pushi/vec4 7, 0, 3;
    %store/vec4 v0x7f77b40bf0e0_0, 0, 3;
T_31.64 ;
    %pushi/vec4 10, 0, 4;
    %store/vec4 v0x7f77b40be050_0, 0, 4;
    %jmp T_31.62;
T_31.61 ;
    %load/vec4 v0x7f77b40bd810_0;
    %flag_set/vec4 8;
    %jmp/0xz  T_31.65, 8;
    %load/vec4 v0x7f77b40be930_0;
    %addi 1, 0, 3;
    %store/vec4 v0x7f77b40be7e0_0, 0, 3;
    %jmp T_31.66;
T_31.65 ;
    %pushi/vec4 1, 0, 3;
    %store/vec4 v0x7f77b40bfab0_0, 0, 3;
    %pushi/vec4 1, 0, 1;
    %store/vec4 v0x7f77b40bed90_0, 0, 1;
    %pushi/vec4 0, 0, 1;
    %store/vec4 v0x7f77b40bdba0_0, 0, 1;
    %pushi/vec4 1, 0, 1;
    %store/vec4 v0x7f77b40bda60_0, 0, 1;
T_31.66 ;
T_31.62 ;
    %jmp T_31.23;
T_31.19 ;
    %pushi/vec4 0, 0, 1;
    %store/vec4 v0x7f77b40bed90_0, 0, 1;
    %pushi/vec4 0, 0, 1;
    %store/vec4 v0x7f77b40bde20_0, 0, 1;
    %load/vec4 v0x7f77b40be890_0;
    %flag_set/vec4 8;
    %jmp/0xz  T_31.67, 8;
    %pushi/vec4 2, 0, 3;
    %store/vec4 v0x7f77b40bfab0_0, 0, 3;
    %pushi/vec4 1, 0, 1;
    %store/vec4 v0x7f77b40bde20_0, 0, 1;
    %pushi/vec4 1, 0, 1;
    %store/vec4 v0x7f77b40bed90_0, 0, 1;
    %pushi/vec4 0, 0, 1;
    %ix/getv 4, v0x7f77b40be930_0;
    %store/vec4 v0x7f77b40bf770_0, 4, 1;
    %load/vec4 v0x7f77b40bf770_0;
    %or/r;
    %flag_set/vec4 8;
    %jmp/0xz  T_31.69, 8;
    %alloc S_0x7f77b40bc580;
    %load/vec4 v0x7f77b40bf770_0;
    %store/vec4 v0x7f77b40bcaa0_0, 0, 8;
    %callf/vec4 TD_Lift8.u_ctrl.scan_highest_request, S_0x7f77b40bc580;
    %free S_0x7f77b40bc580;
    %store/vec4 v0x7f77b40beed0_0, 0, 3;
    %alloc S_0x7f77b40bcca0;
    %load/vec4 v0x7f77b40bf770_0;
    %store/vec4 v0x7f77b40bd1a0_0, 0, 8;
    %callf/vec4 TD_Lift8.u_ctrl.scan_lowest_request, S_0x7f77b40bcca0;
    %free S_0x7f77b40bcca0;
    %store/vec4 v0x7f77b40bf0e0_0, 0, 3;
    %jmp T_31.70;
T_31.69 ;
    %pushi/vec4 0, 0, 3;
    %store/vec4 v0x7f77b40beed0_0, 0, 3;
    %pushi/vec4 7, 0, 3;
    %store/vec4 v0x7f77b40bf0e0_0, 0, 3;
T_31.70 ;
    %pushi/vec4 10, 0, 4;
    %store/vec4 v0x7f77b40be050_0, 0, 4;
    %jmp T_31.68;
T_31.67 ;
    %load/vec4 v0x7f77b40bd770_0;
    %flag_set/vec4 8;
    %jmp/0xz  T_31.71, 8;
    %load/vec4 v0x7f77b40be930_0;
    %subi 1, 0, 3;
    %store/vec4 v0x7f77b40be7e0_0, 0, 3;
    %jmp T_31.72;
T_31.71 ;
    %pushi/vec4 1, 0, 3;
    %store/vec4 v0x7f77b40bfab0_0, 0, 3;
    %pushi/vec4 1, 0, 1;
    %store/vec4 v0x7f77b40bed90_0, 0, 1;
    %pushi/vec4 1, 0, 1;
    %store/vec4 v0x7f77b40bdba0_0, 0, 1;
    %pushi/vec4 0, 0, 1;
    %store/vec4 v0x7f77b40bda60_0, 0, 1;
T_31.72 ;
T_31.68 ;
    %jmp T_31.23;
T_31.20 ;
    %pushi/vec4 1, 0, 1;
    %store/vec4 v0x7f77b40bdba0_0, 0, 1;
    %pushi/vec4 0, 0, 1;
    %store/vec4 v0x7f77b40bda60_0, 0, 1;
    %pushi/vec4 2, 0, 3;
    %store/vec4 v0x7f77b40bfab0_0, 0, 3;
    %pushi/vec4 1, 0, 1;
    %store/vec4 v0x7f77b40bde20_0, 0, 1;
    %pushi/vec4 1, 0, 1;
    %store/vec4 v0x7f77b40bed90_0, 0, 1;
    %load/vec4 v0x7f77b40be890_0;
    %flag_set/vec4 8;
    %jmp/0xz  T_31.73, 8;
    %pushi/vec4 0, 0, 1;
    %ix/getv 4, v0x7f77b40be930_0;
    %store/vec4 v0x7f77b40bf770_0, 4, 1;
    %load/vec4 v0x7f77b40bf770_0;
    %or/r;
    %flag_set/vec4 8;
    %jmp/0xz  T_31.75, 8;
    %alloc S_0x7f77b40bc580;
    %load/vec4 v0x7f77b40bf770_0;
    %store/vec4 v0x7f77b40bcaa0_0, 0, 8;
    %callf/vec4 TD_Lift8.u_ctrl.scan_highest_request, S_0x7f77b40bc580;
    %free S_0x7f77b40bc580;
    %store/vec4 v0x7f77b40beed0_0, 0, 3;
    %alloc S_0x7f77b40bcca0;
    %load/vec4 v0x7f77b40bf770_0;
    %store/vec4 v0x7f77b40bd1a0_0, 0, 8;
    %callf/vec4 TD_Lift8.u_ctrl.scan_lowest_request, S_0x7f77b40bcca0;
    %free S_0x7f77b40bcca0;
    %store/vec4 v0x7f77b40bf0e0_0, 0, 3;
    %jmp T_31.76;
T_31.75 ;
    %pushi/vec4 0, 0, 3;
    %store/vec4 v0x7f77b40beed0_0, 0, 3;
    %pushi/vec4 7, 0, 3;
    %store/vec4 v0x7f77b40bf0e0_0, 0, 3;
T_31.76 ;
T_31.73 ;
    %pushi/vec4 10, 0, 4;
    %store/vec4 v0x7f77b40be050_0, 0, 4;
    %jmp T_31.23;
T_31.21 ;
    %pushi/vec4 0, 0, 1;
    %store/vec4 v0x7f77b40bdba0_0, 0, 1;
    %pushi/vec4 1, 0, 1;
    %store/vec4 v0x7f77b40bda60_0, 0, 1;
    %pushi/vec4 2, 0, 3;
    %store/vec4 v0x7f77b40bfab0_0, 0, 3;
    %pushi/vec4 1, 0, 1;
    %store/vec4 v0x7f77b40bde20_0, 0, 1;
    %pushi/vec4 1, 0, 1;
    %store/vec4 v0x7f77b40bed90_0, 0, 1;
    %load/vec4 v0x7f77b40be890_0;
    %flag_set/vec4 8;
    %jmp/0xz  T_31.77, 8;
    %pushi/vec4 0, 0, 1;
    %ix/getv 4, v0x7f77b40be930_0;
    %store/vec4 v0x7f77b40bf770_0, 4, 1;
    %load/vec4 v0x7f77b40bf770_0;
    %or/r;
    %flag_set/vec4 8;
    %jmp/0xz  T_31.79, 8;
    %alloc S_0x7f77b40bc580;
    %load/vec4 v0x7f77b40bf770_0;
    %store/vec4 v0x7f77b40bcaa0_0, 0, 8;
    %callf/vec4 TD_Lift8.u_ctrl.scan_highest_request, S_0x7f77b40bc580;
    %free S_0x7f77b40bc580;
    %store/vec4 v0x7f77b40beed0_0, 0, 3;
    %alloc S_0x7f77b40bcca0;
    %load/vec4 v0x7f77b40bf770_0;
    %store/vec4 v0x7f77b40bd1a0_0, 0, 8;
    %callf/vec4 TD_Lift8.u_ctrl.scan_lowest_request, S_0x7f77b40bcca0;
    %free S_0x7f77b40bcca0;
    %store/vec4 v0x7f77b40bf0e0_0, 0, 3;
    %jmp T_31.80;
T_31.79 ;
    %pushi/vec4 0, 0, 3;
    %store/vec4 v0x7f77b40beed0_0, 0, 3;
    %pushi/vec4 7, 0, 3;
    %store/vec4 v0x7f77b40bf0e0_0, 0, 3;
T_31.80 ;
T_31.77 ;
    %pushi/vec4 10, 0, 4;
    %store/vec4 v0x7f77b40be050_0, 0, 4;
    %jmp T_31.23;
T_31.23 ;
    %pop/vec4 1;
T_31.13 ;
T_31.9 ;
T_31.7 ;
    %end;
    .scope S_0x7f77b409ae80;
t_32 %join;
    %jmp T_31;
    .thread T_31, $push;
    .scope S_0x7f77b409ae80;
T_32 ;
    %wait E_0x7f77b403ae90;
    %load/vec4 v0x7f77b40bf8d0_0;
    %flag_set/vec4 8;
    %jmp/0xz  T_32.0, 8;
    %pushi/vec4 0, 0, 3;
    %assign/vec4 v0x7f77b40bfb60_0, 0;
    %pushi/vec4 0, 0, 8;
    %assign/vec4 v0x7f77b40bf820_0, 0;
    %pushi/vec4 0, 0, 3;
    %assign/vec4 v0x7f77b40bef80_0, 0;
    %pushi/vec4 7, 0, 3;
    %assign/vec4 v0x7f77b40bf190_0, 0;
    %pushi/vec4 0, 0, 3;
    %assign/vec4 v0x7f77b40be930_0, 0;
    %pushi/vec4 1, 0, 1;
    %assign/vec4 v0x7f77b40bdc40_0, 0;
    %pushi/vec4 0, 0, 1;
    %assign/vec4 v0x7f77b40bdb00_0, 0;
    %pushi/vec4 0, 0, 1;
    %assign/vec4 v0x7f77b40bdec0_0, 0;
    %pushi/vec4 1, 0, 1;
    %assign/vec4 v0x7f77b40bee30_0, 0;
    %pushi/vec4 0, 0, 4;
    %assign/vec4 v0x7f77b40be0e0_0, 0;
    %pushi/vec4 0, 0, 1;
    %assign/vec4 v0x7f77b40be2c0_0, 0;
    %pushi/vec4 1, 0, 1;
    %assign/vec4 v0x7f77b40be5e0_0, 0;
    %pushi/vec4 0, 0, 1;
    %assign/vec4 v0x7f77b40be4a0_0, 0;
    %pushi/vec4 1, 0, 3;
    %assign/vec4 v0x7f77b40be730_0, 0;
    %jmp T_32.1;
T_32.0 ;
    %load/vec4 v0x7f77b40bfab0_0;
    %assign/vec4 v0x7f77b40bfb60_0, 0;
    %load/vec4 v0x7f77b40bf770_0;
    %assign/vec4 v0x7f77b40bf820_0, 0;
    %load/vec4 v0x7f77b40beed0_0;
    %assign/vec4 v0x7f77b40bef80_0, 0;
    %load/vec4 v0x7f77b40bf0e0_0;
    %assign/vec4 v0x7f77b40bf190_0, 0;
    %load/vec4 v0x7f77b40be7e0_0;
    %assign/vec4 v0x7f77b40be930_0, 0;
    %load/vec4 v0x7f77b40bdba0_0;
    %assign/vec4 v0x7f77b40bdc40_0, 0;
    %load/vec4 v0x7f77b40bda60_0;
    %assign/vec4 v0x7f77b40bdb00_0, 0;
    %load/vec4 v0x7f77b40bde20_0;
    %assign/vec4 v0x7f77b40bdec0_0, 0;
    %load/vec4 v0x7f77b40bed90_0;
    %assign/vec4 v0x7f77b40bee30_0, 0;
    %load/vec4 v0x7f77b40be050_0;
    %assign/vec4 v0x7f77b40be0e0_0, 0;
    %load/vec4 v0x7f77b40be220_0;
    %assign/vec4 v0x7f77b40be2c0_0, 0;
    %load/vec4 v0x7f77b40be540_0;
    %assign/vec4 v0x7f77b40be5e0_0, 0;
    %load/vec4 v0x7f77b40be400_0;
    %assign/vec4 v0x7f77b40be4a0_0, 0;
    %load/vec4 v0x7f77b40be680_0;
    %assign/vec4 v0x7f77b40be730_0, 0;
T_32.1 ;
    %jmp T_32;
    .thread T_32;
    .scope S_0x7f77b409bc80;
T_33 ;
    %wait E_0x7f77b403ae90;
    %load/vec4 v0x7f77b40c1230_0;
    %flag_set/vec4 8;
    %jmp/0xz  T_33.0, 8;
    %pushi/vec4 0, 0, 3;
    %assign/vec4 v0x7f77b40c1040_0, 0;
    %jmp T_33.1;
T_33.0 ;
    %load/vec4 v0x7f77b40c0f90_0;
    %assign/vec4 v0x7f77b40c1040_0, 0;
T_33.1 ;
    %jmp T_33;
    .thread T_33;
    .scope S_0x7f77b2f4ef60;
T_34 ;
Ewait_1 .event/or E_0x7f77b2f0c720, E_0x0;
    %wait Ewait_1;
    %fork t_35, S_0x7f77b2f4e9b0;
    %jmp t_34;
    .scope S_0x7f77b2f4e9b0;
t_35 ;
    %load/vec4 v0x7f77b2f48ab0_0;
    %store/vec4 v0x7f77b2f48a20_0, 0, 3;
    %load/vec4 v0x7f77b2f34d10_0;
    %store/vec4 v0x7f77b2f34c80_0, 0, 8;
    %load/vec4 v0x7f77b2f35b40_0;
    %store/vec4 v0x7f77b2f4cd80_0, 0, 3;
    %load/vec4 v0x7f77b2f350c0_0;
    %store/vec4 v0x7f77b2f35030_0, 0, 3;
    %load/vec4 v0x7f77b2f506f0_0;
    %store/vec4 v0x7f77b2f353f0_0, 0, 3;
    %load/vec4 v0x7f77b2f49290_0;
    %store/vec4 v0x7f77b2f49200_0, 0, 1;
    %load/vec4 v0x7f77b2f49e60_0;
    %store/vec4 v0x7f77b2f49dd0_0, 0, 1;
    %load/vec4 v0x7f77b2f48850_0;
    %store/vec4 v0x7f77b2f487c0_0, 0, 1;
    %load/vec4 v0x7f77b2f4ccf0_0;
    %store/vec4 v0x7f77b2f4de00_0, 0, 1;
    %load/vec4 v0x7f77b2f36550_0;
    %store/vec4 v0x7f77b2f364c0_0, 0, 3;
    %load/vec4 v0x7f77b2f4ffa0_0;
    %store/vec4 v0x7f77b2f503e0_0, 0, 1;
    %load/vec4 v0x7f77b2f48cc0_0;
    %store/vec4 v0x7f77b2f48c30_0, 0, 1;
    %load/vec4 v0x7f77b2f4b5b0_0;
    %store/vec4 v0x7f77b2f4b520_0, 0, 1;
    %load/vec4 v0x7f77b2f35830_0;
    %store/vec4 v0x7f77b2f357a0_0, 0, 3;
    %load/vec4 v0x7f77b2f34d10_0;
    %load/vec4 v0x7f77b2f506f0_0;
    %part/u 1;
    %store/vec4 v0x7f77b2f35480_0, 0, 1;
    %load/vec4 v0x7f77b2f34d10_0;
    %or/r;
    %store/vec4 v0x7f77b2f4e3d0_0, 0, 1;
    %load/vec4 v0x7f77b2f506f0_0;
    %cmpi/u 7, 0, 3;
    %flag_get/vec4 5;
    %jmp/0 T_34.0, 5;
    %load/vec4 v0x7f77b2f48b40_0;
    %nor/r;
    %and;
T_34.0;
    %store/vec4 v0x7f77b2f4b9d0_0, 0, 1;
    %load/vec4 v0x7f77b2f506f0_0;
    %cmpi/u 0, 0, 3;
    %flag_or 5, 4; GT is !LE
    %flag_inv 5;
    %flag_get/vec4 5;
    %jmp/0 T_34.1, 5;
    %load/vec4 v0x7f77b2f4baf0_0;
    %nor/r;
    %and;
T_34.1;
    %store/vec4 v0x7f77b2f4b940_0, 0, 1;
    %alloc S_0x7f77b2f4aa80;
    %load/vec4 v0x7f77b2f4bb80_0;
    %load/vec4 v0x7f77b2f36d00_0;
    %load/vec4 v0x7f77b2f36c70_0;
    %load/vec4 v0x7f77b2f35f80_0;
    %load/vec4 v0x7f77b2f37240_0;
    %load/vec4 v0x7f77b2f371b0_0;
    %load/vec4 v0x7f77b2f35ef0_0;
    %load/vec4 v0x7f77b2f506f0_0;
    %load/vec4 v0x7f77b2f49290_0;
    %load/vec4 v0x7f77b2f49e60_0;
    %load/vec4 v0x7f77b2f4ccf0_0;
    %store/vec4 v0x7f77b2f49af0_0, 0, 1;
    %store/vec4 v0x7f77b2f4a740_0, 0, 1;
    %store/vec4 v0x7f77b2f4a7d0_0, 0, 1;
    %store/vec4 v0x7f77b2f49a60_0, 0, 3;
    %store/vec4 v0x7f77b2f476d0_0, 0, 1;
    %store/vec4 v0x7f77b2f47ed0_0, 0, 1;
    %store/vec4 v0x7f77b2f47640_0, 0, 3;
    %store/vec4 v0x7f77b2f46f30_0, 0, 1;
    %store/vec4 v0x7f77b2f49450_0, 0, 8;
    %store/vec4 v0x7f77b2f494e0_0, 0, 8;
    %store/vec4 v0x7f77b2f4b740_0, 0, 8;
    %callf/vec4 TD_elevator_group_tb.dut.gen_lifts\x5B0\x5D.u_lift.collect_new_requests, S_0x7f77b2f4aa80;
    %free S_0x7f77b2f4aa80;
    %store/vec4 v0x7f77b2f0c8b0_0, 0, 8;
    %load/vec4 v0x7f77b2f0c8b0_0;
    %or/r;
    %flag_set/vec4 8;
    %jmp/0xz  T_34.2, 8;
    %load/vec4 v0x7f77b2f34d10_0;
    %load/vec4 v0x7f77b2f0c8b0_0;
    %or;
    %store/vec4 v0x7f77b2f34c80_0, 0, 8;
    %load/vec4 v0x7f77b2f34c80_0;
    %or/r;
    %flag_set/vec4 8;
    %jmp/0xz  T_34.4, 8;
    %alloc S_0x7f77b2f48410;
    %load/vec4 v0x7f77b2f34c80_0;
    %store/vec4 v0x7f77b2f519f0_0, 0, 8;
    %callf/vec4 TD_elevator_group_tb.dut.gen_lifts\x5B0\x5D.u_lift.scan_highest_request, S_0x7f77b2f48410;
    %free S_0x7f77b2f48410;
    %store/vec4 v0x7f77b2f4cd80_0, 0, 3;
    %alloc S_0x7f77b2f47bc0;
    %load/vec4 v0x7f77b2f34c80_0;
    %store/vec4 v0x7f77b2f479c0_0, 0, 8;
    %callf/vec4 TD_elevator_group_tb.dut.gen_lifts\x5B0\x5D.u_lift.scan_lowest_request, S_0x7f77b2f47bc0;
    %free S_0x7f77b2f47bc0;
    %store/vec4 v0x7f77b2f35030_0, 0, 3;
    %jmp T_34.5;
T_34.4 ;
    %pushi/vec4 0, 0, 3;
    %store/vec4 v0x7f77b2f4cd80_0, 0, 3;
    %pushi/vec4 7, 0, 3;
    %store/vec4 v0x7f77b2f35030_0, 0, 3;
T_34.5 ;
T_34.2 ;
    %load/vec4 v0x7f77b2f4b310_0;
    %flag_set/vec4 8;
    %jmp/0xz  T_34.6, 8;
    %pushi/vec4 0, 0, 3;
    %store/vec4 v0x7f77b2f48a20_0, 0, 3;
    %pushi/vec4 0, 0, 8;
    %store/vec4 v0x7f77b2f34c80_0, 0, 8;
    %pushi/vec4 0, 0, 3;
    %store/vec4 v0x7f77b2f4cd80_0, 0, 3;
    %pushi/vec4 7, 0, 3;
    %store/vec4 v0x7f77b2f35030_0, 0, 3;
    %pushi/vec4 0, 0, 3;
    %store/vec4 v0x7f77b2f353f0_0, 0, 3;
    %pushi/vec4 1, 0, 1;
    %store/vec4 v0x7f77b2f49200_0, 0, 1;
    %pushi/vec4 0, 0, 1;
    %store/vec4 v0x7f77b2f49dd0_0, 0, 1;
    %pushi/vec4 0, 0, 1;
    %store/vec4 v0x7f77b2f487c0_0, 0, 1;
    %pushi/vec4 1, 0, 1;
    %store/vec4 v0x7f77b2f4de00_0, 0, 1;
    %pushi/vec4 0, 0, 3;
    %store/vec4 v0x7f77b2f364c0_0, 0, 3;
    %pushi/vec4 0, 0, 1;
    %store/vec4 v0x7f77b2f503e0_0, 0, 1;
    %jmp T_34.7;
T_34.6 ;
    %load/vec4 v0x7f77b2f50350_0;
    %flag_set/vec4 8;
    %jmp/0xz  T_34.8, 8;
    %load/vec4 v0x7f77b2f4ffa0_0;
    %nor/r;
    %flag_set/vec4 8;
    %jmp/0xz  T_34.10, 8;
    %load/vec4 v0x7f77b2f49290_0;
    %store/vec4 v0x7f77b2f48c30_0, 0, 1;
    %load/vec4 v0x7f77b2f49e60_0;
    %store/vec4 v0x7f77b2f4b520_0, 0, 1;
    %load/vec4 v0x7f77b2f48ab0_0;
    %store/vec4 v0x7f77b2f357a0_0, 0, 3;
T_34.10 ;
    %pushi/vec4 1, 0, 1;
    %store/vec4 v0x7f77b2f503e0_0, 0, 1;
    %pushi/vec4 1, 0, 3;
    %store/vec4 v0x7f77b2f48a20_0, 0, 3;
    %pushi/vec4 0, 0, 1;
    %store/vec4 v0x7f77b2f487c0_0, 0, 1;
    %pushi/vec4 1, 0, 1;
    %store/vec4 v0x7f77b2f4de00_0, 0, 1;
    %pushi/vec4 0, 0, 3;
    %store/vec4 v0x7f77b2f364c0_0, 0, 3;
    %jmp T_34.9;
T_34.8 ;
    %load/vec4 v0x7f77b2f4ffa0_0;
    %flag_set/vec4 8;
    %jmp/0xz  T_34.12, 8;
    %pushi/vec4 0, 0, 1;
    %store/vec4 v0x7f77b2f503e0_0, 0, 1;
    %load/vec4 v0x7f77b2f48cc0_0;
    %store/vec4 v0x7f77b2f49200_0, 0, 1;
    %load/vec4 v0x7f77b2f4b5b0_0;
    %store/vec4 v0x7f77b2f49dd0_0, 0, 1;
    %load/vec4 v0x7f77b2f35830_0;
    %store/vec4 v0x7f77b2f48a20_0, 0, 3;
    %load/vec4 v0x7f77b2f35830_0;
    %cmpi/ne 3, 0, 3;
    %flag_get/vec4 4;
    %jmp/0 T_34.14, 4;
    %load/vec4 v0x7f77b2f35830_0;
    %pushi/vec4 4, 0, 3;
    %cmp/ne;
    %flag_get/vec4 4;
    %and;
T_34.14;
    %store/vec4 v0x7f77b2f4de00_0, 0, 1;
    %jmp T_34.13;
T_34.12 ;
    %load/vec4 v0x7f77b2f48ab0_0;
    %dup/vec4;
    %pushi/vec4 0, 0, 3;
    %cmp/u;
    %jmp/1 T_34.15, 6;
    %dup/vec4;
    %pushi/vec4 1, 0, 3;
    %cmp/u;
    %jmp/1 T_34.16, 6;
    %dup/vec4;
    %pushi/vec4 2, 0, 3;
    %cmp/u;
    %jmp/1 T_34.17, 6;
    %dup/vec4;
    %pushi/vec4 3, 0, 3;
    %cmp/u;
    %jmp/1 T_34.18, 6;
    %dup/vec4;
    %pushi/vec4 4, 0, 3;
    %cmp/u;
    %jmp/1 T_34.19, 6;
    %dup/vec4;
    %pushi/vec4 5, 0, 3;
    %cmp/u;
    %jmp/1 T_34.20, 6;
    %dup/vec4;
    %pushi/vec4 6, 0, 3;
    %cmp/u;
    %jmp/1 T_34.21, 6;
    %pushi/vec4 1, 0, 3;
    %store/vec4 v0x7f77b2f48a20_0, 0, 3;
    %jmp T_34.23;
T_34.15 ;
    %pushi/vec4 1, 0, 1;
    %store/vec4 v0x7f77b2f4de00_0, 0, 1;
    %pushi/vec4 0, 0, 1;
    %store/vec4 v0x7f77b2f487c0_0, 0, 1;
    %pushi/vec4 1, 0, 1;
    %store/vec4 v0x7f77b2f49200_0, 0, 1;
    %pushi/vec4 0, 0, 1;
    %store/vec4 v0x7f77b2f49dd0_0, 0, 1;
    %pushi/vec4 1, 0, 3;
    %store/vec4 v0x7f77b2f48a20_0, 0, 3;
    %jmp T_34.23;
T_34.16 ;
    %pushi/vec4 1, 0, 1;
    %store/vec4 v0x7f77b2f4de00_0, 0, 1;
    %pushi/vec4 0, 0, 1;
    %store/vec4 v0x7f77b2f487c0_0, 0, 1;
    %pushi/vec4 0, 0, 3;
    %store/vec4 v0x7f77b2f364c0_0, 0, 3;
    %load/vec4 v0x7f77b2f35480_0;
    %flag_set/vec4 8;
    %jmp/0xz  T_34.24, 8;
    %pushi/vec4 2, 0, 3;
    %store/vec4 v0x7f77b2f48a20_0, 0, 3;
    %pushi/vec4 1, 0, 1;
    %store/vec4 v0x7f77b2f487c0_0, 0, 1;
    %pushi/vec4 0, 0, 1;
    %ix/getv 4, v0x7f77b2f506f0_0;
    %store/vec4 v0x7f77b2f34c80_0, 4, 1;
    %load/vec4 v0x7f77b2f34c80_0;
    %or/r;
    %flag_set/vec4 8;
    %jmp/0xz  T_34.26, 8;
    %alloc S_0x7f77b2f48410;
    %load/vec4 v0x7f77b2f34c80_0;
    %store/vec4 v0x7f77b2f519f0_0, 0, 8;
    %callf/vec4 TD_elevator_group_tb.dut.gen_lifts\x5B0\x5D.u_lift.scan_highest_request, S_0x7f77b2f48410;
    %free S_0x7f77b2f48410;
    %store/vec4 v0x7f77b2f4cd80_0, 0, 3;
    %alloc S_0x7f77b2f47bc0;
    %load/vec4 v0x7f77b2f34c80_0;
    %store/vec4 v0x7f77b2f479c0_0, 0, 8;
    %callf/vec4 TD_elevator_group_tb.dut.gen_lifts\x5B0\x5D.u_lift.scan_lowest_request, S_0x7f77b2f47bc0;
    %free S_0x7f77b2f47bc0;
    %store/vec4 v0x7f77b2f35030_0, 0, 3;
    %jmp T_34.27;
T_34.26 ;
    %pushi/vec4 0, 0, 3;
    %store/vec4 v0x7f77b2f4cd80_0, 0, 3;
    %pushi/vec4 7, 0, 3;
    %store/vec4 v0x7f77b2f35030_0, 0, 3;
T_34.27 ;
    %pushi/vec4 4, 0, 3;
    %store/vec4 v0x7f77b2f364c0_0, 0, 3;
    %jmp T_34.25;
T_34.24 ;
    %load/vec4 v0x7f77b2f4e3d0_0;
    %flag_set/vec4 8;
    %jmp/0xz  T_34.28, 8;
    %load/vec4 v0x7f77b2f49290_0;
    %flag_set/vec4 10;
    %flag_get/vec4 10;
    %jmp/0 T_34.33, 10;
    %load/vec4 v0x7f77b2f506f0_0;
    %load/vec4 v0x7f77b2f35b40_0;
    %cmp/u;
    %flag_get/vec4 5;
    %and;
T_34.33;
    %flag_set/vec4 9;
    %flag_get/vec4 9;
    %jmp/0 T_34.32, 9;
    %load/vec4 v0x7f77b2f4b9d0_0;
    %and;
T_34.32;
    %flag_set/vec4 8;
    %jmp/0xz  T_34.30, 8;
    %pushi/vec4 3, 0, 3;
    %store/vec4 v0x7f77b2f48a20_0, 0, 3;
    %pushi/vec4 0, 0, 1;
    %store/vec4 v0x7f77b2f4de00_0, 0, 1;
    %jmp T_34.31;
T_34.30 ;
    %load/vec4 v0x7f77b2f49e60_0;
    %flag_set/vec4 10;
    %flag_get/vec4 10;
    %jmp/0 T_34.37, 10;
    %load/vec4 v0x7f77b2f350c0_0;
    %load/vec4 v0x7f77b2f506f0_0;
    %cmp/u;
    %flag_get/vec4 5;
    %and;
T_34.37;
    %flag_set/vec4 9;
    %flag_get/vec4 9;
    %jmp/0 T_34.36, 9;
    %load/vec4 v0x7f77b2f4b940_0;
    %and;
T_34.36;
    %flag_set/vec4 8;
    %jmp/0xz  T_34.34, 8;
    %pushi/vec4 4, 0, 3;
    %store/vec4 v0x7f77b2f48a20_0, 0, 3;
    %pushi/vec4 0, 0, 1;
    %store/vec4 v0x7f77b2f4de00_0, 0, 1;
    %jmp T_34.35;
T_34.34 ;
    %load/vec4 v0x7f77b2f35b40_0;
    %load/vec4 v0x7f77b2f506f0_0;
    %cmp/e;
    %flag_get/vec4 4;
    %jmp/0 T_34.40, 4;
    %load/vec4 v0x7f77b2f350c0_0;
    %load/vec4 v0x7f77b2f506f0_0;
    %cmp/u;
    %flag_get/vec4 5;
    %and;
T_34.40;
    %flag_set/vec4 8;
    %jmp/0xz  T_34.38, 8;
    %pushi/vec4 6, 0, 3;
    %store/vec4 v0x7f77b2f48a20_0, 0, 3;
    %pushi/vec4 0, 0, 1;
    %store/vec4 v0x7f77b2f49200_0, 0, 1;
    %pushi/vec4 1, 0, 1;
    %store/vec4 v0x7f77b2f49dd0_0, 0, 1;
    %jmp T_34.39;
T_34.38 ;
    %load/vec4 v0x7f77b2f350c0_0;
    %load/vec4 v0x7f77b2f506f0_0;
    %cmp/e;
    %flag_get/vec4 4;
    %jmp/0 T_34.43, 4;
    %load/vec4 v0x7f77b2f506f0_0;
    %load/vec4 v0x7f77b2f35b40_0;
    %cmp/u;
    %flag_get/vec4 5;
    %and;
T_34.43;
    %flag_set/vec4 8;
    %jmp/0xz  T_34.41, 8;
    %pushi/vec4 5, 0, 3;
    %store/vec4 v0x7f77b2f48a20_0, 0, 3;
    %pushi/vec4 1, 0, 1;
    %store/vec4 v0x7f77b2f49200_0, 0, 1;
    %pushi/vec4 0, 0, 1;
    %store/vec4 v0x7f77b2f49dd0_0, 0, 1;
    %jmp T_34.42;
T_34.41 ;
    %load/vec4 v0x7f77b2f506f0_0;
    %load/vec4 v0x7f77b2f35b40_0;
    %cmp/u;
    %flag_get/vec4 5;
    %jmp/0 T_34.46, 5;
    %load/vec4 v0x7f77b2f4b9d0_0;
    %and;
T_34.46;
    %flag_set/vec4 8;
    %jmp/0xz  T_34.44, 8;
    %pushi/vec4 1, 0, 1;
    %store/vec4 v0x7f77b2f49200_0, 0, 1;
    %pushi/vec4 0, 0, 1;
    %store/vec4 v0x7f77b2f49dd0_0, 0, 1;
    %pushi/vec4 3, 0, 3;
    %store/vec4 v0x7f77b2f48a20_0, 0, 3;
    %pushi/vec4 0, 0, 1;
    %store/vec4 v0x7f77b2f4de00_0, 0, 1;
    %jmp T_34.45;
T_34.44 ;
    %load/vec4 v0x7f77b2f350c0_0;
    %load/vec4 v0x7f77b2f506f0_0;
    %cmp/u;
    %flag_get/vec4 5;
    %jmp/0 T_34.49, 5;
    %load/vec4 v0x7f77b2f4b940_0;
    %and;
T_34.49;
    %flag_set/vec4 8;
    %jmp/0xz  T_34.47, 8;
    %pushi/vec4 0, 0, 1;
    %store/vec4 v0x7f77b2f49200_0, 0, 1;
    %pushi/vec4 1, 0, 1;
    %store/vec4 v0x7f77b2f49dd0_0, 0, 1;
    %pushi/vec4 4, 0, 3;
    %store/vec4 v0x7f77b2f48a20_0, 0, 3;
    %pushi/vec4 0, 0, 1;
    %store/vec4 v0x7f77b2f4de00_0, 0, 1;
T_34.47 ;
T_34.45 ;
T_34.42 ;
T_34.39 ;
T_34.35 ;
T_34.31 ;
T_34.28 ;
T_34.25 ;
    %jmp T_34.23;
T_34.17 ;
    %pushi/vec4 1, 0, 1;
    %store/vec4 v0x7f77b2f4de00_0, 0, 1;
    %pushi/vec4 1, 0, 1;
    %store/vec4 v0x7f77b2f487c0_0, 0, 1;
    %load/vec4 v0x7f77b2f49050_0;
    %flag_set/vec4 8;
    %jmp/0xz  T_34.50, 8;
    %pushi/vec4 4, 0, 3;
    %store/vec4 v0x7f77b2f364c0_0, 0, 3;
    %jmp T_34.51;
T_34.50 ;
    %load/vec4 v0x7f77b2f36550_0;
    %cmpi/ne 0, 0, 3;
    %jmp/0xz  T_34.52, 4;
    %load/vec4 v0x7f77b2f36550_0;
    %subi 1, 0, 3;
    %store/vec4 v0x7f77b2f364c0_0, 0, 3;
T_34.52 ;
T_34.51 ;
    %load/vec4 v0x7f77b2f35480_0;
    %flag_set/vec4 8;
    %jmp/0xz  T_34.54, 8;
    %pushi/vec4 0, 0, 1;
    %ix/getv 4, v0x7f77b2f506f0_0;
    %store/vec4 v0x7f77b2f34c80_0, 4, 1;
    %load/vec4 v0x7f77b2f34c80_0;
    %or/r;
    %flag_set/vec4 8;
    %jmp/0xz  T_34.56, 8;
    %alloc S_0x7f77b2f48410;
    %load/vec4 v0x7f77b2f34c80_0;
    %store/vec4 v0x7f77b2f519f0_0, 0, 8;
    %callf/vec4 TD_elevator_group_tb.dut.gen_lifts\x5B0\x5D.u_lift.scan_highest_request, S_0x7f77b2f48410;
    %free S_0x7f77b2f48410;
    %store/vec4 v0x7f77b2f4cd80_0, 0, 3;
    %alloc S_0x7f77b2f47bc0;
    %load/vec4 v0x7f77b2f34c80_0;
    %store/vec4 v0x7f77b2f479c0_0, 0, 8;
    %callf/vec4 TD_elevator_group_tb.dut.gen_lifts\x5B0\x5D.u_lift.scan_lowest_request, S_0x7f77b2f47bc0;
    %free S_0x7f77b2f47bc0;
    %store/vec4 v0x7f77b2f35030_0, 0, 3;
    %jmp T_34.57;
T_34.56 ;
    %pushi/vec4 0, 0, 3;
    %store/vec4 v0x7f77b2f4cd80_0, 0, 3;
    %pushi/vec4 7, 0, 3;
    %store/vec4 v0x7f77b2f35030_0, 0, 3;
T_34.57 ;
    %pushi/vec4 4, 0, 3;
    %store/vec4 v0x7f77b2f364c0_0, 0, 3;
    %jmp T_34.55;
T_34.54 ;
    %load/vec4 v0x7f77b2f36550_0;
    %cmpi/e 1, 0, 3;
    %flag_get/vec4 4;
    %jmp/0 T_34.60, 4;
    %load/vec4 v0x7f77b2f49050_0;
    %nor/r;
    %and;
T_34.60;
    %flag_set/vec4 8;
    %jmp/0xz  T_34.58, 8;
    %pushi/vec4 1, 0, 3;
    %store/vec4 v0x7f77b2f48a20_0, 0, 3;
    %pushi/vec4 0, 0, 1;
    %store/vec4 v0x7f77b2f487c0_0, 0, 1;
    %pushi/vec4 0, 0, 3;
    %store/vec4 v0x7f77b2f364c0_0, 0, 3;
T_34.58 ;
T_34.55 ;
    %jmp T_34.23;
T_34.18 ;
    %pushi/vec4 0, 0, 1;
    %store/vec4 v0x7f77b2f4de00_0, 0, 1;
    %pushi/vec4 0, 0, 1;
    %store/vec4 v0x7f77b2f487c0_0, 0, 1;
    %load/vec4 v0x7f77b2f35480_0;
    %flag_set/vec4 8;
    %jmp/0xz  T_34.61, 8;
    %pushi/vec4 2, 0, 3;
    %store/vec4 v0x7f77b2f48a20_0, 0, 3;
    %pushi/vec4 1, 0, 1;
    %store/vec4 v0x7f77b2f487c0_0, 0, 1;
    %pushi/vec4 1, 0, 1;
    %store/vec4 v0x7f77b2f4de00_0, 0, 1;
    %pushi/vec4 0, 0, 1;
    %ix/getv 4, v0x7f77b2f506f0_0;
    %store/vec4 v0x7f77b2f34c80_0, 4, 1;
    %load/vec4 v0x7f77b2f34c80_0;
    %or/r;
    %flag_set/vec4 8;
    %jmp/0xz  T_34.63, 8;
    %alloc S_0x7f77b2f48410;
    %load/vec4 v0x7f77b2f34c80_0;
    %store/vec4 v0x7f77b2f519f0_0, 0, 8;
    %callf/vec4 TD_elevator_group_tb.dut.gen_lifts\x5B0\x5D.u_lift.scan_highest_request, S_0x7f77b2f48410;
    %free S_0x7f77b2f48410;
    %store/vec4 v0x7f77b2f4cd80_0, 0, 3;
    %alloc S_0x7f77b2f47bc0;
    %load/vec4 v0x7f77b2f34c80_0;
    %store/vec4 v0x7f77b2f479c0_0, 0, 8;
    %callf/vec4 TD_elevator_group_tb.dut.gen_lifts\x5B0\x5D.u_lift.scan_lowest_request, S_0x7f77b2f47bc0;
    %free S_0x7f77b2f47bc0;
    %store/vec4 v0x7f77b2f35030_0, 0, 3;
    %jmp T_34.64;
T_34.63 ;
    %pushi/vec4 0, 0, 3;
    %store/vec4 v0x7f77b2f4cd80_0, 0, 3;
    %pushi/vec4 7, 0, 3;
    %store/vec4 v0x7f77b2f35030_0, 0, 3;
T_34.64 ;
    %pushi/vec4 4, 0, 3;
    %store/vec4 v0x7f77b2f364c0_0, 0, 3;
    %jmp T_34.62;
T_34.61 ;
    %load/vec4 v0x7f77b2f4b9d0_0;
    %flag_set/vec4 8;
    %jmp/0xz  T_34.65, 8;
    %load/vec4 v0x7f77b2f506f0_0;
    %addi 1, 0, 3;
    %store/vec4 v0x7f77b2f353f0_0, 0, 3;
    %jmp T_34.66;
T_34.65 ;
    %pushi/vec4 1, 0, 3;
    %store/vec4 v0x7f77b2f48a20_0, 0, 3;
    %pushi/vec4 1, 0, 1;
    %store/vec4 v0x7f77b2f4de00_0, 0, 1;
    %pushi/vec4 0, 0, 1;
    %store/vec4 v0x7f77b2f49200_0, 0, 1;
    %pushi/vec4 1, 0, 1;
    %store/vec4 v0x7f77b2f49dd0_0, 0, 1;
T_34.66 ;
T_34.62 ;
    %jmp T_34.23;
T_34.19 ;
    %pushi/vec4 0, 0, 1;
    %store/vec4 v0x7f77b2f4de00_0, 0, 1;
    %pushi/vec4 0, 0, 1;
    %store/vec4 v0x7f77b2f487c0_0, 0, 1;
    %load/vec4 v0x7f77b2f35480_0;
    %flag_set/vec4 8;
    %jmp/0xz  T_34.67, 8;
    %pushi/vec4 2, 0, 3;
    %store/vec4 v0x7f77b2f48a20_0, 0, 3;
    %pushi/vec4 1, 0, 1;
    %store/vec4 v0x7f77b2f487c0_0, 0, 1;
    %pushi/vec4 1, 0, 1;
    %store/vec4 v0x7f77b2f4de00_0, 0, 1;
    %pushi/vec4 0, 0, 1;
    %ix/getv 4, v0x7f77b2f506f0_0;
    %store/vec4 v0x7f77b2f34c80_0, 4, 1;
    %load/vec4 v0x7f77b2f34c80_0;
    %or/r;
    %flag_set/vec4 8;
    %jmp/0xz  T_34.69, 8;
    %alloc S_0x7f77b2f48410;
    %load/vec4 v0x7f77b2f34c80_0;
    %store/vec4 v0x7f77b2f519f0_0, 0, 8;
    %callf/vec4 TD_elevator_group_tb.dut.gen_lifts\x5B0\x5D.u_lift.scan_highest_request, S_0x7f77b2f48410;
    %free S_0x7f77b2f48410;
    %store/vec4 v0x7f77b2f4cd80_0, 0, 3;
    %alloc S_0x7f77b2f47bc0;
    %load/vec4 v0x7f77b2f34c80_0;
    %store/vec4 v0x7f77b2f479c0_0, 0, 8;
    %callf/vec4 TD_elevator_group_tb.dut.gen_lifts\x5B0\x5D.u_lift.scan_lowest_request, S_0x7f77b2f47bc0;
    %free S_0x7f77b2f47bc0;
    %store/vec4 v0x7f77b2f35030_0, 0, 3;
    %jmp T_34.70;
T_34.69 ;
    %pushi/vec4 0, 0, 3;
    %store/vec4 v0x7f77b2f4cd80_0, 0, 3;
    %pushi/vec4 7, 0, 3;
    %store/vec4 v0x7f77b2f35030_0, 0, 3;
T_34.70 ;
    %pushi/vec4 4, 0, 3;
    %store/vec4 v0x7f77b2f364c0_0, 0, 3;
    %jmp T_34.68;
T_34.67 ;
    %load/vec4 v0x7f77b2f4b940_0;
    %flag_set/vec4 8;
    %jmp/0xz  T_34.71, 8;
    %load/vec4 v0x7f77b2f506f0_0;
    %subi 1, 0, 3;
    %store/vec4 v0x7f77b2f353f0_0, 0, 3;
    %jmp T_34.72;
T_34.71 ;
    %pushi/vec4 1, 0, 3;
    %store/vec4 v0x7f77b2f48a20_0, 0, 3;
    %pushi/vec4 1, 0, 1;
    %store/vec4 v0x7f77b2f4de00_0, 0, 1;
    %pushi/vec4 1, 0, 1;
    %store/vec4 v0x7f77b2f49200_0, 0, 1;
    %pushi/vec4 0, 0, 1;
    %store/vec4 v0x7f77b2f49dd0_0, 0, 1;
T_34.72 ;
T_34.68 ;
    %jmp T_34.23;
T_34.20 ;
    %pushi/vec4 1, 0, 1;
    %store/vec4 v0x7f77b2f49200_0, 0, 1;
    %pushi/vec4 0, 0, 1;
    %store/vec4 v0x7f77b2f49dd0_0, 0, 1;
    %pushi/vec4 2, 0, 3;
    %store/vec4 v0x7f77b2f48a20_0, 0, 3;
    %pushi/vec4 1, 0, 1;
    %store/vec4 v0x7f77b2f487c0_0, 0, 1;
    %pushi/vec4 1, 0, 1;
    %store/vec4 v0x7f77b2f4de00_0, 0, 1;
    %load/vec4 v0x7f77b2f35480_0;
    %flag_set/vec4 8;
    %jmp/0xz  T_34.73, 8;
    %pushi/vec4 0, 0, 1;
    %ix/getv 4, v0x7f77b2f506f0_0;
    %store/vec4 v0x7f77b2f34c80_0, 4, 1;
    %load/vec4 v0x7f77b2f34c80_0;
    %or/r;
    %flag_set/vec4 8;
    %jmp/0xz  T_34.75, 8;
    %alloc S_0x7f77b2f48410;
    %load/vec4 v0x7f77b2f34c80_0;
    %store/vec4 v0x7f77b2f519f0_0, 0, 8;
    %callf/vec4 TD_elevator_group_tb.dut.gen_lifts\x5B0\x5D.u_lift.scan_highest_request, S_0x7f77b2f48410;
    %free S_0x7f77b2f48410;
    %store/vec4 v0x7f77b2f4cd80_0, 0, 3;
    %alloc S_0x7f77b2f47bc0;
    %load/vec4 v0x7f77b2f34c80_0;
    %store/vec4 v0x7f77b2f479c0_0, 0, 8;
    %callf/vec4 TD_elevator_group_tb.dut.gen_lifts\x5B0\x5D.u_lift.scan_lowest_request, S_0x7f77b2f47bc0;
    %free S_0x7f77b2f47bc0;
    %store/vec4 v0x7f77b2f35030_0, 0, 3;
    %jmp T_34.76;
T_34.75 ;
    %pushi/vec4 0, 0, 3;
    %store/vec4 v0x7f77b2f4cd80_0, 0, 3;
    %pushi/vec4 7, 0, 3;
    %store/vec4 v0x7f77b2f35030_0, 0, 3;
T_34.76 ;
T_34.73 ;
    %pushi/vec4 4, 0, 3;
    %store/vec4 v0x7f77b2f364c0_0, 0, 3;
    %jmp T_34.23;
T_34.21 ;
    %pushi/vec4 0, 0, 1;
    %store/vec4 v0x7f77b2f49200_0, 0, 1;
    %pushi/vec4 1, 0, 1;
    %store/vec4 v0x7f77b2f49dd0_0, 0, 1;
    %pushi/vec4 2, 0, 3;
    %store/vec4 v0x7f77b2f48a20_0, 0, 3;
    %pushi/vec4 1, 0, 1;
    %store/vec4 v0x7f77b2f487c0_0, 0, 1;
    %pushi/vec4 1, 0, 1;
    %store/vec4 v0x7f77b2f4de00_0, 0, 1;
    %load/vec4 v0x7f77b2f35480_0;
    %flag_set/vec4 8;
    %jmp/0xz  T_34.77, 8;
    %pushi/vec4 0, 0, 1;
    %ix/getv 4, v0x7f77b2f506f0_0;
    %store/vec4 v0x7f77b2f34c80_0, 4, 1;
    %load/vec4 v0x7f77b2f34c80_0;
    %or/r;
    %flag_set/vec4 8;
    %jmp/0xz  T_34.79, 8;
    %alloc S_0x7f77b2f48410;
    %load/vec4 v0x7f77b2f34c80_0;
    %store/vec4 v0x7f77b2f519f0_0, 0, 8;
    %callf/vec4 TD_elevator_group_tb.dut.gen_lifts\x5B0\x5D.u_lift.scan_highest_request, S_0x7f77b2f48410;
    %free S_0x7f77b2f48410;
    %store/vec4 v0x7f77b2f4cd80_0, 0, 3;
    %alloc S_0x7f77b2f47bc0;
    %load/vec4 v0x7f77b2f34c80_0;
    %store/vec4 v0x7f77b2f479c0_0, 0, 8;
    %callf/vec4 TD_elevator_group_tb.dut.gen_lifts\x5B0\x5D.u_lift.scan_lowest_request, S_0x7f77b2f47bc0;
    %free S_0x7f77b2f47bc0;
    %store/vec4 v0x7f77b2f35030_0, 0, 3;
    %jmp T_34.80;
T_34.79 ;
    %pushi/vec4 0, 0, 3;
    %store/vec4 v0x7f77b2f4cd80_0, 0, 3;
    %pushi/vec4 7, 0, 3;
    %store/vec4 v0x7f77b2f35030_0, 0, 3;
T_34.80 ;
T_34.77 ;
    %pushi/vec4 4, 0, 3;
    %store/vec4 v0x7f77b2f364c0_0, 0, 3;
    %jmp T_34.23;
T_34.23 ;
    %pop/vec4 1;
T_34.13 ;
T_34.9 ;
T_34.7 ;
    %end;
    .scope S_0x7f77b2f4ef60;
t_34 %join;
    %jmp T_34;
    .thread T_34, $push;
    .scope S_0x7f77b2f4ef60;
T_35 ;
    %wait E_0x7f77b2f47580;
    %load/vec4 v0x7f77b2f4b310_0;
    %flag_set/vec4 8;
    %jmp/0xz  T_35.0, 8;
    %pushi/vec4 0, 0, 3;
    %assign/vec4 v0x7f77b2f48ab0_0, 0;
    %pushi/vec4 0, 0, 8;
    %assign/vec4 v0x7f77b2f34d10_0, 0;
    %pushi/vec4 0, 0, 3;
    %assign/vec4 v0x7f77b2f35b40_0, 0;
    %pushi/vec4 7, 0, 3;
    %assign/vec4 v0x7f77b2f350c0_0, 0;
    %pushi/vec4 0, 0, 3;
    %assign/vec4 v0x7f77b2f506f0_0, 0;
    %pushi/vec4 1, 0, 1;
    %assign/vec4 v0x7f77b2f49290_0, 0;
    %pushi/vec4 0, 0, 1;
    %assign/vec4 v0x7f77b2f49e60_0, 0;
    %pushi/vec4 0, 0, 1;
    %assign/vec4 v0x7f77b2f48850_0, 0;
    %pushi/vec4 1, 0, 1;
    %assign/vec4 v0x7f77b2f4ccf0_0, 0;
    %pushi/vec4 0, 0, 3;
    %assign/vec4 v0x7f77b2f36550_0, 0;
    %pushi/vec4 0, 0, 1;
    %assign/vec4 v0x7f77b2f4ffa0_0, 0;
    %pushi/vec4 1, 0, 1;
    %assign/vec4 v0x7f77b2f48cc0_0, 0;
    %pushi/vec4 0, 0, 1;
    %assign/vec4 v0x7f77b2f4b5b0_0, 0;
    %pushi/vec4 1, 0, 3;
    %assign/vec4 v0x7f77b2f35830_0, 0;
    %jmp T_35.1;
T_35.0 ;
    %load/vec4 v0x7f77b2f48a20_0;
    %assign/vec4 v0x7f77b2f48ab0_0, 0;
    %load/vec4 v0x7f77b2f34c80_0;
    %assign/vec4 v0x7f77b2f34d10_0, 0;
    %load/vec4 v0x7f77b2f4cd80_0;
    %assign/vec4 v0x7f77b2f35b40_0, 0;
    %load/vec4 v0x7f77b2f35030_0;
    %assign/vec4 v0x7f77b2f350c0_0, 0;
    %load/vec4 v0x7f77b2f353f0_0;
    %assign/vec4 v0x7f77b2f506f0_0, 0;
    %load/vec4 v0x7f77b2f49200_0;
    %assign/vec4 v0x7f77b2f49290_0, 0;
    %load/vec4 v0x7f77b2f49dd0_0;
    %assign/vec4 v0x7f77b2f49e60_0, 0;
    %load/vec4 v0x7f77b2f487c0_0;
    %assign/vec4 v0x7f77b2f48850_0, 0;
    %load/vec4 v0x7f77b2f4de00_0;
    %assign/vec4 v0x7f77b2f4ccf0_0, 0;
    %load/vec4 v0x7f77b2f364c0_0;
    %assign/vec4 v0x7f77b2f36550_0, 0;
    %load/vec4 v0x7f77b2f503e0_0;
    %assign/vec4 v0x7f77b2f4ffa0_0, 0;
    %load/vec4 v0x7f77b2f48c30_0;
    %assign/vec4 v0x7f77b2f48cc0_0, 0;
    %load/vec4 v0x7f77b2f4b520_0;
    %assign/vec4 v0x7f77b2f4b5b0_0, 0;
    %load/vec4 v0x7f77b2f357a0_0;
    %assign/vec4 v0x7f77b2f35830_0, 0;
T_35.1 ;
    %jmp T_35;
    .thread T_35;
    .scope S_0x7f77b2f59ab0;
T_36 ;
Ewait_2 .event/or E_0x7f77b2f4b1d0, E_0x0;
    %wait Ewait_2;
    %fork t_37, S_0x7f77b2f5a190;
    %jmp t_36;
    .scope S_0x7f77b2f5a190;
t_37 ;
    %load/vec4 v0x7f77b4334780_0;
    %store/vec4 v0x7f77b43346f0_0, 0, 3;
    %load/vec4 v0x7f77b43344b0_0;
    %store/vec4 v0x7f77b4334420_0, 0, 8;
    %load/vec4 v0x7f77b4311920_0;
    %store/vec4 v0x7f77b4311890_0, 0, 3;
    %load/vec4 v0x7f77b4310220_0;
    %store/vec4 v0x7f77b4311570_0, 0, 3;
    %load/vec4 v0x7f77b431a830_0;
    %store/vec4 v0x7f77b431baf0_0, 0, 3;
    %load/vec4 v0x7f77b4319d30_0;
    %store/vec4 v0x7f77b431a170_0, 0, 1;
    %load/vec4 v0x7f77b431a0e0_0;
    %store/vec4 v0x7f77b430f050_0, 0, 1;
    %load/vec4 v0x7f77b4309370_0;
    %store/vec4 v0x7f77b4319a10_0, 0, 1;
    %load/vec4 v0x7f77b4311cd0_0;
    %store/vec4 v0x7f77b4311c40_0, 0, 1;
    %load/vec4 v0x7f77b430fb60_0;
    %store/vec4 v0x7f77b430fad0_0, 0, 3;
    %load/vec4 v0x7f77b430f370_0;
    %store/vec4 v0x7f77b430f7b0_0, 0, 1;
    %load/vec4 v0x7f77b431c2e0_0;
    %store/vec4 v0x7f77b431c250_0, 0, 1;
    %load/vec4 v0x7f77b431a510_0;
    %store/vec4 v0x7f77b431a480_0, 0, 1;
    %load/vec4 v0x7f77b431bf30_0;
    %store/vec4 v0x7f77b431bea0_0, 0, 3;
    %load/vec4 v0x7f77b43344b0_0;
    %load/vec4 v0x7f77b431a830_0;
    %part/u 1;
    %store/vec4 v0x7f77b431bb80_0, 0, 1;
    %load/vec4 v0x7f77b43344b0_0;
    %or/r;
    %store/vec4 v0x7f77b430a530_0, 0, 1;
    %load/vec4 v0x7f77b431a830_0;
    %cmpi/u 7, 0, 3;
    %flag_get/vec4 5;
    %jmp/0 T_36.0, 5;
    %load/vec4 v0x7f77b4334810_0;
    %nor/r;
    %and;
T_36.0;
    %store/vec4 v0x7f77b4310880_0, 0, 1;
    %load/vec4 v0x7f77b431a830_0;
    %cmpi/u 0, 0, 3;
    %flag_or 5, 4; GT is !LE
    %flag_inv 5;
    %flag_get/vec4 5;
    %jmp/0 T_36.1, 5;
    %load/vec4 v0x7f77b4310fa0_0;
    %nor/r;
    %and;
T_36.1;
    %store/vec4 v0x7f77b43107f0_0, 0, 1;
    %alloc S_0x7f77b2f5a620;
    %load/vec4 v0x7f77b4311030_0;
    %load/vec4 v0x7f77b430fe70_0;
    %load/vec4 v0x7f77b4309400_0;
    %load/vec4 v0x7f77b4334390_0;
    %load/vec4 v0x7f77b4334270_0;
    %load/vec4 v0x7f77b43341e0_0;
    %load/vec4 v0x7f77b4334300_0;
    %load/vec4 v0x7f77b431a830_0;
    %load/vec4 v0x7f77b4319d30_0;
    %load/vec4 v0x7f77b431a0e0_0;
    %load/vec4 v0x7f77b4311cd0_0;
    %store/vec4 v0x7f77b4331430_0, 0, 1;
    %store/vec4 v0x7f77b2f5ab40_0, 0, 1;
    %store/vec4 v0x7f77b2f5abd0_0, 0, 1;
    %store/vec4 v0x7f77b2f5ac60_0, 0, 3;
    %store/vec4 v0x7f77b4314800_0, 0, 1;
    %store/vec4 v0x7f77b4322860_0, 0, 1;
    %store/vec4 v0x7f77b4314770_0, 0, 3;
    %store/vec4 v0x7f77b4323b50_0, 0, 1;
    %store/vec4 v0x7f77b43319d0_0, 0, 8;
    %store/vec4 v0x7f77b4332000_0, 0, 8;
    %store/vec4 v0x7f77b2f5aa20_0, 0, 8;
    %callf/vec4 TD_elevator_group_tb.dut.gen_lifts\x5B1\x5D.u_lift.collect_new_requests, S_0x7f77b2f5a620;
    %free S_0x7f77b2f5a620;
    %store/vec4 v0x7f77b2f5a300_0, 0, 8;
    %load/vec4 v0x7f77b2f5a300_0;
    %or/r;
    %flag_set/vec4 8;
    %jmp/0xz  T_36.2, 8;
    %load/vec4 v0x7f77b43344b0_0;
    %load/vec4 v0x7f77b2f5a300_0;
    %or;
    %store/vec4 v0x7f77b4334420_0, 0, 8;
    %load/vec4 v0x7f77b4334420_0;
    %or/r;
    %flag_set/vec4 8;
    %jmp/0xz  T_36.4, 8;
    %alloc S_0x7f77b4323230;
    %load/vec4 v0x7f77b4334420_0;
    %store/vec4 v0x7f77b4314b50_0, 0, 8;
    %callf/vec4 TD_elevator_group_tb.dut.gen_lifts\x5B1\x5D.u_lift.scan_highest_request, S_0x7f77b4323230;
    %free S_0x7f77b4323230;
    %store/vec4 v0x7f77b4311890_0, 0, 3;
    %alloc S_0x7f77b431c5e0;
    %load/vec4 v0x7f77b4334420_0;
    %store/vec4 v0x7f77b431ae00_0, 0, 8;
    %callf/vec4 TD_elevator_group_tb.dut.gen_lifts\x5B1\x5D.u_lift.scan_lowest_request, S_0x7f77b431c5e0;
    %free S_0x7f77b431c5e0;
    %store/vec4 v0x7f77b4311570_0, 0, 3;
    %jmp T_36.5;
T_36.4 ;
    %pushi/vec4 0, 0, 3;
    %store/vec4 v0x7f77b4311890_0, 0, 3;
    %pushi/vec4 7, 0, 3;
    %store/vec4 v0x7f77b4311570_0, 0, 3;
T_36.5 ;
T_36.2 ;
    %load/vec4 v0x7f77b4334540_0;
    %flag_set/vec4 8;
    %jmp/0xz  T_36.6, 8;
    %pushi/vec4 0, 0, 3;
    %store/vec4 v0x7f77b43346f0_0, 0, 3;
    %pushi/vec4 0, 0, 8;
    %store/vec4 v0x7f77b4334420_0, 0, 8;
    %pushi/vec4 0, 0, 3;
    %store/vec4 v0x7f77b4311890_0, 0, 3;
    %pushi/vec4 7, 0, 3;
    %store/vec4 v0x7f77b4311570_0, 0, 3;
    %pushi/vec4 0, 0, 3;
    %store/vec4 v0x7f77b431baf0_0, 0, 3;
    %pushi/vec4 1, 0, 1;
    %store/vec4 v0x7f77b431a170_0, 0, 1;
    %pushi/vec4 0, 0, 1;
    %store/vec4 v0x7f77b430f050_0, 0, 1;
    %pushi/vec4 0, 0, 1;
    %store/vec4 v0x7f77b4319a10_0, 0, 1;
    %pushi/vec4 1, 0, 1;
    %store/vec4 v0x7f77b4311c40_0, 0, 1;
    %pushi/vec4 0, 0, 3;
    %store/vec4 v0x7f77b430fad0_0, 0, 3;
    %pushi/vec4 0, 0, 1;
    %store/vec4 v0x7f77b430f7b0_0, 0, 1;
    %jmp T_36.7;
T_36.6 ;
    %load/vec4 v0x7f77b430f720_0;
    %flag_set/vec4 8;
    %jmp/0xz  T_36.8, 8;
    %load/vec4 v0x7f77b430f370_0;
    %nor/r;
    %flag_set/vec4 8;
    %jmp/0xz  T_36.10, 8;
    %load/vec4 v0x7f77b4319d30_0;
    %store/vec4 v0x7f77b431c250_0, 0, 1;
    %load/vec4 v0x7f77b431a0e0_0;
    %store/vec4 v0x7f77b431a480_0, 0, 1;
    %load/vec4 v0x7f77b4334780_0;
    %store/vec4 v0x7f77b431bea0_0, 0, 3;
T_36.10 ;
    %pushi/vec4 1, 0, 1;
    %store/vec4 v0x7f77b430f7b0_0, 0, 1;
    %pushi/vec4 1, 0, 3;
    %store/vec4 v0x7f77b43346f0_0, 0, 3;
    %pushi/vec4 0, 0, 1;
    %store/vec4 v0x7f77b4319a10_0, 0, 1;
    %pushi/vec4 1, 0, 1;
    %store/vec4 v0x7f77b4311c40_0, 0, 1;
    %pushi/vec4 0, 0, 3;
    %store/vec4 v0x7f77b430fad0_0, 0, 3;
    %jmp T_36.9;
T_36.8 ;
    %load/vec4 v0x7f77b430f370_0;
    %flag_set/vec4 8;
    %jmp/0xz  T_36.12, 8;
    %pushi/vec4 0, 0, 1;
    %store/vec4 v0x7f77b430f7b0_0, 0, 1;
    %load/vec4 v0x7f77b431c2e0_0;
    %store/vec4 v0x7f77b431a170_0, 0, 1;
    %load/vec4 v0x7f77b431a510_0;
    %store/vec4 v0x7f77b430f050_0, 0, 1;
    %load/vec4 v0x7f77b431bf30_0;
    %store/vec4 v0x7f77b43346f0_0, 0, 3;
    %load/vec4 v0x7f77b431bf30_0;
    %cmpi/ne 3, 0, 3;
    %flag_get/vec4 4;
    %jmp/0 T_36.14, 4;
    %load/vec4 v0x7f77b431bf30_0;
    %pushi/vec4 4, 0, 3;
    %cmp/ne;
    %flag_get/vec4 4;
    %and;
T_36.14;
    %store/vec4 v0x7f77b4311c40_0, 0, 1;
    %jmp T_36.13;
T_36.12 ;
    %load/vec4 v0x7f77b4334780_0;
    %dup/vec4;
    %pushi/vec4 0, 0, 3;
    %cmp/u;
    %jmp/1 T_36.15, 6;
    %dup/vec4;
    %pushi/vec4 1, 0, 3;
    %cmp/u;
    %jmp/1 T_36.16, 6;
    %dup/vec4;
    %pushi/vec4 2, 0, 3;
    %cmp/u;
    %jmp/1 T_36.17, 6;
    %dup/vec4;
    %pushi/vec4 3, 0, 3;
    %cmp/u;
    %jmp/1 T_36.18, 6;
    %dup/vec4;
    %pushi/vec4 4, 0, 3;
    %cmp/u;
    %jmp/1 T_36.19, 6;
    %dup/vec4;
    %pushi/vec4 5, 0, 3;
    %cmp/u;
    %jmp/1 T_36.20, 6;
    %dup/vec4;
    %pushi/vec4 6, 0, 3;
    %cmp/u;
    %jmp/1 T_36.21, 6;
    %pushi/vec4 1, 0, 3;
    %store/vec4 v0x7f77b43346f0_0, 0, 3;
    %jmp T_36.23;
T_36.15 ;
    %pushi/vec4 1, 0, 1;
    %store/vec4 v0x7f77b4311c40_0, 0, 1;
    %pushi/vec4 0, 0, 1;
    %store/vec4 v0x7f77b4319a10_0, 0, 1;
    %pushi/vec4 1, 0, 1;
    %store/vec4 v0x7f77b431a170_0, 0, 1;
    %pushi/vec4 0, 0, 1;
    %store/vec4 v0x7f77b430f050_0, 0, 1;
    %pushi/vec4 1, 0, 3;
    %store/vec4 v0x7f77b43346f0_0, 0, 3;
    %jmp T_36.23;
T_36.16 ;
    %pushi/vec4 1, 0, 1;
    %store/vec4 v0x7f77b4311c40_0, 0, 1;
    %pushi/vec4 0, 0, 1;
    %store/vec4 v0x7f77b4319a10_0, 0, 1;
    %pushi/vec4 0, 0, 3;
    %store/vec4 v0x7f77b430fad0_0, 0, 3;
    %load/vec4 v0x7f77b431bb80_0;
    %flag_set/vec4 8;
    %jmp/0xz  T_36.24, 8;
    %pushi/vec4 2, 0, 3;
    %store/vec4 v0x7f77b43346f0_0, 0, 3;
    %pushi/vec4 1, 0, 1;
    %store/vec4 v0x7f77b4319a10_0, 0, 1;
    %pushi/vec4 0, 0, 1;
    %ix/getv 4, v0x7f77b431a830_0;
    %store/vec4 v0x7f77b4334420_0, 4, 1;
    %load/vec4 v0x7f77b4334420_0;
    %or/r;
    %flag_set/vec4 8;
    %jmp/0xz  T_36.26, 8;
    %alloc S_0x7f77b4323230;
    %load/vec4 v0x7f77b4334420_0;
    %store/vec4 v0x7f77b4314b50_0, 0, 8;
    %callf/vec4 TD_elevator_group_tb.dut.gen_lifts\x5B1\x5D.u_lift.scan_highest_request, S_0x7f77b4323230;
    %free S_0x7f77b4323230;
    %store/vec4 v0x7f77b4311890_0, 0, 3;
    %alloc S_0x7f77b431c5e0;
    %load/vec4 v0x7f77b4334420_0;
    %store/vec4 v0x7f77b431ae00_0, 0, 8;
    %callf/vec4 TD_elevator_group_tb.dut.gen_lifts\x5B1\x5D.u_lift.scan_lowest_request, S_0x7f77b431c5e0;
    %free S_0x7f77b431c5e0;
    %store/vec4 v0x7f77b4311570_0, 0, 3;
    %jmp T_36.27;
T_36.26 ;
    %pushi/vec4 0, 0, 3;
    %store/vec4 v0x7f77b4311890_0, 0, 3;
    %pushi/vec4 7, 0, 3;
    %store/vec4 v0x7f77b4311570_0, 0, 3;
T_36.27 ;
    %pushi/vec4 4, 0, 3;
    %store/vec4 v0x7f77b430fad0_0, 0, 3;
    %jmp T_36.25;
T_36.24 ;
    %load/vec4 v0x7f77b430a530_0;
    %flag_set/vec4 8;
    %jmp/0xz  T_36.28, 8;
    %load/vec4 v0x7f77b4319d30_0;
    %flag_set/vec4 10;
    %flag_get/vec4 10;
    %jmp/0 T_36.33, 10;
    %load/vec4 v0x7f77b431a830_0;
    %load/vec4 v0x7f77b4311920_0;
    %cmp/u;
    %flag_get/vec4 5;
    %and;
T_36.33;
    %flag_set/vec4 9;
    %flag_get/vec4 9;
    %jmp/0 T_36.32, 9;
    %load/vec4 v0x7f77b4310880_0;
    %and;
T_36.32;
    %flag_set/vec4 8;
    %jmp/0xz  T_36.30, 8;
    %pushi/vec4 3, 0, 3;
    %store/vec4 v0x7f77b43346f0_0, 0, 3;
    %pushi/vec4 0, 0, 1;
    %store/vec4 v0x7f77b4311c40_0, 0, 1;
    %jmp T_36.31;
T_36.30 ;
    %load/vec4 v0x7f77b431a0e0_0;
    %flag_set/vec4 10;
    %flag_get/vec4 10;
    %jmp/0 T_36.37, 10;
    %load/vec4 v0x7f77b4310220_0;
    %load/vec4 v0x7f77b431a830_0;
    %cmp/u;
    %flag_get/vec4 5;
    %and;
T_36.37;
    %flag_set/vec4 9;
    %flag_get/vec4 9;
    %jmp/0 T_36.36, 9;
    %load/vec4 v0x7f77b43107f0_0;
    %and;
T_36.36;
    %flag_set/vec4 8;
    %jmp/0xz  T_36.34, 8;
    %pushi/vec4 4, 0, 3;
    %store/vec4 v0x7f77b43346f0_0, 0, 3;
    %pushi/vec4 0, 0, 1;
    %store/vec4 v0x7f77b4311c40_0, 0, 1;
    %jmp T_36.35;
T_36.34 ;
    %load/vec4 v0x7f77b4311920_0;
    %load/vec4 v0x7f77b431a830_0;
    %cmp/e;
    %flag_get/vec4 4;
    %jmp/0 T_36.40, 4;
    %load/vec4 v0x7f77b4310220_0;
    %load/vec4 v0x7f77b431a830_0;
    %cmp/u;
    %flag_get/vec4 5;
    %and;
T_36.40;
    %flag_set/vec4 8;
    %jmp/0xz  T_36.38, 8;
    %pushi/vec4 6, 0, 3;
    %store/vec4 v0x7f77b43346f0_0, 0, 3;
    %pushi/vec4 0, 0, 1;
    %store/vec4 v0x7f77b431a170_0, 0, 1;
    %pushi/vec4 1, 0, 1;
    %store/vec4 v0x7f77b430f050_0, 0, 1;
    %jmp T_36.39;
T_36.38 ;
    %load/vec4 v0x7f77b4310220_0;
    %load/vec4 v0x7f77b431a830_0;
    %cmp/e;
    %flag_get/vec4 4;
    %jmp/0 T_36.43, 4;
    %load/vec4 v0x7f77b431a830_0;
    %load/vec4 v0x7f77b4311920_0;
    %cmp/u;
    %flag_get/vec4 5;
    %and;
T_36.43;
    %flag_set/vec4 8;
    %jmp/0xz  T_36.41, 8;
    %pushi/vec4 5, 0, 3;
    %store/vec4 v0x7f77b43346f0_0, 0, 3;
    %pushi/vec4 1, 0, 1;
    %store/vec4 v0x7f77b431a170_0, 0, 1;
    %pushi/vec4 0, 0, 1;
    %store/vec4 v0x7f77b430f050_0, 0, 1;
    %jmp T_36.42;
T_36.41 ;
    %load/vec4 v0x7f77b431a830_0;
    %load/vec4 v0x7f77b4311920_0;
    %cmp/u;
    %flag_get/vec4 5;
    %jmp/0 T_36.46, 5;
    %load/vec4 v0x7f77b4310880_0;
    %and;
T_36.46;
    %flag_set/vec4 8;
    %jmp/0xz  T_36.44, 8;
    %pushi/vec4 1, 0, 1;
    %store/vec4 v0x7f77b431a170_0, 0, 1;
    %pushi/vec4 0, 0, 1;
    %store/vec4 v0x7f77b430f050_0, 0, 1;
    %pushi/vec4 3, 0, 3;
    %store/vec4 v0x7f77b43346f0_0, 0, 3;
    %pushi/vec4 0, 0, 1;
    %store/vec4 v0x7f77b4311c40_0, 0, 1;
    %jmp T_36.45;
T_36.44 ;
    %load/vec4 v0x7f77b4310220_0;
    %load/vec4 v0x7f77b431a830_0;
    %cmp/u;
    %flag_get/vec4 5;
    %jmp/0 T_36.49, 5;
    %load/vec4 v0x7f77b43107f0_0;
    %and;
T_36.49;
    %flag_set/vec4 8;
    %jmp/0xz  T_36.47, 8;
    %pushi/vec4 0, 0, 1;
    %store/vec4 v0x7f77b431a170_0, 0, 1;
    %pushi/vec4 1, 0, 1;
    %store/vec4 v0x7f77b430f050_0, 0, 1;
    %pushi/vec4 4, 0, 3;
    %store/vec4 v0x7f77b43346f0_0, 0, 3;
    %pushi/vec4 0, 0, 1;
    %store/vec4 v0x7f77b4311c40_0, 0, 1;
T_36.47 ;
T_36.45 ;
T_36.42 ;
T_36.39 ;
T_36.35 ;
T_36.31 ;
T_36.28 ;
T_36.25 ;
    %jmp T_36.23;
T_36.17 ;
    %pushi/vec4 1, 0, 1;
    %store/vec4 v0x7f77b4311c40_0, 0, 1;
    %pushi/vec4 1, 0, 1;
    %store/vec4 v0x7f77b4319a10_0, 0, 1;
    %load/vec4 v0x7f77b4319dc0_0;
    %flag_set/vec4 8;
    %jmp/0xz  T_36.50, 8;
    %pushi/vec4 4, 0, 3;
    %store/vec4 v0x7f77b430fad0_0, 0, 3;
    %jmp T_36.51;
T_36.50 ;
    %load/vec4 v0x7f77b430fb60_0;
    %cmpi/ne 0, 0, 3;
    %jmp/0xz  T_36.52, 4;
    %load/vec4 v0x7f77b430fb60_0;
    %subi 1, 0, 3;
    %store/vec4 v0x7f77b430fad0_0, 0, 3;
T_36.52 ;
T_36.51 ;
    %load/vec4 v0x7f77b431bb80_0;
    %flag_set/vec4 8;
    %jmp/0xz  T_36.54, 8;
    %pushi/vec4 0, 0, 1;
    %ix/getv 4, v0x7f77b431a830_0;
    %store/vec4 v0x7f77b4334420_0, 4, 1;
    %load/vec4 v0x7f77b4334420_0;
    %or/r;
    %flag_set/vec4 8;
    %jmp/0xz  T_36.56, 8;
    %alloc S_0x7f77b4323230;
    %load/vec4 v0x7f77b4334420_0;
    %store/vec4 v0x7f77b4314b50_0, 0, 8;
    %callf/vec4 TD_elevator_group_tb.dut.gen_lifts\x5B1\x5D.u_lift.scan_highest_request, S_0x7f77b4323230;
    %free S_0x7f77b4323230;
    %store/vec4 v0x7f77b4311890_0, 0, 3;
    %alloc S_0x7f77b431c5e0;
    %load/vec4 v0x7f77b4334420_0;
    %store/vec4 v0x7f77b431ae00_0, 0, 8;
    %callf/vec4 TD_elevator_group_tb.dut.gen_lifts\x5B1\x5D.u_lift.scan_lowest_request, S_0x7f77b431c5e0;
    %free S_0x7f77b431c5e0;
    %store/vec4 v0x7f77b4311570_0, 0, 3;
    %jmp T_36.57;
T_36.56 ;
    %pushi/vec4 0, 0, 3;
    %store/vec4 v0x7f77b4311890_0, 0, 3;
    %pushi/vec4 7, 0, 3;
    %store/vec4 v0x7f77b4311570_0, 0, 3;
T_36.57 ;
    %pushi/vec4 4, 0, 3;
    %store/vec4 v0x7f77b430fad0_0, 0, 3;
    %jmp T_36.55;
T_36.54 ;
    %load/vec4 v0x7f77b430fb60_0;
    %cmpi/e 1, 0, 3;
    %flag_get/vec4 4;
    %jmp/0 T_36.60, 4;
    %load/vec4 v0x7f77b4319dc0_0;
    %nor/r;
    %and;
T_36.60;
    %flag_set/vec4 8;
    %jmp/0xz  T_36.58, 8;
    %pushi/vec4 1, 0, 3;
    %store/vec4 v0x7f77b43346f0_0, 0, 3;
    %pushi/vec4 0, 0, 1;
    %store/vec4 v0x7f77b4319a10_0, 0, 1;
    %pushi/vec4 0, 0, 3;
    %store/vec4 v0x7f77b430fad0_0, 0, 3;
T_36.58 ;
T_36.55 ;
    %jmp T_36.23;
T_36.18 ;
    %pushi/vec4 0, 0, 1;
    %store/vec4 v0x7f77b4311c40_0, 0, 1;
    %pushi/vec4 0, 0, 1;
    %store/vec4 v0x7f77b4319a10_0, 0, 1;
    %load/vec4 v0x7f77b431bb80_0;
    %flag_set/vec4 8;
    %jmp/0xz  T_36.61, 8;
    %pushi/vec4 2, 0, 3;
    %store/vec4 v0x7f77b43346f0_0, 0, 3;
    %pushi/vec4 1, 0, 1;
    %store/vec4 v0x7f77b4319a10_0, 0, 1;
    %pushi/vec4 1, 0, 1;
    %store/vec4 v0x7f77b4311c40_0, 0, 1;
    %pushi/vec4 0, 0, 1;
    %ix/getv 4, v0x7f77b431a830_0;
    %store/vec4 v0x7f77b4334420_0, 4, 1;
    %load/vec4 v0x7f77b4334420_0;
    %or/r;
    %flag_set/vec4 8;
    %jmp/0xz  T_36.63, 8;
    %alloc S_0x7f77b4323230;
    %load/vec4 v0x7f77b4334420_0;
    %store/vec4 v0x7f77b4314b50_0, 0, 8;
    %callf/vec4 TD_elevator_group_tb.dut.gen_lifts\x5B1\x5D.u_lift.scan_highest_request, S_0x7f77b4323230;
    %free S_0x7f77b4323230;
    %store/vec4 v0x7f77b4311890_0, 0, 3;
    %alloc S_0x7f77b431c5e0;
    %load/vec4 v0x7f77b4334420_0;
    %store/vec4 v0x7f77b431ae00_0, 0, 8;
    %callf/vec4 TD_elevator_group_tb.dut.gen_lifts\x5B1\x5D.u_lift.scan_lowest_request, S_0x7f77b431c5e0;
    %free S_0x7f77b431c5e0;
    %store/vec4 v0x7f77b4311570_0, 0, 3;
    %jmp T_36.64;
T_36.63 ;
    %pushi/vec4 0, 0, 3;
    %store/vec4 v0x7f77b4311890_0, 0, 3;
    %pushi/vec4 7, 0, 3;
    %store/vec4 v0x7f77b4311570_0, 0, 3;
T_36.64 ;
    %pushi/vec4 4, 0, 3;
    %store/vec4 v0x7f77b430fad0_0, 0, 3;
    %jmp T_36.62;
T_36.61 ;
    %load/vec4 v0x7f77b4310880_0;
    %flag_set/vec4 8;
    %jmp/0xz  T_36.65, 8;
    %load/vec4 v0x7f77b431a830_0;
    %addi 1, 0, 3;
    %store/vec4 v0x7f77b431baf0_0, 0, 3;
    %jmp T_36.66;
T_36.65 ;
    %pushi/vec4 1, 0, 3;
    %store/vec4 v0x7f77b43346f0_0, 0, 3;
    %pushi/vec4 1, 0, 1;
    %store/vec4 v0x7f77b4311c40_0, 0, 1;
    %pushi/vec4 0, 0, 1;
    %store/vec4 v0x7f77b431a170_0, 0, 1;
    %pushi/vec4 1, 0, 1;
    %store/vec4 v0x7f77b430f050_0, 0, 1;
T_36.66 ;
T_36.62 ;
    %jmp T_36.23;
T_36.19 ;
    %pushi/vec4 0, 0, 1;
    %store/vec4 v0x7f77b4311c40_0, 0, 1;
    %pushi/vec4 0, 0, 1;
    %store/vec4 v0x7f77b4319a10_0, 0, 1;
    %load/vec4 v0x7f77b431bb80_0;
    %flag_set/vec4 8;
    %jmp/0xz  T_36.67, 8;
    %pushi/vec4 2, 0, 3;
    %store/vec4 v0x7f77b43346f0_0, 0, 3;
    %pushi/vec4 1, 0, 1;
    %store/vec4 v0x7f77b4319a10_0, 0, 1;
    %pushi/vec4 1, 0, 1;
    %store/vec4 v0x7f77b4311c40_0, 0, 1;
    %pushi/vec4 0, 0, 1;
    %ix/getv 4, v0x7f77b431a830_0;
    %store/vec4 v0x7f77b4334420_0, 4, 1;
    %load/vec4 v0x7f77b4334420_0;
    %or/r;
    %flag_set/vec4 8;
    %jmp/0xz  T_36.69, 8;
    %alloc S_0x7f77b4323230;
    %load/vec4 v0x7f77b4334420_0;
    %store/vec4 v0x7f77b4314b50_0, 0, 8;
    %callf/vec4 TD_elevator_group_tb.dut.gen_lifts\x5B1\x5D.u_lift.scan_highest_request, S_0x7f77b4323230;
    %free S_0x7f77b4323230;
    %store/vec4 v0x7f77b4311890_0, 0, 3;
    %alloc S_0x7f77b431c5e0;
    %load/vec4 v0x7f77b4334420_0;
    %store/vec4 v0x7f77b431ae00_0, 0, 8;
    %callf/vec4 TD_elevator_group_tb.dut.gen_lifts\x5B1\x5D.u_lift.scan_lowest_request, S_0x7f77b431c5e0;
    %free S_0x7f77b431c5e0;
    %store/vec4 v0x7f77b4311570_0, 0, 3;
    %jmp T_36.70;
T_36.69 ;
    %pushi/vec4 0, 0, 3;
    %store/vec4 v0x7f77b4311890_0, 0, 3;
    %pushi/vec4 7, 0, 3;
    %store/vec4 v0x7f77b4311570_0, 0, 3;
T_36.70 ;
    %pushi/vec4 4, 0, 3;
    %store/vec4 v0x7f77b430fad0_0, 0, 3;
    %jmp T_36.68;
T_36.67 ;
    %load/vec4 v0x7f77b43107f0_0;
    %flag_set/vec4 8;
    %jmp/0xz  T_36.71, 8;
    %load/vec4 v0x7f77b431a830_0;
    %subi 1, 0, 3;
    %store/vec4 v0x7f77b431baf0_0, 0, 3;
    %jmp T_36.72;
T_36.71 ;
    %pushi/vec4 1, 0, 3;
    %store/vec4 v0x7f77b43346f0_0, 0, 3;
    %pushi/vec4 1, 0, 1;
    %store/vec4 v0x7f77b4311c40_0, 0, 1;
    %pushi/vec4 1, 0, 1;
    %store/vec4 v0x7f77b431a170_0, 0, 1;
    %pushi/vec4 0, 0, 1;
    %store/vec4 v0x7f77b430f050_0, 0, 1;
T_36.72 ;
T_36.68 ;
    %jmp T_36.23;
T_36.20 ;
    %pushi/vec4 1, 0, 1;
    %store/vec4 v0x7f77b431a170_0, 0, 1;
    %pushi/vec4 0, 0, 1;
    %store/vec4 v0x7f77b430f050_0, 0, 1;
    %pushi/vec4 2, 0, 3;
    %store/vec4 v0x7f77b43346f0_0, 0, 3;
    %pushi/vec4 1, 0, 1;
    %store/vec4 v0x7f77b4319a10_0, 0, 1;
    %pushi/vec4 1, 0, 1;
    %store/vec4 v0x7f77b4311c40_0, 0, 1;
    %load/vec4 v0x7f77b431bb80_0;
    %flag_set/vec4 8;
    %jmp/0xz  T_36.73, 8;
    %pushi/vec4 0, 0, 1;
    %ix/getv 4, v0x7f77b431a830_0;
    %store/vec4 v0x7f77b4334420_0, 4, 1;
    %load/vec4 v0x7f77b4334420_0;
    %or/r;
    %flag_set/vec4 8;
    %jmp/0xz  T_36.75, 8;
    %alloc S_0x7f77b4323230;
    %load/vec4 v0x7f77b4334420_0;
    %store/vec4 v0x7f77b4314b50_0, 0, 8;
    %callf/vec4 TD_elevator_group_tb.dut.gen_lifts\x5B1\x5D.u_lift.scan_highest_request, S_0x7f77b4323230;
    %free S_0x7f77b4323230;
    %store/vec4 v0x7f77b4311890_0, 0, 3;
    %alloc S_0x7f77b431c5e0;
    %load/vec4 v0x7f77b4334420_0;
    %store/vec4 v0x7f77b431ae00_0, 0, 8;
    %callf/vec4 TD_elevator_group_tb.dut.gen_lifts\x5B1\x5D.u_lift.scan_lowest_request, S_0x7f77b431c5e0;
    %free S_0x7f77b431c5e0;
    %store/vec4 v0x7f77b4311570_0, 0, 3;
    %jmp T_36.76;
T_36.75 ;
    %pushi/vec4 0, 0, 3;
    %store/vec4 v0x7f77b4311890_0, 0, 3;
    %pushi/vec4 7, 0, 3;
    %store/vec4 v0x7f77b4311570_0, 0, 3;
T_36.76 ;
T_36.73 ;
    %pushi/vec4 4, 0, 3;
    %store/vec4 v0x7f77b430fad0_0, 0, 3;
    %jmp T_36.23;
T_36.21 ;
    %pushi/vec4 0, 0, 1;
    %store/vec4 v0x7f77b431a170_0, 0, 1;
    %pushi/vec4 1, 0, 1;
    %store/vec4 v0x7f77b430f050_0, 0, 1;
    %pushi/vec4 2, 0, 3;
    %store/vec4 v0x7f77b43346f0_0, 0, 3;
    %pushi/vec4 1, 0, 1;
    %store/vec4 v0x7f77b4319a10_0, 0, 1;
    %pushi/vec4 1, 0, 1;
    %store/vec4 v0x7f77b4311c40_0, 0, 1;
    %load/vec4 v0x7f77b431bb80_0;
    %flag_set/vec4 8;
    %jmp/0xz  T_36.77, 8;
    %pushi/vec4 0, 0, 1;
    %ix/getv 4, v0x7f77b431a830_0;
    %store/vec4 v0x7f77b4334420_0, 4, 1;
    %load/vec4 v0x7f77b4334420_0;
    %or/r;
    %flag_set/vec4 8;
    %jmp/0xz  T_36.79, 8;
    %alloc S_0x7f77b4323230;
    %load/vec4 v0x7f77b4334420_0;
    %store/vec4 v0x7f77b4314b50_0, 0, 8;
    %callf/vec4 TD_elevator_group_tb.dut.gen_lifts\x5B1\x5D.u_lift.scan_highest_request, S_0x7f77b4323230;
    %free S_0x7f77b4323230;
    %store/vec4 v0x7f77b4311890_0, 0, 3;
    %alloc S_0x7f77b431c5e0;
    %load/vec4 v0x7f77b4334420_0;
    %store/vec4 v0x7f77b431ae00_0, 0, 8;
    %callf/vec4 TD_elevator_group_tb.dut.gen_lifts\x5B1\x5D.u_lift.scan_lowest_request, S_0x7f77b431c5e0;
    %free S_0x7f77b431c5e0;
    %store/vec4 v0x7f77b4311570_0, 0, 3;
    %jmp T_36.80;
T_36.79 ;
    %pushi/vec4 0, 0, 3;
    %store/vec4 v0x7f77b4311890_0, 0, 3;
    %pushi/vec4 7, 0, 3;
    %store/vec4 v0x7f77b4311570_0, 0, 3;
T_36.80 ;
T_36.77 ;
    %pushi/vec4 4, 0, 3;
    %store/vec4 v0x7f77b430fad0_0, 0, 3;
    %jmp T_36.23;
T_36.23 ;
    %pop/vec4 1;
T_36.13 ;
T_36.9 ;
T_36.7 ;
    %end;
    .scope S_0x7f77b2f59ab0;
t_36 %join;
    %jmp T_36;
    .thread T_36, $push;
    .scope S_0x7f77b2f59ab0;
T_37 ;
    %wait E_0x7f77b2f47580;
    %load/vec4 v0x7f77b4334540_0;
    %flag_set/vec4 8;
    %jmp/0xz  T_37.0, 8;
    %pushi/vec4 0, 0, 3;
    %assign/vec4 v0x7f77b4334780_0, 0;
    %pushi/vec4 0, 0, 8;
    %assign/vec4 v0x7f77b43344b0_0, 0;
    %pushi/vec4 0, 0, 3;
    %assign/vec4 v0x7f77b4311920_0, 0;
    %pushi/vec4 7, 0, 3;
    %assign/vec4 v0x7f77b4310220_0, 0;
    %pushi/vec4 0, 0, 3;
    %assign/vec4 v0x7f77b431a830_0, 0;
    %pushi/vec4 1, 0, 1;
    %assign/vec4 v0x7f77b4319d30_0, 0;
    %pushi/vec4 0, 0, 1;
    %assign/vec4 v0x7f77b431a0e0_0, 0;
    %pushi/vec4 0, 0, 1;
    %assign/vec4 v0x7f77b4309370_0, 0;
    %pushi/vec4 1, 0, 1;
    %assign/vec4 v0x7f77b4311cd0_0, 0;
    %pushi/vec4 0, 0, 3;
    %assign/vec4 v0x7f77b430fb60_0, 0;
    %pushi/vec4 0, 0, 1;
    %assign/vec4 v0x7f77b430f370_0, 0;
    %pushi/vec4 1, 0, 1;
    %assign/vec4 v0x7f77b431c2e0_0, 0;
    %pushi/vec4 0, 0, 1;
    %assign/vec4 v0x7f77b431a510_0, 0;
    %pushi/vec4 1, 0, 3;
    %assign/vec4 v0x7f77b431bf30_0, 0;
    %jmp T_37.1;
T_37.0 ;
    %load/vec4 v0x7f77b43346f0_0;
    %assign/vec4 v0x7f77b4334780_0, 0;
    %load/vec4 v0x7f77b4334420_0;
    %assign/vec4 v0x7f77b43344b0_0, 0;
    %load/vec4 v0x7f77b4311890_0;
    %assign/vec4 v0x7f77b4311920_0, 0;
    %load/vec4 v0x7f77b4311570_0;
    %assign/vec4 v0x7f77b4310220_0, 0;
    %load/vec4 v0x7f77b431baf0_0;
    %assign/vec4 v0x7f77b431a830_0, 0;
    %load/vec4 v0x7f77b431a170_0;
    %assign/vec4 v0x7f77b4319d30_0, 0;
    %load/vec4 v0x7f77b430f050_0;
    %assign/vec4 v0x7f77b431a0e0_0, 0;
    %load/vec4 v0x7f77b4319a10_0;
    %assign/vec4 v0x7f77b4309370_0, 0;
    %load/vec4 v0x7f77b4311c40_0;
    %assign/vec4 v0x7f77b4311cd0_0, 0;
    %load/vec4 v0x7f77b430fad0_0;
    %assign/vec4 v0x7f77b430fb60_0, 0;
    %load/vec4 v0x7f77b430f7b0_0;
    %assign/vec4 v0x7f77b430f370_0, 0;
    %load/vec4 v0x7f77b431c250_0;
    %assign/vec4 v0x7f77b431c2e0_0, 0;
    %load/vec4 v0x7f77b431a480_0;
    %assign/vec4 v0x7f77b431a510_0, 0;
    %load/vec4 v0x7f77b431bea0_0;
    %assign/vec4 v0x7f77b431bf30_0, 0;
T_37.1 ;
    %jmp T_37;
    .thread T_37;
    .scope S_0x7f77b4334c00;
T_38 ;
Ewait_3 .event/or E_0x7f77b4331f10, E_0x0;
    %wait Ewait_3;
    %fork t_39, S_0x7f77b43353b0;
    %jmp t_38;
    .scope S_0x7f77b43353b0;
t_39 ;
    %load/vec4 v0x7f77b4339d90_0;
    %store/vec4 v0x7f77b4339d00_0, 0, 3;
    %load/vec4 v0x7f77b4339a60_0;
    %store/vec4 v0x7f77b43399b0_0, 0, 8;
    %load/vec4 v0x7f77b43391c0_0;
    %store/vec4 v0x7f77b4339110_0, 0, 3;
    %load/vec4 v0x7f77b43393d0_0;
    %store/vec4 v0x7f77b4339320_0, 0, 3;
    %load/vec4 v0x7f77b4338b70_0;
    %store/vec4 v0x7f77b4338a20_0, 0, 3;
    %load/vec4 v0x7f77b4337e80_0;
    %store/vec4 v0x7f77b4337de0_0, 0, 1;
    %load/vec4 v0x7f77b4337d50_0;
    %store/vec4 v0x7f77b4337cc0_0, 0, 1;
    %load/vec4 v0x7f77b4338100_0;
    %store/vec4 v0x7f77b4338060_0, 0, 1;
    %load/vec4 v0x7f77b4339070_0;
    %store/vec4 v0x7f77b4338fd0_0, 0, 1;
    %load/vec4 v0x7f77b4338320_0;
    %store/vec4 v0x7f77b4338290_0, 0, 3;
    %load/vec4 v0x7f77b4338500_0;
    %store/vec4 v0x7f77b4338460_0, 0, 1;
    %load/vec4 v0x7f77b4338820_0;
    %store/vec4 v0x7f77b4338780_0, 0, 1;
    %load/vec4 v0x7f77b43386e0_0;
    %store/vec4 v0x7f77b4338640_0, 0, 1;
    %load/vec4 v0x7f77b4338970_0;
    %store/vec4 v0x7f77b43388c0_0, 0, 3;
    %load/vec4 v0x7f77b4339a60_0;
    %load/vec4 v0x7f77b4338b70_0;
    %part/u 1;
    %store/vec4 v0x7f77b4338ad0_0, 0, 1;
    %load/vec4 v0x7f77b4339a60_0;
    %or/r;
    %store/vec4 v0x7f77b4337760_0, 0, 1;
    %load/vec4 v0x7f77b4338b70_0;
    %cmpi/u 7, 0, 3;
    %flag_get/vec4 5;
    %jmp/0 T_38.0, 5;
    %load/vec4 v0x7f77b4339e20_0;
    %nor/r;
    %and;
T_38.0;
    %store/vec4 v0x7f77b4337a40_0, 0, 1;
    %load/vec4 v0x7f77b4338b70_0;
    %cmpi/u 0, 0, 3;
    %flag_or 5, 4; GT is !LE
    %flag_inv 5;
    %flag_get/vec4 5;
    %jmp/0 T_38.1, 5;
    %load/vec4 v0x7f77b4337810_0;
    %nor/r;
    %and;
T_38.1;
    %store/vec4 v0x7f77b43379a0_0, 0, 1;
    %alloc S_0x7f77b4335840;
    %load/vec4 v0x7f77b43378b0_0;
    %load/vec4 v0x7f77b4338eb0_0;
    %load/vec4 v0x7f77b43381b0_0;
    %load/vec4 v0x7f77b4339910_0;
    %load/vec4 v0x7f77b43397c0_0;
    %load/vec4 v0x7f77b4339720_0;
    %load/vec4 v0x7f77b4339870_0;
    %load/vec4 v0x7f77b4338b70_0;
    %load/vec4 v0x7f77b4337e80_0;
    %load/vec4 v0x7f77b4337d50_0;
    %load/vec4 v0x7f77b4339070_0;
    %store/vec4 v0x7f77b4335f10_0, 0, 1;
    %store/vec4 v0x7f77b4335d60_0, 0, 1;
    %store/vec4 v0x7f77b4335df0_0, 0, 1;
    %store/vec4 v0x7f77b4335e80_0, 0, 3;
    %store/vec4 v0x7f77b4336270_0, 0, 1;
    %store/vec4 v0x7f77b4336150_0, 0, 1;
    %store/vec4 v0x7f77b43361e0_0, 0, 3;
    %store/vec4 v0x7f77b4336300_0, 0, 1;
    %store/vec4 v0x7f77b4335fa0_0, 0, 8;
    %store/vec4 v0x7f77b4336030_0, 0, 8;
    %store/vec4 v0x7f77b4335c40_0, 0, 8;
    %callf/vec4 TD_elevator_group_tb.dut.gen_lifts\x5B2\x5D.u_lift.collect_new_requests, S_0x7f77b4335840;
    %free S_0x7f77b4335840;
    %store/vec4 v0x7f77b4335520_0, 0, 8;
    %load/vec4 v0x7f77b4335520_0;
    %or/r;
    %flag_set/vec4 8;
    %jmp/0xz  T_38.2, 8;
    %load/vec4 v0x7f77b4339a60_0;
    %load/vec4 v0x7f77b4335520_0;
    %or;
    %store/vec4 v0x7f77b43399b0_0, 0, 8;
    %load/vec4 v0x7f77b43399b0_0;
    %or/r;
    %flag_set/vec4 8;
    %jmp/0xz  T_38.4, 8;
    %alloc S_0x7f77b4336980;
    %load/vec4 v0x7f77b43399b0_0;
    %store/vec4 v0x7f77b4336d80_0, 0, 8;
    %callf/vec4 TD_elevator_group_tb.dut.gen_lifts\x5B2\x5D.u_lift.scan_highest_request, S_0x7f77b4336980;
    %free S_0x7f77b4336980;
    %store/vec4 v0x7f77b4339110_0, 0, 3;
    %alloc S_0x7f77b4336f30;
    %load/vec4 v0x7f77b43399b0_0;
    %store/vec4 v0x7f77b43373d0_0, 0, 8;
    %callf/vec4 TD_elevator_group_tb.dut.gen_lifts\x5B2\x5D.u_lift.scan_lowest_request, S_0x7f77b4336f30;
    %free S_0x7f77b4336f30;
    %store/vec4 v0x7f77b4339320_0, 0, 3;
    %jmp T_38.5;
T_38.4 ;
    %pushi/vec4 0, 0, 3;
    %store/vec4 v0x7f77b4339110_0, 0, 3;
    %pushi/vec4 7, 0, 3;
    %store/vec4 v0x7f77b4339320_0, 0, 3;
T_38.5 ;
T_38.2 ;
    %load/vec4 v0x7f77b4339b10_0;
    %flag_set/vec4 8;
    %jmp/0xz  T_38.6, 8;
    %pushi/vec4 0, 0, 3;
    %store/vec4 v0x7f77b4339d00_0, 0, 3;
    %pushi/vec4 0, 0, 8;
    %store/vec4 v0x7f77b43399b0_0, 0, 8;
    %pushi/vec4 0, 0, 3;
    %store/vec4 v0x7f77b4339110_0, 0, 3;
    %pushi/vec4 7, 0, 3;
    %store/vec4 v0x7f77b4339320_0, 0, 3;
    %pushi/vec4 0, 0, 3;
    %store/vec4 v0x7f77b4338a20_0, 0, 3;
    %pushi/vec4 1, 0, 1;
    %store/vec4 v0x7f77b4337de0_0, 0, 1;
    %pushi/vec4 0, 0, 1;
    %store/vec4 v0x7f77b4337cc0_0, 0, 1;
    %pushi/vec4 0, 0, 1;
    %store/vec4 v0x7f77b4338060_0, 0, 1;
    %pushi/vec4 1, 0, 1;
    %store/vec4 v0x7f77b4338fd0_0, 0, 1;
    %pushi/vec4 0, 0, 3;
    %store/vec4 v0x7f77b4338290_0, 0, 3;
    %pushi/vec4 0, 0, 1;
    %store/vec4 v0x7f77b4338460_0, 0, 1;
    %jmp T_38.7;
T_38.6 ;
    %load/vec4 v0x7f77b43383c0_0;
    %flag_set/vec4 8;
    %jmp/0xz  T_38.8, 8;
    %load/vec4 v0x7f77b4338500_0;
    %nor/r;
    %flag_set/vec4 8;
    %jmp/0xz  T_38.10, 8;
    %load/vec4 v0x7f77b4337e80_0;
    %store/vec4 v0x7f77b4338780_0, 0, 1;
    %load/vec4 v0x7f77b4337d50_0;
    %store/vec4 v0x7f77b4338640_0, 0, 1;
    %load/vec4 v0x7f77b4339d90_0;
    %store/vec4 v0x7f77b43388c0_0, 0, 3;
T_38.10 ;
    %pushi/vec4 1, 0, 1;
    %store/vec4 v0x7f77b4338460_0, 0, 1;
    %pushi/vec4 1, 0, 3;
    %store/vec4 v0x7f77b4339d00_0, 0, 3;
    %pushi/vec4 0, 0, 1;
    %store/vec4 v0x7f77b4338060_0, 0, 1;
    %pushi/vec4 1, 0, 1;
    %store/vec4 v0x7f77b4338fd0_0, 0, 1;
    %pushi/vec4 0, 0, 3;
    %store/vec4 v0x7f77b4338290_0, 0, 3;
    %jmp T_38.9;
T_38.8 ;
    %load/vec4 v0x7f77b4338500_0;
    %flag_set/vec4 8;
    %jmp/0xz  T_38.12, 8;
    %pushi/vec4 0, 0, 1;
    %store/vec4 v0x7f77b4338460_0, 0, 1;
    %load/vec4 v0x7f77b4338820_0;
    %store/vec4 v0x7f77b4337de0_0, 0, 1;
    %load/vec4 v0x7f77b43386e0_0;
    %store/vec4 v0x7f77b4337cc0_0, 0, 1;
    %load/vec4 v0x7f77b4338970_0;
    %store/vec4 v0x7f77b4339d00_0, 0, 3;
    %load/vec4 v0x7f77b4338970_0;
    %cmpi/ne 3, 0, 3;
    %flag_get/vec4 4;
    %jmp/0 T_38.14, 4;
    %load/vec4 v0x7f77b4338970_0;
    %pushi/vec4 4, 0, 3;
    %cmp/ne;
    %flag_get/vec4 4;
    %and;
T_38.14;
    %store/vec4 v0x7f77b4338fd0_0, 0, 1;
    %jmp T_38.13;
T_38.12 ;
    %load/vec4 v0x7f77b4339d90_0;
    %dup/vec4;
    %pushi/vec4 0, 0, 3;
    %cmp/u;
    %jmp/1 T_38.15, 6;
    %dup/vec4;
    %pushi/vec4 1, 0, 3;
    %cmp/u;
    %jmp/1 T_38.16, 6;
    %dup/vec4;
    %pushi/vec4 2, 0, 3;
    %cmp/u;
    %jmp/1 T_38.17, 6;
    %dup/vec4;
    %pushi/vec4 3, 0, 3;
    %cmp/u;
    %jmp/1 T_38.18, 6;
    %dup/vec4;
    %pushi/vec4 4, 0, 3;
    %cmp/u;
    %jmp/1 T_38.19, 6;
    %dup/vec4;
    %pushi/vec4 5, 0, 3;
    %cmp/u;
    %jmp/1 T_38.20, 6;
    %dup/vec4;
    %pushi/vec4 6, 0, 3;
    %cmp/u;
    %jmp/1 T_38.21, 6;
    %pushi/vec4 1, 0, 3;
    %store/vec4 v0x7f77b4339d00_0, 0, 3;
    %jmp T_38.23;
T_38.15 ;
    %pushi/vec4 1, 0, 1;
    %store/vec4 v0x7f77b4338fd0_0, 0, 1;
    %pushi/vec4 0, 0, 1;
    %store/vec4 v0x7f77b4338060_0, 0, 1;
    %pushi/vec4 1, 0, 1;
    %store/vec4 v0x7f77b4337de0_0, 0, 1;
    %pushi/vec4 0, 0, 1;
    %store/vec4 v0x7f77b4337cc0_0, 0, 1;
    %pushi/vec4 1, 0, 3;
    %store/vec4 v0x7f77b4339d00_0, 0, 3;
    %jmp T_38.23;
T_38.16 ;
    %pushi/vec4 1, 0, 1;
    %store/vec4 v0x7f77b4338fd0_0, 0, 1;
    %pushi/vec4 0, 0, 1;
    %store/vec4 v0x7f77b4338060_0, 0, 1;
    %pushi/vec4 0, 0, 3;
    %store/vec4 v0x7f77b4338290_0, 0, 3;
    %load/vec4 v0x7f77b4338ad0_0;
    %flag_set/vec4 8;
    %jmp/0xz  T_38.24, 8;
    %pushi/vec4 2, 0, 3;
    %store/vec4 v0x7f77b4339d00_0, 0, 3;
    %pushi/vec4 1, 0, 1;
    %store/vec4 v0x7f77b4338060_0, 0, 1;
    %pushi/vec4 0, 0, 1;
    %ix/getv 4, v0x7f77b4338b70_0;
    %store/vec4 v0x7f77b43399b0_0, 4, 1;
    %load/vec4 v0x7f77b43399b0_0;
    %or/r;
    %flag_set/vec4 8;
    %jmp/0xz  T_38.26, 8;
    %alloc S_0x7f77b4336980;
    %load/vec4 v0x7f77b43399b0_0;
    %store/vec4 v0x7f77b4336d80_0, 0, 8;
    %callf/vec4 TD_elevator_group_tb.dut.gen_lifts\x5B2\x5D.u_lift.scan_highest_request, S_0x7f77b4336980;
    %free S_0x7f77b4336980;
    %store/vec4 v0x7f77b4339110_0, 0, 3;
    %alloc S_0x7f77b4336f30;
    %load/vec4 v0x7f77b43399b0_0;
    %store/vec4 v0x7f77b43373d0_0, 0, 8;
    %callf/vec4 TD_elevator_group_tb.dut.gen_lifts\x5B2\x5D.u_lift.scan_lowest_request, S_0x7f77b4336f30;
    %free S_0x7f77b4336f30;
    %store/vec4 v0x7f77b4339320_0, 0, 3;
    %jmp T_38.27;
T_38.26 ;
    %pushi/vec4 0, 0, 3;
    %store/vec4 v0x7f77b4339110_0, 0, 3;
    %pushi/vec4 7, 0, 3;
    %store/vec4 v0x7f77b4339320_0, 0, 3;
T_38.27 ;
    %pushi/vec4 4, 0, 3;
    %store/vec4 v0x7f77b4338290_0, 0, 3;
    %jmp T_38.25;
T_38.24 ;
    %load/vec4 v0x7f77b4337760_0;
    %flag_set/vec4 8;
    %jmp/0xz  T_38.28, 8;
    %load/vec4 v0x7f77b4337e80_0;
    %flag_set/vec4 10;
    %flag_get/vec4 10;
    %jmp/0 T_38.33, 10;
    %load/vec4 v0x7f77b4338b70_0;
    %load/vec4 v0x7f77b43391c0_0;
    %cmp/u;
    %flag_get/vec4 5;
    %and;
T_38.33;
    %flag_set/vec4 9;
    %flag_get/vec4 9;
    %jmp/0 T_38.32, 9;
    %load/vec4 v0x7f77b4337a40_0;
    %and;
T_38.32;
    %flag_set/vec4 8;
    %jmp/0xz  T_38.30, 8;
    %pushi/vec4 3, 0, 3;
    %store/vec4 v0x7f77b4339d00_0, 0, 3;
    %pushi/vec4 0, 0, 1;
    %store/vec4 v0x7f77b4338fd0_0, 0, 1;
    %jmp T_38.31;
T_38.30 ;
    %load/vec4 v0x7f77b4337d50_0;
    %flag_set/vec4 10;
    %flag_get/vec4 10;
    %jmp/0 T_38.37, 10;
    %load/vec4 v0x7f77b43393d0_0;
    %load/vec4 v0x7f77b4338b70_0;
    %cmp/u;
    %flag_get/vec4 5;
    %and;
T_38.37;
    %flag_set/vec4 9;
    %flag_get/vec4 9;
    %jmp/0 T_38.36, 9;
    %load/vec4 v0x7f77b43379a0_0;
    %and;
T_38.36;
    %flag_set/vec4 8;
    %jmp/0xz  T_38.34, 8;
    %pushi/vec4 4, 0, 3;
    %store/vec4 v0x7f77b4339d00_0, 0, 3;
    %pushi/vec4 0, 0, 1;
    %store/vec4 v0x7f77b4338fd0_0, 0, 1;
    %jmp T_38.35;
T_38.34 ;
    %load/vec4 v0x7f77b43391c0_0;
    %load/vec4 v0x7f77b4338b70_0;
    %cmp/e;
    %flag_get/vec4 4;
    %jmp/0 T_38.40, 4;
    %load/vec4 v0x7f77b43393d0_0;
    %load/vec4 v0x7f77b4338b70_0;
    %cmp/u;
    %flag_get/vec4 5;
    %and;
T_38.40;
    %flag_set/vec4 8;
    %jmp/0xz  T_38.38, 8;
    %pushi/vec4 6, 0, 3;
    %store/vec4 v0x7f77b4339d00_0, 0, 3;
    %pushi/vec4 0, 0, 1;
    %store/vec4 v0x7f77b4337de0_0, 0, 1;
    %pushi/vec4 1, 0, 1;
    %store/vec4 v0x7f77b4337cc0_0, 0, 1;
    %jmp T_38.39;
T_38.38 ;
    %load/vec4 v0x7f77b43393d0_0;
    %load/vec4 v0x7f77b4338b70_0;
    %cmp/e;
    %flag_get/vec4 4;
    %jmp/0 T_38.43, 4;
    %load/vec4 v0x7f77b4338b70_0;
    %load/vec4 v0x7f77b43391c0_0;
    %cmp/u;
    %flag_get/vec4 5;
    %and;
T_38.43;
    %flag_set/vec4 8;
    %jmp/0xz  T_38.41, 8;
    %pushi/vec4 5, 0, 3;
    %store/vec4 v0x7f77b4339d00_0, 0, 3;
    %pushi/vec4 1, 0, 1;
    %store/vec4 v0x7f77b4337de0_0, 0, 1;
    %pushi/vec4 0, 0, 1;
    %store/vec4 v0x7f77b4337cc0_0, 0, 1;
    %jmp T_38.42;
T_38.41 ;
    %load/vec4 v0x7f77b4338b70_0;
    %load/vec4 v0x7f77b43391c0_0;
    %cmp/u;
    %flag_get/vec4 5;
    %jmp/0 T_38.46, 5;
    %load/vec4 v0x7f77b4337a40_0;
    %and;
T_38.46;
    %flag_set/vec4 8;
    %jmp/0xz  T_38.44, 8;
    %pushi/vec4 1, 0, 1;
    %store/vec4 v0x7f77b4337de0_0, 0, 1;
    %pushi/vec4 0, 0, 1;
    %store/vec4 v0x7f77b4337cc0_0, 0, 1;
    %pushi/vec4 3, 0, 3;
    %store/vec4 v0x7f77b4339d00_0, 0, 3;
    %pushi/vec4 0, 0, 1;
    %store/vec4 v0x7f77b4338fd0_0, 0, 1;
    %jmp T_38.45;
T_38.44 ;
    %load/vec4 v0x7f77b43393d0_0;
    %load/vec4 v0x7f77b4338b70_0;
    %cmp/u;
    %flag_get/vec4 5;
    %jmp/0 T_38.49, 5;
    %load/vec4 v0x7f77b43379a0_0;
    %and;
T_38.49;
    %flag_set/vec4 8;
    %jmp/0xz  T_38.47, 8;
    %pushi/vec4 0, 0, 1;
    %store/vec4 v0x7f77b4337de0_0, 0, 1;
    %pushi/vec4 1, 0, 1;
    %store/vec4 v0x7f77b4337cc0_0, 0, 1;
    %pushi/vec4 4, 0, 3;
    %store/vec4 v0x7f77b4339d00_0, 0, 3;
    %pushi/vec4 0, 0, 1;
    %store/vec4 v0x7f77b4338fd0_0, 0, 1;
T_38.47 ;
T_38.45 ;
T_38.42 ;
T_38.39 ;
T_38.35 ;
T_38.31 ;
T_38.28 ;
T_38.25 ;
    %jmp T_38.23;
T_38.17 ;
    %pushi/vec4 1, 0, 1;
    %store/vec4 v0x7f77b4338fd0_0, 0, 1;
    %pushi/vec4 1, 0, 1;
    %store/vec4 v0x7f77b4338060_0, 0, 1;
    %load/vec4 v0x7f77b4337f20_0;
    %flag_set/vec4 8;
    %jmp/0xz  T_38.50, 8;
    %pushi/vec4 4, 0, 3;
    %store/vec4 v0x7f77b4338290_0, 0, 3;
    %jmp T_38.51;
T_38.50 ;
    %load/vec4 v0x7f77b4338320_0;
    %cmpi/ne 0, 0, 3;
    %jmp/0xz  T_38.52, 4;
    %load/vec4 v0x7f77b4338320_0;
    %subi 1, 0, 3;
    %store/vec4 v0x7f77b4338290_0, 0, 3;
T_38.52 ;
T_38.51 ;
    %load/vec4 v0x7f77b4338ad0_0;
    %flag_set/vec4 8;
    %jmp/0xz  T_38.54, 8;
    %pushi/vec4 0, 0, 1;
    %ix/getv 4, v0x7f77b4338b70_0;
    %store/vec4 v0x7f77b43399b0_0, 4, 1;
    %load/vec4 v0x7f77b43399b0_0;
    %or/r;
    %flag_set/vec4 8;
    %jmp/0xz  T_38.56, 8;
    %alloc S_0x7f77b4336980;
    %load/vec4 v0x7f77b43399b0_0;
    %store/vec4 v0x7f77b4336d80_0, 0, 8;
    %callf/vec4 TD_elevator_group_tb.dut.gen_lifts\x5B2\x5D.u_lift.scan_highest_request, S_0x7f77b4336980;
    %free S_0x7f77b4336980;
    %store/vec4 v0x7f77b4339110_0, 0, 3;
    %alloc S_0x7f77b4336f30;
    %load/vec4 v0x7f77b43399b0_0;
    %store/vec4 v0x7f77b43373d0_0, 0, 8;
    %callf/vec4 TD_elevator_group_tb.dut.gen_lifts\x5B2\x5D.u_lift.scan_lowest_request, S_0x7f77b4336f30;
    %free S_0x7f77b4336f30;
    %store/vec4 v0x7f77b4339320_0, 0, 3;
    %jmp T_38.57;
T_38.56 ;
    %pushi/vec4 0, 0, 3;
    %store/vec4 v0x7f77b4339110_0, 0, 3;
    %pushi/vec4 7, 0, 3;
    %store/vec4 v0x7f77b4339320_0, 0, 3;
T_38.57 ;
    %pushi/vec4 4, 0, 3;
    %store/vec4 v0x7f77b4338290_0, 0, 3;
    %jmp T_38.55;
T_38.54 ;
    %load/vec4 v0x7f77b4338320_0;
    %cmpi/e 1, 0, 3;
    %flag_get/vec4 4;
    %jmp/0 T_38.60, 4;
    %load/vec4 v0x7f77b4337f20_0;
    %nor/r;
    %and;
T_38.60;
    %flag_set/vec4 8;
    %jmp/0xz  T_38.58, 8;
    %pushi/vec4 1, 0, 3;
    %store/vec4 v0x7f77b4339d00_0, 0, 3;
    %pushi/vec4 0, 0, 1;
    %store/vec4 v0x7f77b4338060_0, 0, 1;
    %pushi/vec4 0, 0, 3;
    %store/vec4 v0x7f77b4338290_0, 0, 3;
T_38.58 ;
T_38.55 ;
    %jmp T_38.23;
T_38.18 ;
    %pushi/vec4 0, 0, 1;
    %store/vec4 v0x7f77b4338fd0_0, 0, 1;
    %pushi/vec4 0, 0, 1;
    %store/vec4 v0x7f77b4338060_0, 0, 1;
    %load/vec4 v0x7f77b4338ad0_0;
    %flag_set/vec4 8;
    %jmp/0xz  T_38.61, 8;
    %pushi/vec4 2, 0, 3;
    %store/vec4 v0x7f77b4339d00_0, 0, 3;
    %pushi/vec4 1, 0, 1;
    %store/vec4 v0x7f77b4338060_0, 0, 1;
    %pushi/vec4 1, 0, 1;
    %store/vec4 v0x7f77b4338fd0_0, 0, 1;
    %pushi/vec4 0, 0, 1;
    %ix/getv 4, v0x7f77b4338b70_0;
    %store/vec4 v0x7f77b43399b0_0, 4, 1;
    %load/vec4 v0x7f77b43399b0_0;
    %or/r;
    %flag_set/vec4 8;
    %jmp/0xz  T_38.63, 8;
    %alloc S_0x7f77b4336980;
    %load/vec4 v0x7f77b43399b0_0;
    %store/vec4 v0x7f77b4336d80_0, 0, 8;
    %callf/vec4 TD_elevator_group_tb.dut.gen_lifts\x5B2\x5D.u_lift.scan_highest_request, S_0x7f77b4336980;
    %free S_0x7f77b4336980;
    %store/vec4 v0x7f77b4339110_0, 0, 3;
    %alloc S_0x7f77b4336f30;
    %load/vec4 v0x7f77b43399b0_0;
    %store/vec4 v0x7f77b43373d0_0, 0, 8;
    %callf/vec4 TD_elevator_group_tb.dut.gen_lifts\x5B2\x5D.u_lift.scan_lowest_request, S_0x7f77b4336f30;
    %free S_0x7f77b4336f30;
    %store/vec4 v0x7f77b4339320_0, 0, 3;
    %jmp T_38.64;
T_38.63 ;
    %pushi/vec4 0, 0, 3;
    %store/vec4 v0x7f77b4339110_0, 0, 3;
    %pushi/vec4 7, 0, 3;
    %store/vec4 v0x7f77b4339320_0, 0, 3;
T_38.64 ;
    %pushi/vec4 4, 0, 3;
    %store/vec4 v0x7f77b4338290_0, 0, 3;
    %jmp T_38.62;
T_38.61 ;
    %load/vec4 v0x7f77b4337a40_0;
    %flag_set/vec4 8;
    %jmp/0xz  T_38.65, 8;
    %load/vec4 v0x7f77b4338b70_0;
    %addi 1, 0, 3;
    %store/vec4 v0x7f77b4338a20_0, 0, 3;
    %jmp T_38.66;
T_38.65 ;
    %pushi/vec4 1, 0, 3;
    %store/vec4 v0x7f77b4339d00_0, 0, 3;
    %pushi/vec4 1, 0, 1;
    %store/vec4 v0x7f77b4338fd0_0, 0, 1;
    %pushi/vec4 0, 0, 1;
    %store/vec4 v0x7f77b4337de0_0, 0, 1;
    %pushi/vec4 1, 0, 1;
    %store/vec4 v0x7f77b4337cc0_0, 0, 1;
T_38.66 ;
T_38.62 ;
    %jmp T_38.23;
T_38.19 ;
    %pushi/vec4 0, 0, 1;
    %store/vec4 v0x7f77b4338fd0_0, 0, 1;
    %pushi/vec4 0, 0, 1;
    %store/vec4 v0x7f77b4338060_0, 0, 1;
    %load/vec4 v0x7f77b4338ad0_0;
    %flag_set/vec4 8;
    %jmp/0xz  T_38.67, 8;
    %pushi/vec4 2, 0, 3;
    %store/vec4 v0x7f77b4339d00_0, 0, 3;
    %pushi/vec4 1, 0, 1;
    %store/vec4 v0x7f77b4338060_0, 0, 1;
    %pushi/vec4 1, 0, 1;
    %store/vec4 v0x7f77b4338fd0_0, 0, 1;
    %pushi/vec4 0, 0, 1;
    %ix/getv 4, v0x7f77b4338b70_0;
    %store/vec4 v0x7f77b43399b0_0, 4, 1;
    %load/vec4 v0x7f77b43399b0_0;
    %or/r;
    %flag_set/vec4 8;
    %jmp/0xz  T_38.69, 8;
    %alloc S_0x7f77b4336980;
    %load/vec4 v0x7f77b43399b0_0;
    %store/vec4 v0x7f77b4336d80_0, 0, 8;
    %callf/vec4 TD_elevator_group_tb.dut.gen_lifts\x5B2\x5D.u_lift.scan_highest_request, S_0x7f77b4336980;
    %free S_0x7f77b4336980;
    %store/vec4 v0x7f77b4339110_0, 0, 3;
    %alloc S_0x7f77b4336f30;
    %load/vec4 v0x7f77b43399b0_0;
    %store/vec4 v0x7f77b43373d0_0, 0, 8;
    %callf/vec4 TD_elevator_group_tb.dut.gen_lifts\x5B2\x5D.u_lift.scan_lowest_request, S_0x7f77b4336f30;
    %free S_0x7f77b4336f30;
    %store/vec4 v0x7f77b4339320_0, 0, 3;
    %jmp T_38.70;
T_38.69 ;
    %pushi/vec4 0, 0, 3;
    %store/vec4 v0x7f77b4339110_0, 0, 3;
    %pushi/vec4 7, 0, 3;
    %store/vec4 v0x7f77b4339320_0, 0, 3;
T_38.70 ;
    %pushi/vec4 4, 0, 3;
    %store/vec4 v0x7f77b4338290_0, 0, 3;
    %jmp T_38.68;
T_38.67 ;
    %load/vec4 v0x7f77b43379a0_0;
    %flag_set/vec4 8;
    %jmp/0xz  T_38.71, 8;
    %load/vec4 v0x7f77b4338b70_0;
    %subi 1, 0, 3;
    %store/vec4 v0x7f77b4338a20_0, 0, 3;
    %jmp T_38.72;
T_38.71 ;
    %pushi/vec4 1, 0, 3;
    %store/vec4 v0x7f77b4339d00_0, 0, 3;
    %pushi/vec4 1, 0, 1;
    %store/vec4 v0x7f77b4338fd0_0, 0, 1;
    %pushi/vec4 1, 0, 1;
    %store/vec4 v0x7f77b4337de0_0, 0, 1;
    %pushi/vec4 0, 0, 1;
    %store/vec4 v0x7f77b4337cc0_0, 0, 1;
T_38.72 ;
T_38.68 ;
    %jmp T_38.23;
T_38.20 ;
    %pushi/vec4 1, 0, 1;
    %store/vec4 v0x7f77b4337de0_0, 0, 1;
    %pushi/vec4 0, 0, 1;
    %store/vec4 v0x7f77b4337cc0_0, 0, 1;
    %pushi/vec4 2, 0, 3;
    %store/vec4 v0x7f77b4339d00_0, 0, 3;
    %pushi/vec4 1, 0, 1;
    %store/vec4 v0x7f77b4338060_0, 0, 1;
    %pushi/vec4 1, 0, 1;
    %store/vec4 v0x7f77b4338fd0_0, 0, 1;
    %load/vec4 v0x7f77b4338ad0_0;
    %flag_set/vec4 8;
    %jmp/0xz  T_38.73, 8;
    %pushi/vec4 0, 0, 1;
    %ix/getv 4, v0x7f77b4338b70_0;
    %store/vec4 v0x7f77b43399b0_0, 4, 1;
    %load/vec4 v0x7f77b43399b0_0;
    %or/r;
    %flag_set/vec4 8;
    %jmp/0xz  T_38.75, 8;
    %alloc S_0x7f77b4336980;
    %load/vec4 v0x7f77b43399b0_0;
    %store/vec4 v0x7f77b4336d80_0, 0, 8;
    %callf/vec4 TD_elevator_group_tb.dut.gen_lifts\x5B2\x5D.u_lift.scan_highest_request, S_0x7f77b4336980;
    %free S_0x7f77b4336980;
    %store/vec4 v0x7f77b4339110_0, 0, 3;
    %alloc S_0x7f77b4336f30;
    %load/vec4 v0x7f77b43399b0_0;
    %store/vec4 v0x7f77b43373d0_0, 0, 8;
    %callf/vec4 TD_elevator_group_tb.dut.gen_lifts\x5B2\x5D.u_lift.scan_lowest_request, S_0x7f77b4336f30;
    %free S_0x7f77b4336f30;
    %store/vec4 v0x7f77b4339320_0, 0, 3;
    %jmp T_38.76;
T_38.75 ;
    %pushi/vec4 0, 0, 3;
    %store/vec4 v0x7f77b4339110_0, 0, 3;
    %pushi/vec4 7, 0, 3;
    %store/vec4 v0x7f77b4339320_0, 0, 3;
T_38.76 ;
T_38.73 ;
    %pushi/vec4 4, 0, 3;
    %store/vec4 v0x7f77b4338290_0, 0, 3;
    %jmp T_38.23;
T_38.21 ;
    %pushi/vec4 0, 0, 1;
    %store/vec4 v0x7f77b4337de0_0, 0, 1;
    %pushi/vec4 1, 0, 1;
    %store/vec4 v0x7f77b4337cc0_0, 0, 1;
    %pushi/vec4 2, 0, 3;
    %store/vec4 v0x7f77b4339d00_0, 0, 3;
    %pushi/vec4 1, 0, 1;
    %store/vec4 v0x7f77b4338060_0, 0, 1;
    %pushi/vec4 1, 0, 1;
    %store/vec4 v0x7f77b4338fd0_0, 0, 1;
    %load/vec4 v0x7f77b4338ad0_0;
    %flag_set/vec4 8;
    %jmp/0xz  T_38.77, 8;
    %pushi/vec4 0, 0, 1;
    %ix/getv 4, v0x7f77b4338b70_0;
    %store/vec4 v0x7f77b43399b0_0, 4, 1;
    %load/vec4 v0x7f77b43399b0_0;
    %or/r;
    %flag_set/vec4 8;
    %jmp/0xz  T_38.79, 8;
    %alloc S_0x7f77b4336980;
    %load/vec4 v0x7f77b43399b0_0;
    %store/vec4 v0x7f77b4336d80_0, 0, 8;
    %callf/vec4 TD_elevator_group_tb.dut.gen_lifts\x5B2\x5D.u_lift.scan_highest_request, S_0x7f77b4336980;
    %free S_0x7f77b4336980;
    %store/vec4 v0x7f77b4339110_0, 0, 3;
    %alloc S_0x7f77b4336f30;
    %load/vec4 v0x7f77b43399b0_0;
    %store/vec4 v0x7f77b43373d0_0, 0, 8;
    %callf/vec4 TD_elevator_group_tb.dut.gen_lifts\x5B2\x5D.u_lift.scan_lowest_request, S_0x7f77b4336f30;
    %free S_0x7f77b4336f30;
    %store/vec4 v0x7f77b4339320_0, 0, 3;
    %jmp T_38.80;
T_38.79 ;
    %pushi/vec4 0, 0, 3;
    %store/vec4 v0x7f77b4339110_0, 0, 3;
    %pushi/vec4 7, 0, 3;
    %store/vec4 v0x7f77b4339320_0, 0, 3;
T_38.80 ;
T_38.77 ;
    %pushi/vec4 4, 0, 3;
    %store/vec4 v0x7f77b4338290_0, 0, 3;
    %jmp T_38.23;
T_38.23 ;
    %pop/vec4 1;
T_38.13 ;
T_38.9 ;
T_38.7 ;
    %end;
    .scope S_0x7f77b4334c00;
t_38 %join;
    %jmp T_38;
    .thread T_38, $push;
    .scope S_0x7f77b4334c00;
T_39 ;
    %wait E_0x7f77b2f47580;
    %load/vec4 v0x7f77b4339b10_0;
    %flag_set/vec4 8;
    %jmp/0xz  T_39.0, 8;
    %pushi/vec4 0, 0, 3;
    %assign/vec4 v0x7f77b4339d90_0, 0;
    %pushi/vec4 0, 0, 8;
    %assign/vec4 v0x7f77b4339a60_0, 0;
    %pushi/vec4 0, 0, 3;
    %assign/vec4 v0x7f77b43391c0_0, 0;
    %pushi/vec4 7, 0, 3;
    %assign/vec4 v0x7f77b43393d0_0, 0;
    %pushi/vec4 0, 0, 3;
    %assign/vec4 v0x7f77b4338b70_0, 0;
    %pushi/vec4 1, 0, 1;
    %assign/vec4 v0x7f77b4337e80_0, 0;
    %pushi/vec4 0, 0, 1;
    %assign/vec4 v0x7f77b4337d50_0, 0;
    %pushi/vec4 0, 0, 1;
    %assign/vec4 v0x7f77b4338100_0, 0;
    %pushi/vec4 1, 0, 1;
    %assign/vec4 v0x7f77b4339070_0, 0;
    %pushi/vec4 0, 0, 3;
    %assign/vec4 v0x7f77b4338320_0, 0;
    %pushi/vec4 0, 0, 1;
    %assign/vec4 v0x7f77b4338500_0, 0;
    %pushi/vec4 1, 0, 1;
    %assign/vec4 v0x7f77b4338820_0, 0;
    %pushi/vec4 0, 0, 1;
    %assign/vec4 v0x7f77b43386e0_0, 0;
    %pushi/vec4 1, 0, 3;
    %assign/vec4 v0x7f77b4338970_0, 0;
    %jmp T_39.1;
T_39.0 ;
    %load/vec4 v0x7f77b4339d00_0;
    %assign/vec4 v0x7f77b4339d90_0, 0;
    %load/vec4 v0x7f77b43399b0_0;
    %assign/vec4 v0x7f77b4339a60_0, 0;
    %load/vec4 v0x7f77b4339110_0;
    %assign/vec4 v0x7f77b43391c0_0, 0;
    %load/vec4 v0x7f77b4339320_0;
    %assign/vec4 v0x7f77b43393d0_0, 0;
    %load/vec4 v0x7f77b4338a20_0;
    %assign/vec4 v0x7f77b4338b70_0, 0;
    %load/vec4 v0x7f77b4337de0_0;
    %assign/vec4 v0x7f77b4337e80_0, 0;
    %load/vec4 v0x7f77b4337cc0_0;
    %assign/vec4 v0x7f77b4337d50_0, 0;
    %load/vec4 v0x7f77b4338060_0;
    %assign/vec4 v0x7f77b4338100_0, 0;
    %load/vec4 v0x7f77b4338fd0_0;
    %assign/vec4 v0x7f77b4339070_0, 0;
    %load/vec4 v0x7f77b4338290_0;
    %assign/vec4 v0x7f77b4338320_0, 0;
    %load/vec4 v0x7f77b4338460_0;
    %assign/vec4 v0x7f77b4338500_0, 0;
    %load/vec4 v0x7f77b4338780_0;
    %assign/vec4 v0x7f77b4338820_0, 0;
    %load/vec4 v0x7f77b4338640_0;
    %assign/vec4 v0x7f77b43386e0_0, 0;
    %load/vec4 v0x7f77b43388c0_0;
    %assign/vec4 v0x7f77b4338970_0, 0;
T_39.1 ;
    %jmp T_39;
    .thread T_39;
    .scope S_0x7f77b433a3f0;
T_40 ;
Ewait_4 .event/or E_0x7f77b433ade0, E_0x0;
    %wait Ewait_4;
    %fork t_41, S_0x7f77b433af00;
    %jmp t_40;
    .scope S_0x7f77b433af00;
t_41 ;
    %load/vec4 v0x7f77b40c4900_0;
    %store/vec4 v0x7f77b40c4850_0, 0, 3;
    %load/vec4 v0x7f77b40c45d0_0;
    %store/vec4 v0x7f77b40c4520_0, 0, 8;
    %load/vec4 v0x7f77b40c3d30_0;
    %store/vec4 v0x7f77b40c3c80_0, 0, 3;
    %load/vec4 v0x7f77b40c3f40_0;
    %store/vec4 v0x7f77b40c3e90_0, 0, 3;
    %load/vec4 v0x7f77b40c35f0_0;
    %store/vec4 v0x7f77b433ebf0_0, 0, 3;
    %load/vec4 v0x7f77b433e050_0;
    %store/vec4 v0x7f77b433dfb0_0, 0, 1;
    %load/vec4 v0x7f77b433df10_0;
    %store/vec4 v0x7f77b433de70_0, 0, 1;
    %load/vec4 v0x7f77b433e2d0_0;
    %store/vec4 v0x7f77b433e230_0, 0, 1;
    %load/vec4 v0x7f77b40c3be0_0;
    %store/vec4 v0x7f77b40c3b40_0, 0, 1;
    %load/vec4 v0x7f77b433e4f0_0;
    %store/vec4 v0x7f77b433e460_0, 0, 3;
    %load/vec4 v0x7f77b433e6d0_0;
    %store/vec4 v0x7f77b433e630_0, 0, 1;
    %load/vec4 v0x7f77b433e9f0_0;
    %store/vec4 v0x7f77b433e950_0, 0, 1;
    %load/vec4 v0x7f77b433e8b0_0;
    %store/vec4 v0x7f77b433e810_0, 0, 1;
    %load/vec4 v0x7f77b433eb40_0;
    %store/vec4 v0x7f77b433ea90_0, 0, 3;
    %load/vec4 v0x7f77b40c45d0_0;
    %load/vec4 v0x7f77b40c35f0_0;
    %part/u 1;
    %store/vec4 v0x7f77b433eca0_0, 0, 1;
    %load/vec4 v0x7f77b40c45d0_0;
    %or/r;
    %store/vec4 v0x7f77b433d950_0, 0, 1;
    %load/vec4 v0x7f77b40c35f0_0;
    %cmpi/u 7, 0, 3;
    %flag_get/vec4 5;
    %jmp/0 T_40.0, 5;
    %load/vec4 v0x7f77b40c49b0_0;
    %nor/r;
    %and;
T_40.0;
    %store/vec4 v0x7f77b433dc30_0, 0, 1;
    %load/vec4 v0x7f77b40c35f0_0;
    %cmpi/u 0, 0, 3;
    %flag_or 5, 4; GT is !LE
    %flag_inv 5;
    %flag_get/vec4 5;
    %jmp/0 T_40.1, 5;
    %load/vec4 v0x7f77b433da00_0;
    %nor/r;
    %and;
T_40.1;
    %store/vec4 v0x7f77b433db90_0, 0, 1;
    %alloc S_0x7f77b433b480;
    %load/vec4 v0x7f77b433daa0_0;
    %load/vec4 v0x7f77b40c39f0_0;
    %load/vec4 v0x7f77b40c3940_0;
    %load/vec4 v0x7f77b40c4480_0;
    %load/vec4 v0x7f77b40c4330_0;
    %load/vec4 v0x7f77b40c4290_0;
    %load/vec4 v0x7f77b40c43e0_0;
    %load/vec4 v0x7f77b40c35f0_0;
    %load/vec4 v0x7f77b433e050_0;
    %load/vec4 v0x7f77b433df10_0;
    %load/vec4 v0x7f77b40c3be0_0;
    %store/vec4 v0x7f77b433bd00_0, 0, 1;
    %store/vec4 v0x7f77b433bad0_0, 0, 1;
    %store/vec4 v0x7f77b433bb70_0, 0, 1;
    %store/vec4 v0x7f77b433bc50_0, 0, 3;
    %store/vec4 v0x7f77b433c160_0, 0, 1;
    %store/vec4 v0x7f77b433c010_0, 0, 1;
    %store/vec4 v0x7f77b433c0b0_0, 0, 3;
    %store/vec4 v0x7f77b433c200_0, 0, 1;
    %store/vec4 v0x7f77b433bda0_0, 0, 8;
    %store/vec4 v0x7f77b433be50_0, 0, 8;
    %store/vec4 v0x7f77b433b960_0, 0, 8;
    %callf/vec4 TD_elevator_group_tb.dut.gen_lifts\x5B3\x5D.u_lift.collect_new_requests, S_0x7f77b433b480;
    %free S_0x7f77b433b480;
    %store/vec4 v0x7f77b433b0d0_0, 0, 8;
    %load/vec4 v0x7f77b433b0d0_0;
    %or/r;
    %flag_set/vec4 8;
    %jmp/0xz  T_40.2, 8;
    %load/vec4 v0x7f77b40c45d0_0;
    %load/vec4 v0x7f77b433b0d0_0;
    %or;
    %store/vec4 v0x7f77b40c4520_0, 0, 8;
    %load/vec4 v0x7f77b40c4520_0;
    %or/r;
    %flag_set/vec4 8;
    %jmp/0xz  T_40.4, 8;
    %alloc S_0x7f77b433c9a0;
    %load/vec4 v0x7f77b40c4520_0;
    %store/vec4 v0x7f77b433cec0_0, 0, 8;
    %callf/vec4 TD_elevator_group_tb.dut.gen_lifts\x5B3\x5D.u_lift.scan_highest_request, S_0x7f77b433c9a0;
    %free S_0x7f77b433c9a0;
    %store/vec4 v0x7f77b40c3c80_0, 0, 3;
    %alloc S_0x7f77b433d0c0;
    %load/vec4 v0x7f77b40c4520_0;
    %store/vec4 v0x7f77b433d5c0_0, 0, 8;
    %callf/vec4 TD_elevator_group_tb.dut.gen_lifts\x5B3\x5D.u_lift.scan_lowest_request, S_0x7f77b433d0c0;
    %free S_0x7f77b433d0c0;
    %store/vec4 v0x7f77b40c3e90_0, 0, 3;
    %jmp T_40.5;
T_40.4 ;
    %pushi/vec4 0, 0, 3;
    %store/vec4 v0x7f77b40c3c80_0, 0, 3;
    %pushi/vec4 7, 0, 3;
    %store/vec4 v0x7f77b40c3e90_0, 0, 3;
T_40.5 ;
T_40.2 ;
    %load/vec4 v0x7f77b40c4680_0;
    %flag_set/vec4 8;
    %jmp/0xz  T_40.6, 8;
    %pushi/vec4 0, 0, 3;
    %store/vec4 v0x7f77b40c4850_0, 0, 3;
    %pushi/vec4 0, 0, 8;
    %store/vec4 v0x7f77b40c4520_0, 0, 8;
    %pushi/vec4 0, 0, 3;
    %store/vec4 v0x7f77b40c3c80_0, 0, 3;
    %pushi/vec4 7, 0, 3;
    %store/vec4 v0x7f77b40c3e90_0, 0, 3;
    %pushi/vec4 0, 0, 3;
    %store/vec4 v0x7f77b433ebf0_0, 0, 3;
    %pushi/vec4 1, 0, 1;
    %store/vec4 v0x7f77b433dfb0_0, 0, 1;
    %pushi/vec4 0, 0, 1;
    %store/vec4 v0x7f77b433de70_0, 0, 1;
    %pushi/vec4 0, 0, 1;
    %store/vec4 v0x7f77b433e230_0, 0, 1;
    %pushi/vec4 1, 0, 1;
    %store/vec4 v0x7f77b40c3b40_0, 0, 1;
    %pushi/vec4 0, 0, 3;
    %store/vec4 v0x7f77b433e460_0, 0, 3;
    %pushi/vec4 0, 0, 1;
    %store/vec4 v0x7f77b433e630_0, 0, 1;
    %jmp T_40.7;
T_40.6 ;
    %load/vec4 v0x7f77b433e590_0;
    %flag_set/vec4 8;
    %jmp/0xz  T_40.8, 8;
    %load/vec4 v0x7f77b433e6d0_0;
    %nor/r;
    %flag_set/vec4 8;
    %jmp/0xz  T_40.10, 8;
    %load/vec4 v0x7f77b433e050_0;
    %store/vec4 v0x7f77b433e950_0, 0, 1;
    %load/vec4 v0x7f77b433df10_0;
    %store/vec4 v0x7f77b433e810_0, 0, 1;
    %load/vec4 v0x7f77b40c4900_0;
    %store/vec4 v0x7f77b433ea90_0, 0, 3;
T_40.10 ;
    %pushi/vec4 1, 0, 1;
    %store/vec4 v0x7f77b433e630_0, 0, 1;
    %pushi/vec4 1, 0, 3;
    %store/vec4 v0x7f77b40c4850_0, 0, 3;
    %pushi/vec4 0, 0, 1;
    %store/vec4 v0x7f77b433e230_0, 0, 1;
    %pushi/vec4 1, 0, 1;
    %store/vec4 v0x7f77b40c3b40_0, 0, 1;
    %pushi/vec4 0, 0, 3;
    %store/vec4 v0x7f77b433e460_0, 0, 3;
    %jmp T_40.9;
T_40.8 ;
    %load/vec4 v0x7f77b433e6d0_0;
    %flag_set/vec4 8;
    %jmp/0xz  T_40.12, 8;
    %pushi/vec4 0, 0, 1;
    %store/vec4 v0x7f77b433e630_0, 0, 1;
    %load/vec4 v0x7f77b433e9f0_0;
    %store/vec4 v0x7f77b433dfb0_0, 0, 1;
    %load/vec4 v0x7f77b433e8b0_0;
    %store/vec4 v0x7f77b433de70_0, 0, 1;
    %load/vec4 v0x7f77b433eb40_0;
    %store/vec4 v0x7f77b40c4850_0, 0, 3;
    %load/vec4 v0x7f77b433eb40_0;
    %cmpi/ne 3, 0, 3;
    %flag_get/vec4 4;
    %jmp/0 T_40.14, 4;
    %load/vec4 v0x7f77b433eb40_0;
    %pushi/vec4 4, 0, 3;
    %cmp/ne;
    %flag_get/vec4 4;
    %and;
T_40.14;
    %store/vec4 v0x7f77b40c3b40_0, 0, 1;
    %jmp T_40.13;
T_40.12 ;
    %load/vec4 v0x7f77b40c4900_0;
    %dup/vec4;
    %pushi/vec4 0, 0, 3;
    %cmp/u;
    %jmp/1 T_40.15, 6;
    %dup/vec4;
    %pushi/vec4 1, 0, 3;
    %cmp/u;
    %jmp/1 T_40.16, 6;
    %dup/vec4;
    %pushi/vec4 2, 0, 3;
    %cmp/u;
    %jmp/1 T_40.17, 6;
    %dup/vec4;
    %pushi/vec4 3, 0, 3;
    %cmp/u;
    %jmp/1 T_40.18, 6;
    %dup/vec4;
    %pushi/vec4 4, 0, 3;
    %cmp/u;
    %jmp/1 T_40.19, 6;
    %dup/vec4;
    %pushi/vec4 5, 0, 3;
    %cmp/u;
    %jmp/1 T_40.20, 6;
    %dup/vec4;
    %pushi/vec4 6, 0, 3;
    %cmp/u;
    %jmp/1 T_40.21, 6;
    %pushi/vec4 1, 0, 3;
    %store/vec4 v0x7f77b40c4850_0, 0, 3;
    %jmp T_40.23;
T_40.15 ;
    %pushi/vec4 1, 0, 1;
    %store/vec4 v0x7f77b40c3b40_0, 0, 1;
    %pushi/vec4 0, 0, 1;
    %store/vec4 v0x7f77b433e230_0, 0, 1;
    %pushi/vec4 1, 0, 1;
    %store/vec4 v0x7f77b433dfb0_0, 0, 1;
    %pushi/vec4 0, 0, 1;
    %store/vec4 v0x7f77b433de70_0, 0, 1;
    %pushi/vec4 1, 0, 3;
    %store/vec4 v0x7f77b40c4850_0, 0, 3;
    %jmp T_40.23;
T_40.16 ;
    %pushi/vec4 1, 0, 1;
    %store/vec4 v0x7f77b40c3b40_0, 0, 1;
    %pushi/vec4 0, 0, 1;
    %store/vec4 v0x7f77b433e230_0, 0, 1;
    %pushi/vec4 0, 0, 3;
    %store/vec4 v0x7f77b433e460_0, 0, 3;
    %load/vec4 v0x7f77b433eca0_0;
    %flag_set/vec4 8;
    %jmp/0xz  T_40.24, 8;
    %pushi/vec4 2, 0, 3;
    %store/vec4 v0x7f77b40c4850_0, 0, 3;
    %pushi/vec4 1, 0, 1;
    %store/vec4 v0x7f77b433e230_0, 0, 1;
    %pushi/vec4 0, 0, 1;
    %ix/getv 4, v0x7f77b40c35f0_0;
    %store/vec4 v0x7f77b40c4520_0, 4, 1;
    %load/vec4 v0x7f77b40c4520_0;
    %or/r;
    %flag_set/vec4 8;
    %jmp/0xz  T_40.26, 8;
    %alloc S_0x7f77b433c9a0;
    %load/vec4 v0x7f77b40c4520_0;
    %store/vec4 v0x7f77b433cec0_0, 0, 8;
    %callf/vec4 TD_elevator_group_tb.dut.gen_lifts\x5B3\x5D.u_lift.scan_highest_request, S_0x7f77b433c9a0;
    %free S_0x7f77b433c9a0;
    %store/vec4 v0x7f77b40c3c80_0, 0, 3;
    %alloc S_0x7f77b433d0c0;
    %load/vec4 v0x7f77b40c4520_0;
    %store/vec4 v0x7f77b433d5c0_0, 0, 8;
    %callf/vec4 TD_elevator_group_tb.dut.gen_lifts\x5B3\x5D.u_lift.scan_lowest_request, S_0x7f77b433d0c0;
    %free S_0x7f77b433d0c0;
    %store/vec4 v0x7f77b40c3e90_0, 0, 3;
    %jmp T_40.27;
T_40.26 ;
    %pushi/vec4 0, 0, 3;
    %store/vec4 v0x7f77b40c3c80_0, 0, 3;
    %pushi/vec4 7, 0, 3;
    %store/vec4 v0x7f77b40c3e90_0, 0, 3;
T_40.27 ;
    %pushi/vec4 4, 0, 3;
    %store/vec4 v0x7f77b433e460_0, 0, 3;
    %jmp T_40.25;
T_40.24 ;
    %load/vec4 v0x7f77b433d950_0;
    %flag_set/vec4 8;
    %jmp/0xz  T_40.28, 8;
    %load/vec4 v0x7f77b433e050_0;
    %flag_set/vec4 10;
    %flag_get/vec4 10;
    %jmp/0 T_40.33, 10;
    %load/vec4 v0x7f77b40c35f0_0;
    %load/vec4 v0x7f77b40c3d30_0;
    %cmp/u;
    %flag_get/vec4 5;
    %and;
T_40.33;
    %flag_set/vec4 9;
    %flag_get/vec4 9;
    %jmp/0 T_40.32, 9;
    %load/vec4 v0x7f77b433dc30_0;
    %and;
T_40.32;
    %flag_set/vec4 8;
    %jmp/0xz  T_40.30, 8;
    %pushi/vec4 3, 0, 3;
    %store/vec4 v0x7f77b40c4850_0, 0, 3;
    %pushi/vec4 0, 0, 1;
    %store/vec4 v0x7f77b40c3b40_0, 0, 1;
    %jmp T_40.31;
T_40.30 ;
    %load/vec4 v0x7f77b433df10_0;
    %flag_set/vec4 10;
    %flag_get/vec4 10;
    %jmp/0 T_40.37, 10;
    %load/vec4 v0x7f77b40c3f40_0;
    %load/vec4 v0x7f77b40c35f0_0;
    %cmp/u;
    %flag_get/vec4 5;
    %and;
T_40.37;
    %flag_set/vec4 9;
    %flag_get/vec4 9;
    %jmp/0 T_40.36, 9;
    %load/vec4 v0x7f77b433db90_0;
    %and;
T_40.36;
    %flag_set/vec4 8;
    %jmp/0xz  T_40.34, 8;
    %pushi/vec4 4, 0, 3;
    %store/vec4 v0x7f77b40c4850_0, 0, 3;
    %pushi/vec4 0, 0, 1;
    %store/vec4 v0x7f77b40c3b40_0, 0, 1;
    %jmp T_40.35;
T_40.34 ;
    %load/vec4 v0x7f77b40c3d30_0;
    %load/vec4 v0x7f77b40c35f0_0;
    %cmp/e;
    %flag_get/vec4 4;
    %jmp/0 T_40.40, 4;
    %load/vec4 v0x7f77b40c3f40_0;
    %load/vec4 v0x7f77b40c35f0_0;
    %cmp/u;
    %flag_get/vec4 5;
    %and;
T_40.40;
    %flag_set/vec4 8;
    %jmp/0xz  T_40.38, 8;
    %pushi/vec4 6, 0, 3;
    %store/vec4 v0x7f77b40c4850_0, 0, 3;
    %pushi/vec4 0, 0, 1;
    %store/vec4 v0x7f77b433dfb0_0, 0, 1;
    %pushi/vec4 1, 0, 1;
    %store/vec4 v0x7f77b433de70_0, 0, 1;
    %jmp T_40.39;
T_40.38 ;
    %load/vec4 v0x7f77b40c3f40_0;
    %load/vec4 v0x7f77b40c35f0_0;
    %cmp/e;
    %flag_get/vec4 4;
    %jmp/0 T_40.43, 4;
    %load/vec4 v0x7f77b40c35f0_0;
    %load/vec4 v0x7f77b40c3d30_0;
    %cmp/u;
    %flag_get/vec4 5;
    %and;
T_40.43;
    %flag_set/vec4 8;
    %jmp/0xz  T_40.41, 8;
    %pushi/vec4 5, 0, 3;
    %store/vec4 v0x7f77b40c4850_0, 0, 3;
    %pushi/vec4 1, 0, 1;
    %store/vec4 v0x7f77b433dfb0_0, 0, 1;
    %pushi/vec4 0, 0, 1;
    %store/vec4 v0x7f77b433de70_0, 0, 1;
    %jmp T_40.42;
T_40.41 ;
    %load/vec4 v0x7f77b40c35f0_0;
    %load/vec4 v0x7f77b40c3d30_0;
    %cmp/u;
    %flag_get/vec4 5;
    %jmp/0 T_40.46, 5;
    %load/vec4 v0x7f77b433dc30_0;
    %and;
T_40.46;
    %flag_set/vec4 8;
    %jmp/0xz  T_40.44, 8;
    %pushi/vec4 1, 0, 1;
    %store/vec4 v0x7f77b433dfb0_0, 0, 1;
    %pushi/vec4 0, 0, 1;
    %store/vec4 v0x7f77b433de70_0, 0, 1;
    %pushi/vec4 3, 0, 3;
    %store/vec4 v0x7f77b40c4850_0, 0, 3;
    %pushi/vec4 0, 0, 1;
    %store/vec4 v0x7f77b40c3b40_0, 0, 1;
    %jmp T_40.45;
T_40.44 ;
    %load/vec4 v0x7f77b40c3f40_0;
    %load/vec4 v0x7f77b40c35f0_0;
    %cmp/u;
    %flag_get/vec4 5;
    %jmp/0 T_40.49, 5;
    %load/vec4 v0x7f77b433db90_0;
    %and;
T_40.49;
    %flag_set/vec4 8;
    %jmp/0xz  T_40.47, 8;
    %pushi/vec4 0, 0, 1;
    %store/vec4 v0x7f77b433dfb0_0, 0, 1;
    %pushi/vec4 1, 0, 1;
    %store/vec4 v0x7f77b433de70_0, 0, 1;
    %pushi/vec4 4, 0, 3;
    %store/vec4 v0x7f77b40c4850_0, 0, 3;
    %pushi/vec4 0, 0, 1;
    %store/vec4 v0x7f77b40c3b40_0, 0, 1;
T_40.47 ;
T_40.45 ;
T_40.42 ;
T_40.39 ;
T_40.35 ;
T_40.31 ;
T_40.28 ;
T_40.25 ;
    %jmp T_40.23;
T_40.17 ;
    %pushi/vec4 1, 0, 1;
    %store/vec4 v0x7f77b40c3b40_0, 0, 1;
    %pushi/vec4 1, 0, 1;
    %store/vec4 v0x7f77b433e230_0, 0, 1;
    %load/vec4 v0x7f77b433e0f0_0;
    %flag_set/vec4 8;
    %jmp/0xz  T_40.50, 8;
    %pushi/vec4 4, 0, 3;
    %store/vec4 v0x7f77b433e460_0, 0, 3;
    %jmp T_40.51;
T_40.50 ;
    %load/vec4 v0x7f77b433e4f0_0;
    %cmpi/ne 0, 0, 3;
    %jmp/0xz  T_40.52, 4;
    %load/vec4 v0x7f77b433e4f0_0;
    %subi 1, 0, 3;
    %store/vec4 v0x7f77b433e460_0, 0, 3;
T_40.52 ;
T_40.51 ;
    %load/vec4 v0x7f77b433eca0_0;
    %flag_set/vec4 8;
    %jmp/0xz  T_40.54, 8;
    %pushi/vec4 0, 0, 1;
    %ix/getv 4, v0x7f77b40c35f0_0;
    %store/vec4 v0x7f77b40c4520_0, 4, 1;
    %load/vec4 v0x7f77b40c4520_0;
    %or/r;
    %flag_set/vec4 8;
    %jmp/0xz  T_40.56, 8;
    %alloc S_0x7f77b433c9a0;
    %load/vec4 v0x7f77b40c4520_0;
    %store/vec4 v0x7f77b433cec0_0, 0, 8;
    %callf/vec4 TD_elevator_group_tb.dut.gen_lifts\x5B3\x5D.u_lift.scan_highest_request, S_0x7f77b433c9a0;
    %free S_0x7f77b433c9a0;
    %store/vec4 v0x7f77b40c3c80_0, 0, 3;
    %alloc S_0x7f77b433d0c0;
    %load/vec4 v0x7f77b40c4520_0;
    %store/vec4 v0x7f77b433d5c0_0, 0, 8;
    %callf/vec4 TD_elevator_group_tb.dut.gen_lifts\x5B3\x5D.u_lift.scan_lowest_request, S_0x7f77b433d0c0;
    %free S_0x7f77b433d0c0;
    %store/vec4 v0x7f77b40c3e90_0, 0, 3;
    %jmp T_40.57;
T_40.56 ;
    %pushi/vec4 0, 0, 3;
    %store/vec4 v0x7f77b40c3c80_0, 0, 3;
    %pushi/vec4 7, 0, 3;
    %store/vec4 v0x7f77b40c3e90_0, 0, 3;
T_40.57 ;
    %pushi/vec4 4, 0, 3;
    %store/vec4 v0x7f77b433e460_0, 0, 3;
    %jmp T_40.55;
T_40.54 ;
    %load/vec4 v0x7f77b433e4f0_0;
    %cmpi/e 1, 0, 3;
    %flag_get/vec4 4;
    %jmp/0 T_40.60, 4;
    %load/vec4 v0x7f77b433e0f0_0;
    %nor/r;
    %and;
T_40.60;
    %flag_set/vec4 8;
    %jmp/0xz  T_40.58, 8;
    %pushi/vec4 1, 0, 3;
    %store/vec4 v0x7f77b40c4850_0, 0, 3;
    %pushi/vec4 0, 0, 1;
    %store/vec4 v0x7f77b433e230_0, 0, 1;
    %pushi/vec4 0, 0, 3;
    %store/vec4 v0x7f77b433e460_0, 0, 3;
T_40.58 ;
T_40.55 ;
    %jmp T_40.23;
T_40.18 ;
    %pushi/vec4 0, 0, 1;
    %store/vec4 v0x7f77b40c3b40_0, 0, 1;
    %pushi/vec4 0, 0, 1;
    %store/vec4 v0x7f77b433e230_0, 0, 1;
    %load/vec4 v0x7f77b433eca0_0;
    %flag_set/vec4 8;
    %jmp/0xz  T_40.61, 8;
    %pushi/vec4 2, 0, 3;
    %store/vec4 v0x7f77b40c4850_0, 0, 3;
    %pushi/vec4 1, 0, 1;
    %store/vec4 v0x7f77b433e230_0, 0, 1;
    %pushi/vec4 1, 0, 1;
    %store/vec4 v0x7f77b40c3b40_0, 0, 1;
    %pushi/vec4 0, 0, 1;
    %ix/getv 4, v0x7f77b40c35f0_0;
    %store/vec4 v0x7f77b40c4520_0, 4, 1;
    %load/vec4 v0x7f77b40c4520_0;
    %or/r;
    %flag_set/vec4 8;
    %jmp/0xz  T_40.63, 8;
    %alloc S_0x7f77b433c9a0;
    %load/vec4 v0x7f77b40c4520_0;
    %store/vec4 v0x7f77b433cec0_0, 0, 8;
    %callf/vec4 TD_elevator_group_tb.dut.gen_lifts\x5B3\x5D.u_lift.scan_highest_request, S_0x7f77b433c9a0;
    %free S_0x7f77b433c9a0;
    %store/vec4 v0x7f77b40c3c80_0, 0, 3;
    %alloc S_0x7f77b433d0c0;
    %load/vec4 v0x7f77b40c4520_0;
    %store/vec4 v0x7f77b433d5c0_0, 0, 8;
    %callf/vec4 TD_elevator_group_tb.dut.gen_lifts\x5B3\x5D.u_lift.scan_lowest_request, S_0x7f77b433d0c0;
    %free S_0x7f77b433d0c0;
    %store/vec4 v0x7f77b40c3e90_0, 0, 3;
    %jmp T_40.64;
T_40.63 ;
    %pushi/vec4 0, 0, 3;
    %store/vec4 v0x7f77b40c3c80_0, 0, 3;
    %pushi/vec4 7, 0, 3;
    %store/vec4 v0x7f77b40c3e90_0, 0, 3;
T_40.64 ;
    %pushi/vec4 4, 0, 3;
    %store/vec4 v0x7f77b433e460_0, 0, 3;
    %jmp T_40.62;
T_40.61 ;
    %load/vec4 v0x7f77b433dc30_0;
    %flag_set/vec4 8;
    %jmp/0xz  T_40.65, 8;
    %load/vec4 v0x7f77b40c35f0_0;
    %addi 1, 0, 3;
    %store/vec4 v0x7f77b433ebf0_0, 0, 3;
    %jmp T_40.66;
T_40.65 ;
    %pushi/vec4 1, 0, 3;
    %store/vec4 v0x7f77b40c4850_0, 0, 3;
    %pushi/vec4 1, 0, 1;
    %store/vec4 v0x7f77b40c3b40_0, 0, 1;
    %pushi/vec4 0, 0, 1;
    %store/vec4 v0x7f77b433dfb0_0, 0, 1;
    %pushi/vec4 1, 0, 1;
    %store/vec4 v0x7f77b433de70_0, 0, 1;
T_40.66 ;
T_40.62 ;
    %jmp T_40.23;
T_40.19 ;
    %pushi/vec4 0, 0, 1;
    %store/vec4 v0x7f77b40c3b40_0, 0, 1;
    %pushi/vec4 0, 0, 1;
    %store/vec4 v0x7f77b433e230_0, 0, 1;
    %load/vec4 v0x7f77b433eca0_0;
    %flag_set/vec4 8;
    %jmp/0xz  T_40.67, 8;
    %pushi/vec4 2, 0, 3;
    %store/vec4 v0x7f77b40c4850_0, 0, 3;
    %pushi/vec4 1, 0, 1;
    %store/vec4 v0x7f77b433e230_0, 0, 1;
    %pushi/vec4 1, 0, 1;
    %store/vec4 v0x7f77b40c3b40_0, 0, 1;
    %pushi/vec4 0, 0, 1;
    %ix/getv 4, v0x7f77b40c35f0_0;
    %store/vec4 v0x7f77b40c4520_0, 4, 1;
    %load/vec4 v0x7f77b40c4520_0;
    %or/r;
    %flag_set/vec4 8;
    %jmp/0xz  T_40.69, 8;
    %alloc S_0x7f77b433c9a0;
    %load/vec4 v0x7f77b40c4520_0;
    %store/vec4 v0x7f77b433cec0_0, 0, 8;
    %callf/vec4 TD_elevator_group_tb.dut.gen_lifts\x5B3\x5D.u_lift.scan_highest_request, S_0x7f77b433c9a0;
    %free S_0x7f77b433c9a0;
    %store/vec4 v0x7f77b40c3c80_0, 0, 3;
    %alloc S_0x7f77b433d0c0;
    %load/vec4 v0x7f77b40c4520_0;
    %store/vec4 v0x7f77b433d5c0_0, 0, 8;
    %callf/vec4 TD_elevator_group_tb.dut.gen_lifts\x5B3\x5D.u_lift.scan_lowest_request, S_0x7f77b433d0c0;
    %free S_0x7f77b433d0c0;
    %store/vec4 v0x7f77b40c3e90_0, 0, 3;
    %jmp T_40.70;
T_40.69 ;
    %pushi/vec4 0, 0, 3;
    %store/vec4 v0x7f77b40c3c80_0, 0, 3;
    %pushi/vec4 7, 0, 3;
    %store/vec4 v0x7f77b40c3e90_0, 0, 3;
T_40.70 ;
    %pushi/vec4 4, 0, 3;
    %store/vec4 v0x7f77b433e460_0, 0, 3;
    %jmp T_40.68;
T_40.67 ;
    %load/vec4 v0x7f77b433db90_0;
    %flag_set/vec4 8;
    %jmp/0xz  T_40.71, 8;
    %load/vec4 v0x7f77b40c35f0_0;
    %subi 1, 0, 3;
    %store/vec4 v0x7f77b433ebf0_0, 0, 3;
    %jmp T_40.72;
T_40.71 ;
    %pushi/vec4 1, 0, 3;
    %store/vec4 v0x7f77b40c4850_0, 0, 3;
    %pushi/vec4 1, 0, 1;
    %store/vec4 v0x7f77b40c3b40_0, 0, 1;
    %pushi/vec4 1, 0, 1;
    %store/vec4 v0x7f77b433dfb0_0, 0, 1;
    %pushi/vec4 0, 0, 1;
    %store/vec4 v0x7f77b433de70_0, 0, 1;
T_40.72 ;
T_40.68 ;
    %jmp T_40.23;
T_40.20 ;
    %pushi/vec4 1, 0, 1;
    %store/vec4 v0x7f77b433dfb0_0, 0, 1;
    %pushi/vec4 0, 0, 1;
    %store/vec4 v0x7f77b433de70_0, 0, 1;
    %pushi/vec4 2, 0, 3;
    %store/vec4 v0x7f77b40c4850_0, 0, 3;
    %pushi/vec4 1, 0, 1;
    %store/vec4 v0x7f77b433e230_0, 0, 1;
    %pushi/vec4 1, 0, 1;
    %store/vec4 v0x7f77b40c3b40_0, 0, 1;
    %load/vec4 v0x7f77b433eca0_0;
    %flag_set/vec4 8;
    %jmp/0xz  T_40.73, 8;
    %pushi/vec4 0, 0, 1;
    %ix/getv 4, v0x7f77b40c35f0_0;
    %store/vec4 v0x7f77b40c4520_0, 4, 1;
    %load/vec4 v0x7f77b40c4520_0;
    %or/r;
    %flag_set/vec4 8;
    %jmp/0xz  T_40.75, 8;
    %alloc S_0x7f77b433c9a0;
    %load/vec4 v0x7f77b40c4520_0;
    %store/vec4 v0x7f77b433cec0_0, 0, 8;
    %callf/vec4 TD_elevator_group_tb.dut.gen_lifts\x5B3\x5D.u_lift.scan_highest_request, S_0x7f77b433c9a0;
    %free S_0x7f77b433c9a0;
    %store/vec4 v0x7f77b40c3c80_0, 0, 3;
    %alloc S_0x7f77b433d0c0;
    %load/vec4 v0x7f77b40c4520_0;
    %store/vec4 v0x7f77b433d5c0_0, 0, 8;
    %callf/vec4 TD_elevator_group_tb.dut.gen_lifts\x5B3\x5D.u_lift.scan_lowest_request, S_0x7f77b433d0c0;
    %free S_0x7f77b433d0c0;
    %store/vec4 v0x7f77b40c3e90_0, 0, 3;
    %jmp T_40.76;
T_40.75 ;
    %pushi/vec4 0, 0, 3;
    %store/vec4 v0x7f77b40c3c80_0, 0, 3;
    %pushi/vec4 7, 0, 3;
    %store/vec4 v0x7f77b40c3e90_0, 0, 3;
T_40.76 ;
T_40.73 ;
    %pushi/vec4 4, 0, 3;
    %store/vec4 v0x7f77b433e460_0, 0, 3;
    %jmp T_40.23;
T_40.21 ;
    %pushi/vec4 0, 0, 1;
    %store/vec4 v0x7f77b433dfb0_0, 0, 1;
    %pushi/vec4 1, 0, 1;
    %store/vec4 v0x7f77b433de70_0, 0, 1;
    %pushi/vec4 2, 0, 3;
    %store/vec4 v0x7f77b40c4850_0, 0, 3;
    %pushi/vec4 1, 0, 1;
    %store/vec4 v0x7f77b433e230_0, 0, 1;
    %pushi/vec4 1, 0, 1;
    %store/vec4 v0x7f77b40c3b40_0, 0, 1;
    %load/vec4 v0x7f77b433eca0_0;
    %flag_set/vec4 8;
    %jmp/0xz  T_40.77, 8;
    %pushi/vec4 0, 0, 1;
    %ix/getv 4, v0x7f77b40c35f0_0;
    %store/vec4 v0x7f77b40c4520_0, 4, 1;
    %load/vec4 v0x7f77b40c4520_0;
    %or/r;
    %flag_set/vec4 8;
    %jmp/0xz  T_40.79, 8;
    %alloc S_0x7f77b433c9a0;
    %load/vec4 v0x7f77b40c4520_0;
    %store/vec4 v0x7f77b433cec0_0, 0, 8;
    %callf/vec4 TD_elevator_group_tb.dut.gen_lifts\x5B3\x5D.u_lift.scan_highest_request, S_0x7f77b433c9a0;
    %free S_0x7f77b433c9a0;
    %store/vec4 v0x7f77b40c3c80_0, 0, 3;
    %alloc S_0x7f77b433d0c0;
    %load/vec4 v0x7f77b40c4520_0;
    %store/vec4 v0x7f77b433d5c0_0, 0, 8;
    %callf/vec4 TD_elevator_group_tb.dut.gen_lifts\x5B3\x5D.u_lift.scan_lowest_request, S_0x7f77b433d0c0;
    %free S_0x7f77b433d0c0;
    %store/vec4 v0x7f77b40c3e90_0, 0, 3;
    %jmp T_40.80;
T_40.79 ;
    %pushi/vec4 0, 0, 3;
    %store/vec4 v0x7f77b40c3c80_0, 0, 3;
    %pushi/vec4 7, 0, 3;
    %store/vec4 v0x7f77b40c3e90_0, 0, 3;
T_40.80 ;
T_40.77 ;
    %pushi/vec4 4, 0, 3;
    %store/vec4 v0x7f77b433e460_0, 0, 3;
    %jmp T_40.23;
T_40.23 ;
    %pop/vec4 1;
T_40.13 ;
T_40.9 ;
T_40.7 ;
    %end;
    .scope S_0x7f77b433a3f0;
t_40 %join;
    %jmp T_40;
    .thread T_40, $push;
    .scope S_0x7f77b433a3f0;
T_41 ;
    %wait E_0x7f77b2f47580;
    %load/vec4 v0x7f77b40c4680_0;
    %flag_set/vec4 8;
    %jmp/0xz  T_41.0, 8;
    %pushi/vec4 0, 0, 3;
    %assign/vec4 v0x7f77b40c4900_0, 0;
    %pushi/vec4 0, 0, 8;
    %assign/vec4 v0x7f77b40c45d0_0, 0;
    %pushi/vec4 0, 0, 3;
    %assign/vec4 v0x7f77b40c3d30_0, 0;
    %pushi/vec4 7, 0, 3;
    %assign/vec4 v0x7f77b40c3f40_0, 0;
    %pushi/vec4 0, 0, 3;
    %assign/vec4 v0x7f77b40c35f0_0, 0;
    %pushi/vec4 1, 0, 1;
    %assign/vec4 v0x7f77b433e050_0, 0;
    %pushi/vec4 0, 0, 1;
    %assign/vec4 v0x7f77b433df10_0, 0;
    %pushi/vec4 0, 0, 1;
    %assign/vec4 v0x7f77b433e2d0_0, 0;
    %pushi/vec4 1, 0, 1;
    %assign/vec4 v0x7f77b40c3be0_0, 0;
    %pushi/vec4 0, 0, 3;
    %assign/vec4 v0x7f77b433e4f0_0, 0;
    %pushi/vec4 0, 0, 1;
    %assign/vec4 v0x7f77b433e6d0_0, 0;
    %pushi/vec4 1, 0, 1;
    %assign/vec4 v0x7f77b433e9f0_0, 0;
    %pushi/vec4 0, 0, 1;
    %assign/vec4 v0x7f77b433e8b0_0, 0;
    %pushi/vec4 1, 0, 3;
    %assign/vec4 v0x7f77b433eb40_0, 0;
    %jmp T_41.1;
T_41.0 ;
    %load/vec4 v0x7f77b40c4850_0;
    %assign/vec4 v0x7f77b40c4900_0, 0;
    %load/vec4 v0x7f77b40c4520_0;
    %assign/vec4 v0x7f77b40c45d0_0, 0;
    %load/vec4 v0x7f77b40c3c80_0;
    %assign/vec4 v0x7f77b40c3d30_0, 0;
    %load/vec4 v0x7f77b40c3e90_0;
    %assign/vec4 v0x7f77b40c3f40_0, 0;
    %load/vec4 v0x7f77b433ebf0_0;
    %assign/vec4 v0x7f77b40c35f0_0, 0;
    %load/vec4 v0x7f77b433dfb0_0;
    %assign/vec4 v0x7f77b433e050_0, 0;
    %load/vec4 v0x7f77b433de70_0;
    %assign/vec4 v0x7f77b433df10_0, 0;
    %load/vec4 v0x7f77b433e230_0;
    %assign/vec4 v0x7f77b433e2d0_0, 0;
    %load/vec4 v0x7f77b40c3b40_0;
    %assign/vec4 v0x7f77b40c3be0_0, 0;
    %load/vec4 v0x7f77b433e460_0;
    %assign/vec4 v0x7f77b433e4f0_0, 0;
    %load/vec4 v0x7f77b433e630_0;
    %assign/vec4 v0x7f77b433e6d0_0, 0;
    %load/vec4 v0x7f77b433e950_0;
    %assign/vec4 v0x7f77b433e9f0_0, 0;
    %load/vec4 v0x7f77b433e810_0;
    %assign/vec4 v0x7f77b433e8b0_0, 0;
    %load/vec4 v0x7f77b433ea90_0;
    %assign/vec4 v0x7f77b433eb40_0, 0;
T_41.1 ;
    %jmp T_41;
    .thread T_41;
    .scope S_0x7f77b433eec0;
T_42 ;
Ewait_5 .event/or E_0x7f77b433f730, E_0x0;
    %wait Ewait_5;
    %fork t_43, S_0x7f77b433f8b0;
    %jmp t_42;
    .scope S_0x7f77b433f8b0;
t_43 ;
    %pushi/vec4 4095, 0, 12;
    %store/vec4 v0x7f77b433fd90_0, 0, 12;
    %pushi/vec4 0, 0, 2;
    %store/vec4 v0x7f77b433fcd0_0, 0, 2;
    %fork t_45, S_0x7f77b433fa70;
    %jmp t_44;
    .scope S_0x7f77b433fa70;
t_45 ;
    %pushi/vec4 0, 0, 32;
    %store/vec4 v0x7f77b433fc30_0, 0, 32;
T_42.0 ; Top of for-loop
    %load/vec4 v0x7f77b433fc30_0;
    %cmpi/s 4, 0, 32;
	  %jmp/0xz T_42.1, 5;
    %alloc S_0x7f77b43401b0;
    %load/vec4 v0x7f77b433fc30_0;
    %ix/getv/s 4, v0x7f77b433fc30_0;
    %load/vec4a v0x7f77b4342590, 4;
    %load/vec4 v0x7f77b4341fb0_0;
    %load/vec4 v0x7f77b4342050_0;
    %ix/getv/s 4, v0x7f77b433fc30_0;
    %load/vec4a v0x7f77b43426d0, 4;
    %ix/getv/s 4, v0x7f77b433fc30_0;
    %load/vec4a v0x7f77b43428b0, 4;
    %ix/getv/s 4, v0x7f77b433fc30_0;
    %load/vec4a v0x7f77b43427c0, 4;
    %ix/getv/s 4, v0x7f77b433fc30_0;
    %load/vec4a v0x7f77b43423b0, 4;
    %ix/getv/s 4, v0x7f77b433fc30_0;
    %load/vec4a v0x7f77b43422e0, 4;
    %ix/getv/s 4, v0x7f77b433fc30_0;
    %load/vec4a v0x7f77b43424a0, 4;
    %ix/getv/s 4, v0x7f77b433fc30_0;
    %load/vec4a v0x7f77b43429a0, 4;
    %load/vec4 v0x7f77b4342cb0_0;
    %store/vec4 v0x7f77b43410f0_0, 0, 2;
    %store/vec4 v0x7f77b4340ed0_0, 0, 8;
    %store/vec4 v0x7f77b4340880_0, 0, 1;
    %store/vec4 v0x7f77b4340650_0, 0, 1;
    %store/vec4 v0x7f77b4340730_0, 0, 1;
    %store/vec4 v0x7f77b4340d90_0, 0, 1;
    %store/vec4 v0x7f77b4340e30_0, 0, 1;
    %store/vec4 v0x7f77b4340920_0, 0, 1;
    %store/vec4 v0x7f77b43404f0_0, 0, 1;
    %store/vec4 v0x7f77b4340440_0, 0, 3;
    %store/vec4 v0x7f77b4340a30_0, 0, 3;
    %store/vec4 v0x7f77b4340b80_0, 0, 32;
    %callf/vec4 TD_elevator_group_tb.dut.u_dispatch.compute_lift_score, S_0x7f77b43401b0;
    %free S_0x7f77b43401b0;
    %ix/getv/s 4, v0x7f77b433fc30_0;
    %store/vec4a v0x7f77b4342aa0, 4, 0;
    %ix/getv/s 4, v0x7f77b433fc30_0;
    %load/vec4a v0x7f77b4342aa0, 4;
    %load/vec4 v0x7f77b433fd90_0;
    %cmp/u;
    %jmp/0xz  T_42.3, 5;
    %ix/getv/s 4, v0x7f77b433fc30_0;
    %load/vec4a v0x7f77b4342aa0, 4;
    %store/vec4 v0x7f77b433fd90_0, 0, 12;
    %load/vec4 v0x7f77b433fc30_0;
    %pad/s 2;
    %store/vec4 v0x7f77b433fcd0_0, 0, 2;
T_42.3 ;
T_42.2 ; for-loop step statement
    ; show_stmt_assign_vector: Get l-value for compressed += operand
    %load/vec4 v0x7f77b433fc30_0;
    %pushi/vec4 1, 0, 32;
    %add;
    %cast2;
    %store/vec4 v0x7f77b433fc30_0, 0, 32;
    %jmp T_42.0;
T_42.1 ; for-loop exit label
    %end;
    .scope S_0x7f77b433f8b0;
t_44 %join;
    %load/vec4 v0x7f77b433fcd0_0;
    %store/vec4 v0x7f77b4342d40_0, 0, 2;
    %load/vec4 v0x7f77b433fd90_0;
    %store/vec4 v0x7f77b4342ed0_0, 0, 12;
    %load/vec4 v0x7f77b4342100_0;
    %flag_set/vec4 8;
    %flag_get/vec4 8;
    %jmp/0 T_42.5, 8;
    %load/vec4 v0x7f77b433fd90_0;
    %pushi/vec4 4095, 0, 12;
    %cmp/ne;
    %flag_get/vec4 4;
    %and;
T_42.5;
    %store/vec4 v0x7f77b4341f00_0, 0, 1;
    %end;
    .scope S_0x7f77b433eec0;
t_42 %join;
    %jmp T_42;
    .thread T_42, $push;
    .scope S_0x7f77b433eec0;
T_43 ;
    %wait E_0x7f77b2f47580;
    %load/vec4 v0x7f77b4342ba0_0;
    %flag_set/vec4 8;
    %jmp/0xz  T_43.0, 8;
    %pushi/vec4 0, 0, 2;
    %assign/vec4 v0x7f77b4342cb0_0, 0;
    %jmp T_43.1;
T_43.0 ;
    %load/vec4 v0x7f77b4342100_0;
    %flag_set/vec4 9;
    %flag_get/vec4 9;
    %jmp/0 T_43.4, 9;
    %load/vec4 v0x7f77b4341f00_0;
    %and;
T_43.4;
    %flag_set/vec4 8;
    %jmp/0xz  T_43.2, 8;
    %load/vec4 v0x7f77b4342cb0_0;
    %cmpi/e 3, 0, 2;
    %jmp/0xz  T_43.5, 4;
    %pushi/vec4 0, 0, 2;
    %assign/vec4 v0x7f77b4342cb0_0, 0;
    %jmp T_43.6;
T_43.5 ;
    %load/vec4 v0x7f77b4342cb0_0;
    %addi 1, 0, 2;
    %assign/vec4 v0x7f77b4342cb0_0, 0;
T_43.6 ;
T_43.2 ;
T_43.1 ;
    %jmp T_43;
    .thread T_43;
    .scope S_0x7f77b40c1c80;
T_44 ;
Ewait_6 .event/or E_0x7f77b40c2870, E_0x0;
    %wait Ewait_6;
    %pushi/vec4 0, 0, 1;
    %store/vec4 v0x7f77b4345260_0, 0, 1;
    %pushi/vec4 0, 0, 3;
    %store/vec4 v0x7f77b43451b0_0, 0, 3;
    %pushi/vec4 0, 0, 1;
    %store/vec4 v0x7f77b4344810_0, 0, 1;
    %pushi/vec4 0, 0, 3;
    %store/vec4 v0x7f77b4344770_0, 0, 3;
    %fork t_47, S_0x7f77b40c28d0;
    %jmp t_46;
    .scope S_0x7f77b40c28d0;
t_47 ;
    %pushi/vec4 7, 0, 32;
    %store/vec4 v0x7f77b40c2aa0_0, 0, 32;
T_44.0 ; Top of for-loop
    %load/vec4 v0x7f77b40c2aa0_0;
    %cmpi/s 0, 0, 32;
    %flag_inv 5; GE is !LT
	  %jmp/0xz T_44.1, 5;
    %load/vec4 v0x7f77b4345260_0;
    %nor/r;
    %flag_set/vec4 9;
    %flag_get/vec4 9;
    %jmp/0 T_44.5, 9;
    %load/vec4 v0x7f77b4345050_0;
    %load/vec4 v0x7f77b40c2aa0_0;
    %part/s 1;
    %and;
T_44.5;
    %flag_set/vec4 8;
    %jmp/0xz  T_44.3, 8;
    %pushi/vec4 1, 0, 1;
    %store/vec4 v0x7f77b4345260_0, 0, 1;
    %load/vec4 v0x7f77b40c2aa0_0;
    %pad/s 3;
    %store/vec4 v0x7f77b43451b0_0, 0, 3;
T_44.3 ;
T_44.2 ; for-loop step statement
    ; show_stmt_assign_vector: Get l-value for compressed -= operand
    %load/vec4 v0x7f77b40c2aa0_0;
    %pushi/vec4 1, 0, 32;
    %sub;
    %cast2;
    %store/vec4 v0x7f77b40c2aa0_0, 0, 32;
    %jmp T_44.0;
T_44.1 ; for-loop exit label
    %end;
    .scope S_0x7f77b40c1c80;
t_46 %join;
    %fork t_49, S_0x7f77b40c2b60;
    %jmp t_48;
    .scope S_0x7f77b40c2b60;
t_49 ;
    %pushi/vec4 0, 0, 32;
    %store/vec4 v0x7f77b40c2d30_0, 0, 32;
T_44.6 ; Top of for-loop
    %load/vec4 v0x7f77b40c2d30_0;
    %cmpi/s 8, 0, 32;
	  %jmp/0xz T_44.7, 5;
    %load/vec4 v0x7f77b4344810_0;
    %nor/r;
    %flag_set/vec4 9;
    %flag_get/vec4 9;
    %jmp/0 T_44.11, 9;
    %load/vec4 v0x7f77b4344650_0;
    %load/vec4 v0x7f77b40c2d30_0;
    %part/s 1;
    %and;
T_44.11;
    %flag_set/vec4 8;
    %jmp/0xz  T_44.9, 8;
    %pushi/vec4 1, 0, 1;
    %store/vec4 v0x7f77b4344810_0, 0, 1;
    %load/vec4 v0x7f77b40c2d30_0;
    %pad/s 3;
    %store/vec4 v0x7f77b4344770_0, 0, 3;
T_44.9 ;
T_44.8 ; for-loop step statement
    ; show_stmt_assign_vector: Get l-value for compressed += operand
    %load/vec4 v0x7f77b40c2d30_0;
    %pushi/vec4 1, 0, 32;
    %add;
    %cast2;
    %store/vec4 v0x7f77b40c2d30_0, 0, 32;
    %jmp T_44.6;
T_44.7 ; for-loop exit label
    %end;
    .scope S_0x7f77b40c1c80;
t_48 %join;
    %jmp T_44;
    .thread T_44, $push;
    .scope S_0x7f77b40c1c80;
T_45 ;
Ewait_7 .event/or E_0x7f77b40c2800, E_0x0;
    %wait Ewait_7;
    %pushi/vec4 0, 0, 4;
    %store/vec4 v0x7f77b4345c80_0, 0, 4;
    %pushi/vec4 0, 0, 4;
    %store/vec4 v0x7f77b4345a00_0, 0, 4;
    %pushi/vec4 0, 0, 4;
    %store/vec4 v0x7f77b4345bf0_0, 0, 4;
    %fork t_51, S_0x7f77b40c2dc0;
    %jmp t_50;
    .scope S_0x7f77b40c2dc0;
t_51 ;
    %pushi/vec4 0, 0, 32;
    %store/vec4 v0x7f77b40c2f50_0, 0, 32;
T_45.0 ; Top of for-loop
    %load/vec4 v0x7f77b40c2f50_0;
    %cmpi/s 4, 0, 32;
	  %jmp/0xz T_45.1, 5;
    %pushi/vec4 0, 0, 3;
    %ix/getv/s 4, v0x7f77b40c2f50_0;
    %store/vec4a v0x7f77b4345ab0, 4, 0;
T_45.2 ; for-loop step statement
    ; show_stmt_assign_vector: Get l-value for compressed += operand
    %load/vec4 v0x7f77b40c2f50_0;
    %pushi/vec4 1, 0, 32;
    %add;
    %cast2;
    %store/vec4 v0x7f77b40c2f50_0, 0, 32;
    %jmp T_45.0;
T_45.1 ; for-loop exit label
    %end;
    .scope S_0x7f77b40c1c80;
t_50 %join;
    %load/vec4 v0x7f77b43441b0_0;
    %cmpi/e 1, 0, 2;
    %flag_get/vec4 4;
    %jmp/0 T_45.5, 4;
    %load/vec4 v0x7f77b4343f40_0;
    %and;
T_45.5;
    %flag_set/vec4 8;
    %jmp/0xz  T_45.3, 8;
    %pushi/vec4 1, 0, 1;
    %ix/getv 4, v0x7f77b4344940_0;
    %store/vec4 v0x7f77b4345c80_0, 4, 1;
    %load/vec4 v0x7f77b4345300_0;
    %load/vec4 v0x7f77b4344940_0;
    %pad/u 4;
    %ix/vec4 4;
    %store/vec4a v0x7f77b4345ab0, 4, 0;
    %pushi/vec4 0, 0, 1;
    %ix/getv 4, v0x7f77b4344940_0;
    %store/vec4 v0x7f77b4345a00_0, 4, 1;
    %load/vec4 v0x7f77b43453c0_0;
    %ix/getv 4, v0x7f77b4344940_0;
    %store/vec4 v0x7f77b4345bf0_0, 4, 1;
T_45.3 ;
    %jmp T_45;
    .thread T_45, $push;
    .scope S_0x7f77b40c1c80;
T_46 ;
    %wait E_0x7f77b2f47580;
    %fork t_53, S_0x7f77b40c2ff0;
    %jmp t_52;
    .scope S_0x7f77b40c2ff0;
t_53 ;
    %load/vec4 v0x7f77b4346410_0;
    %flag_set/vec4 8;
    %jmp/0xz  T_46.0, 8;
    %pushi/vec4 0, 0, 4;
    %assign/vec4 v0x7f77b4344530_0, 0;
    %pushi/vec4 0, 0, 3;
    %assign/vec4 v0x7f77b4345100_0, 0;
    %pushi/vec4 0, 0, 3;
    %assign/vec4 v0x7f77b43446e0_0, 0;
    %pushi/vec4 0, 0, 2;
    %assign/vec4 v0x7f77b43441b0_0, 0;
    %pushi/vec4 0, 0, 2;
    %assign/vec4 v0x7f77b4345810_0, 0;
    %pushi/vec4 0, 0, 3;
    %assign/vec4 v0x7f77b43456c0_0, 0;
    %pushi/vec4 0, 0, 1;
    %assign/vec4 v0x7f77b4345960_0, 0;
    %pushi/vec4 0, 0, 32;
    %store/vec4 v0x7f77b40c33c0_0, 0, 32;
T_46.2 ; Top of for-loop
    %load/vec4 v0x7f77b40c33c0_0;
    %cmpi/u 8, 0, 32;
	  %jmp/0xz T_46.3, 5;
    %pushi/vec4 0, 0, 3;
    %ix/getv/s 3, v0x7f77b40c33c0_0;
    %ix/load 4, 0, 0; Constant delay
    %assign/vec4/a/d v0x7f77b43448b0, 0, 4;
    %pushi/vec4 0, 0, 1;
    %ix/getv/s 3, v0x7f77b40c33c0_0;
    %ix/load 4, 0, 0; Constant delay
    %assign/vec4/a/d v0x7f77b4344b40, 0, 4;
T_46.4 ; for-loop step statement
    ; show_stmt_assign_vector: Get l-value for compressed += operand
    %load/vec4 v0x7f77b40c33c0_0;
    %pushi/vec4 1, 0, 32;
    %add;
    %store/vec4 v0x7f77b40c33c0_0, 0, 32;
    %jmp T_46.2;
T_46.3 ; for-loop exit label
    %jmp T_46.1;
T_46.0 ;
    %load/vec4 v0x7f77b4344fa0_0;
    %load/vec4 v0x7f77b4345100_0;
    %pad/u 8;
    %or;
    %pad/u 3;
    %assign/vec4 v0x7f77b4345100_0, 0;
    %load/vec4 v0x7f77b43445c0_0;
    %load/vec4 v0x7f77b43446e0_0;
    %pad/u 8;
    %or;
    %pad/u 3;
    %assign/vec4 v0x7f77b43446e0_0, 0;
    %load/vec4 v0x7f77b4344530_0;
    %store/vec4 v0x7f77b40c31b0_0, 0, 4;
    %pushi/vec4 0, 0, 32;
    %store/vec4 v0x7f77b40c33c0_0, 0, 32;
T_46.5 ; Top of for-loop
    %load/vec4 v0x7f77b40c33c0_0;
    %cmpi/u 8, 0, 32;
	  %jmp/0xz T_46.6, 5;
    %ix/getv/s 4, v0x7f77b40c33c0_0;
    %load/vec4a v0x7f77b43448b0, 4;
    %ix/getv/s 4, v0x7f77b40c33c0_0;
    %store/vec4a v0x7f77b40c3310, 4, 0;
    %ix/getv/s 4, v0x7f77b40c33c0_0;
    %load/vec4a v0x7f77b4344b40, 4;
    %ix/getv/s 4, v0x7f77b40c33c0_0;
    %store/vec4a v0x7f77b40c3560, 4, 0;
T_46.7 ; for-loop step statement
    ; show_stmt_assign_vector: Get l-value for compressed += operand
    %load/vec4 v0x7f77b40c33c0_0;
    %pushi/vec4 1, 0, 32;
    %add;
    %store/vec4 v0x7f77b40c33c0_0, 0, 32;
    %jmp T_46.5;
T_46.6 ; for-loop exit label
    %pushi/vec4 0, 0, 1;
    %store/vec4 v0x7f77b40c3270_0, 0, 1;
    %pushi/vec4 0, 0, 32;
    %store/vec4 v0x7f77b40c3470_0, 0, 32;
T_46.8 ; Top of for-loop
    %load/vec4 v0x7f77b40c3470_0;
    %cmpi/u 8, 0, 32;
	  %jmp/0xz T_46.9, 5;
    %load/vec4 v0x7f77b40c3470_0;
    %load/vec4 v0x7f77b40c31b0_0;
    %pad/u 32;
    %cmp/u;
    %jmp/0xz  T_46.11, 5;
    %ix/getv/s 4, v0x7f77b40c3470_0;
    %load/vec4a v0x7f77b40c3310, 4;
    %load/vec4 v0x7f77b4344db0_0;
    %cmp/e;
    %flag_get/vec4 4;
    %jmp/0 T_46.15, 4;
    %ix/getv/s 4, v0x7f77b40c3470_0;
    %load/vec4a v0x7f77b40c3560, 4;
    %load/vec4 v0x7f77b4344e60_0;
    %cmp/e;
    %flag_get/vec4 4;
    %and;
T_46.15;
    %flag_set/vec4 8;
    %jmp/0xz  T_46.13, 8;
    %pushi/vec4 1, 0, 1;
    %store/vec4 v0x7f77b40c3270_0, 0, 1;
T_46.13 ;
T_46.11 ;
T_46.10 ; for-loop step statement
    ; show_stmt_assign_vector: Get l-value for compressed += operand
    %load/vec4 v0x7f77b40c3470_0;
    %pushi/vec4 1, 0, 32;
    %add;
    %store/vec4 v0x7f77b40c3470_0, 0, 32;
    %jmp T_46.8;
T_46.9 ; for-loop exit label
    %load/vec4 v0x7f77b4344f00_0;
    %flag_set/vec4 10;
    %flag_get/vec4 10;
    %jmp/0 T_46.19, 10;
    %load/vec4 v0x7f77b40c31b0_0;
    %pad/u 32;
    %cmpi/u 8, 0, 32;
    %flag_get/vec4 5;
    %and;
T_46.19;
    %flag_set/vec4 9;
    %flag_get/vec4 9;
    %jmp/0 T_46.18, 9;
    %load/vec4 v0x7f77b40c3270_0;
    %nor/r;
    %and;
T_46.18;
    %flag_set/vec4 8;
    %jmp/0xz  T_46.16, 8;
    %load/vec4 v0x7f77b4344db0_0;
    %load/vec4 v0x7f77b40c31b0_0;
    %pad/u 5;
    %ix/vec4 4;
    %store/vec4a v0x7f77b40c3310, 4, 0;
    %load/vec4 v0x7f77b4344e60_0;
    %load/vec4 v0x7f77b40c31b0_0;
    %pad/u 5;
    %ix/vec4 4;
    %store/vec4a v0x7f77b40c3560, 4, 0;
    %load/vec4 v0x7f77b40c31b0_0;
    %addi 1, 0, 4;
    %store/vec4 v0x7f77b40c31b0_0, 0, 4;
T_46.16 ;
    %pushi/vec4 0, 0, 1;
    %store/vec4 v0x7f77b40c3270_0, 0, 1;
    %pushi/vec4 0, 0, 32;
    %store/vec4 v0x7f77b40c3470_0, 0, 32;
T_46.20 ; Top of for-loop
    %load/vec4 v0x7f77b40c3470_0;
    %cmpi/u 8, 0, 32;
	  %jmp/0xz T_46.21, 5;
    %load/vec4 v0x7f77b40c3470_0;
    %load/vec4 v0x7f77b40c31b0_0;
    %pad/u 32;
    %cmp/u;
    %jmp/0xz  T_46.23, 5;
    %ix/getv/s 4, v0x7f77b40c3470_0;
    %load/vec4a v0x7f77b40c3310, 4;
    %load/vec4 v0x7f77b43451b0_0;
    %cmp/e;
    %flag_get/vec4 4;
    %jmp/0 T_46.27, 4;
    %ix/getv/s 4, v0x7f77b40c3470_0;
    %load/vec4a v0x7f77b40c3560, 4;
    %and;
T_46.27;
    %flag_set/vec4 8;
    %jmp/0xz  T_46.25, 8;
    %pushi/vec4 1, 0, 1;
    %store/vec4 v0x7f77b40c3270_0, 0, 1;
T_46.25 ;
T_46.23 ;
T_46.22 ; for-loop step statement
    ; show_stmt_assign_vector: Get l-value for compressed += operand
    %load/vec4 v0x7f77b40c3470_0;
    %pushi/vec4 1, 0, 32;
    %add;
    %store/vec4 v0x7f77b40c3470_0, 0, 32;
    %jmp T_46.20;
T_46.21 ; for-loop exit label
    %load/vec4 v0x7f77b4345260_0;
    %flag_set/vec4 10;
    %flag_get/vec4 10;
    %jmp/0 T_46.31, 10;
    %load/vec4 v0x7f77b40c31b0_0;
    %pad/u 32;
    %cmpi/u 8, 0, 32;
    %flag_get/vec4 5;
    %and;
T_46.31;
    %flag_set/vec4 9;
    %flag_get/vec4 9;
    %jmp/0 T_46.30, 9;
    %load/vec4 v0x7f77b40c3270_0;
    %nor/r;
    %and;
T_46.30;
    %flag_set/vec4 8;
    %jmp/0xz  T_46.28, 8;
    %load/vec4 v0x7f77b43451b0_0;
    %load/vec4 v0x7f77b40c31b0_0;
    %pad/u 5;
    %ix/vec4 4;
    %store/vec4a v0x7f77b40c3310, 4, 0;
    %pushi/vec4 1, 0, 1;
    %load/vec4 v0x7f77b40c31b0_0;
    %pad/u 5;
    %ix/vec4 4;
    %store/vec4a v0x7f77b40c3560, 4, 0;
    %load/vec4 v0x7f77b40c31b0_0;
    %addi 1, 0, 4;
    %store/vec4 v0x7f77b40c31b0_0, 0, 4;
T_46.28 ;
    %pushi/vec4 0, 0, 1;
    %store/vec4 v0x7f77b40c3270_0, 0, 1;
    %pushi/vec4 0, 0, 32;
    %store/vec4 v0x7f77b40c3470_0, 0, 32;
T_46.32 ; Top of for-loop
    %load/vec4 v0x7f77b40c3470_0;
    %cmpi/u 8, 0, 32;
	  %jmp/0xz T_46.33, 5;
    %load/vec4 v0x7f77b40c3470_0;
    %load/vec4 v0x7f77b40c31b0_0;
    %pad/u 32;
    %cmp/u;
    %jmp/0xz  T_46.35, 5;
    %ix/getv/s 4, v0x7f77b40c3470_0;
    %load/vec4a v0x7f77b40c3310, 4;
    %load/vec4 v0x7f77b4344770_0;
    %cmp/e;
    %flag_get/vec4 4;
    %jmp/0 T_46.39, 4;
    %ix/getv/s 4, v0x7f77b40c3470_0;
    %load/vec4a v0x7f77b40c3560, 4;
    %nor/r;
    %and;
T_46.39;
    %flag_set/vec4 8;
    %jmp/0xz  T_46.37, 8;
    %pushi/vec4 1, 0, 1;
    %store/vec4 v0x7f77b40c3270_0, 0, 1;
T_46.37 ;
T_46.35 ;
T_46.34 ; for-loop step statement
    ; show_stmt_assign_vector: Get l-value for compressed += operand
    %load/vec4 v0x7f77b40c3470_0;
    %pushi/vec4 1, 0, 32;
    %add;
    %store/vec4 v0x7f77b40c3470_0, 0, 32;
    %jmp T_46.32;
T_46.33 ; for-loop exit label
    %load/vec4 v0x7f77b4344810_0;
    %flag_set/vec4 10;
    %flag_get/vec4 10;
    %jmp/0 T_46.43, 10;
    %load/vec4 v0x7f77b40c31b0_0;
    %pad/u 32;
    %cmpi/u 8, 0, 32;
    %flag_get/vec4 5;
    %and;
T_46.43;
    %flag_set/vec4 9;
    %flag_get/vec4 9;
    %jmp/0 T_46.42, 9;
    %load/vec4 v0x7f77b40c3270_0;
    %nor/r;
    %and;
T_46.42;
    %flag_set/vec4 8;
    %jmp/0xz  T_46.40, 8;
    %load/vec4 v0x7f77b4344770_0;
    %load/vec4 v0x7f77b40c31b0_0;
    %pad/u 5;
    %ix/vec4 4;
    %store/vec4a v0x7f77b40c3310, 4, 0;
    %pushi/vec4 0, 0, 1;
    %load/vec4 v0x7f77b40c31b0_0;
    %pad/u 5;
    %ix/vec4 4;
    %store/vec4a v0x7f77b40c3560, 4, 0;
    %load/vec4 v0x7f77b40c31b0_0;
    %addi 1, 0, 4;
    %store/vec4 v0x7f77b40c31b0_0, 0, 4;
T_46.40 ;
    %load/vec4 v0x7f77b43441b0_0;
    %dup/vec4;
    %pushi/vec4 0, 0, 2;
    %cmp/u;
    %jmp/1 T_46.44, 6;
    %dup/vec4;
    %pushi/vec4 1, 0, 2;
    %cmp/u;
    %jmp/1 T_46.45, 6;
    %pushi/vec4 0, 0, 2;
    %assign/vec4 v0x7f77b43441b0_0, 0;
    %jmp T_46.47;
T_46.44 ;
    %load/vec4 v0x7f77b40c31b0_0;
    %cmpi/ne 0, 0, 4;
    %jmp/0xz  T_46.48, 4;
    %pushi/vec4 1, 0, 2;
    %assign/vec4 v0x7f77b43441b0_0, 0;
T_46.48 ;
    %jmp T_46.47;
T_46.45 ;
    %load/vec4 v0x7f77b4343f40_0;
    %flag_set/vec4 8;
    %jmp/0xz  T_46.50, 8;
    %load/vec4 v0x7f77b4344940_0;
    %assign/vec4 v0x7f77b4345810_0, 0;
    %load/vec4 v0x7f77b4345300_0;
    %assign/vec4 v0x7f77b43456c0_0, 0;
    %load/vec4 v0x7f77b43453c0_0;
    %assign/vec4 v0x7f77b4345960_0, 0;
    %pushi/vec4 0, 0, 32;
    %store/vec4 v0x7f77b40c33c0_0, 0, 32;
T_46.52 ; Top of for-loop
    %load/vec4 v0x7f77b40c33c0_0;
    %cmpi/u 7, 0, 32;
	  %jmp/0xz T_46.53, 5;
    %load/vec4 v0x7f77b40c33c0_0;
    %addi 1, 0, 32;
    %ix/vec4/s 4;
    %load/vec4a v0x7f77b40c3310, 4;
    %ix/getv/s 4, v0x7f77b40c33c0_0;
    %store/vec4a v0x7f77b40c3310, 4, 0;
    %load/vec4 v0x7f77b40c33c0_0;
    %addi 1, 0, 32;
    %ix/vec4/s 4;
    %load/vec4a v0x7f77b40c3560, 4;
    %ix/getv/s 4, v0x7f77b40c33c0_0;
    %store/vec4a v0x7f77b40c3560, 4, 0;
T_46.54 ; for-loop step statement
    ; show_stmt_assign_vector: Get l-value for compressed += operand
    %load/vec4 v0x7f77b40c33c0_0;
    %pushi/vec4 1, 0, 32;
    %add;
    %store/vec4 v0x7f77b40c33c0_0, 0, 32;
    %jmp T_46.52;
T_46.53 ; for-loop exit label
    %pushi/vec4 0, 0, 3;
    %ix/load 4, 7, 0;
    %flag_set/imm 4, 0;
    %store/vec4a v0x7f77b40c3310, 4, 0;
    %pushi/vec4 0, 0, 1;
    %ix/load 4, 7, 0;
    %flag_set/imm 4, 0;
    %store/vec4a v0x7f77b40c3560, 4, 0;
    %load/vec4 v0x7f77b40c31b0_0;
    %subi 1, 0, 4;
    %store/vec4 v0x7f77b40c31b0_0, 0, 4;
    %load/vec4 v0x7f77b40c31b0_0;
    %cmpi/ne 0, 0, 4;
    %jmp/0xz  T_46.55, 4;
    %pushi/vec4 1, 0, 2;
    %assign/vec4 v0x7f77b43441b0_0, 0;
    %jmp T_46.56;
T_46.55 ;
    %pushi/vec4 0, 0, 2;
    %assign/vec4 v0x7f77b43441b0_0, 0;
T_46.56 ;
T_46.50 ;
    %jmp T_46.47;
T_46.47 ;
    %pop/vec4 1;
    %load/vec4 v0x7f77b40c31b0_0;
    %assign/vec4 v0x7f77b4344530_0, 0;
    %pushi/vec4 0, 0, 32;
    %store/vec4 v0x7f77b40c33c0_0, 0, 32;
T_46.57 ; Top of for-loop
    %load/vec4 v0x7f77b40c33c0_0;
    %cmpi/u 8, 0, 32;
	  %jmp/0xz T_46.58, 5;
    %ix/getv/s 4, v0x7f77b40c33c0_0;
    %load/vec4a v0x7f77b40c3310, 4;
    %ix/getv/s 3, v0x7f77b40c33c0_0;
    %ix/load 4, 0, 0; Constant delay
    %assign/vec4/a/d v0x7f77b43448b0, 0, 4;
    %ix/getv/s 4, v0x7f77b40c33c0_0;
    %load/vec4a v0x7f77b40c3560, 4;
    %ix/getv/s 3, v0x7f77b40c33c0_0;
    %ix/load 4, 0, 0; Constant delay
    %assign/vec4/a/d v0x7f77b4344b40, 0, 4;
T_46.59 ; for-loop step statement
    ; show_stmt_assign_vector: Get l-value for compressed += operand
    %load/vec4 v0x7f77b40c33c0_0;
    %pushi/vec4 1, 0, 32;
    %add;
    %store/vec4 v0x7f77b40c33c0_0, 0, 32;
    %jmp T_46.57;
T_46.58 ; for-loop exit label
T_46.1 ;
    %end;
    .scope S_0x7f77b40c1c80;
t_52 %join;
    %jmp T_46;
    .thread T_46;
    .scope S_0x7f77b409b580;
T_47 ;
    %pushi/vec4 0, 0, 1;
    %store/vec4 v0x7f77b4346d90_0, 0, 1;
    %pushi/vec4 1, 0, 1;
    %store/vec4 v0x7f77b43480c0_0, 0, 1;
    %pushi/vec4 0, 0, 1;
    %store/vec4 v0x7f77b4347750_0, 0, 1;
    %pushi/vec4 0, 0, 3;
    %store/vec4 v0x7f77b43475f0_0, 0, 3;
    %pushi/vec4 1, 0, 1;
    %store/vec4 v0x7f77b43476a0_0, 0, 1;
    %pushi/vec4 0, 0, 8;
    %store/vec4 v0x7f77b4347800_0, 0, 8;
    %pushi/vec4 0, 0, 8;
    %store/vec4 v0x7f77b4347390_0, 0, 8;
    %pushi/vec4 0, 0, 4;
    %store/vec4 v0x7f77b43470f0_0, 0, 4;
    %pushi/vec4 0, 0, 4;
    %store/vec4 v0x7f77b4346f30_0, 0, 4;
    %fork t_55, S_0x7f77b40c1710;
    %jmp t_54;
    .scope S_0x7f77b40c1710;
t_55 ;
    %pushi/vec4 0, 0, 32;
    %store/vec4 v0x7f77b40c18d0_0, 0, 32;
T_47.0 ; Top of for-loop
    %load/vec4 v0x7f77b40c18d0_0;
    %cmpi/s 4, 0, 32;
	  %jmp/0xz T_47.1, 5;
    %pushi/vec4 0, 0, 8;
    %ix/getv/s 4, v0x7f77b40c18d0_0;
    %store/vec4a v0x7f77b4346c80, 4, 0;
T_47.2 ; for-loop step statement
    ; show_stmt_assign_vector: Get l-value for compressed += operand
    %load/vec4 v0x7f77b40c18d0_0;
    %pushi/vec4 1, 0, 32;
    %add;
    %cast2;
    %store/vec4 v0x7f77b40c18d0_0, 0, 32;
    %jmp T_47.0;
T_47.1 ; for-loop exit label
    %end;
    .scope S_0x7f77b409b580;
t_54 %join;
    %delay 20000, 0;
    %pushi/vec4 0, 0, 1;
    %store/vec4 v0x7f77b43480c0_0, 0, 1;
    %alloc S_0x7f77b4346960;
    %pushi/vec4 5, 0, 3;
    %store/vec4 v0x7f77b4346b20_0, 0, 3;
    %pushi/vec4 1, 0, 1;
    %store/vec4 v0x7f77b4346be0_0, 0, 1;
    %fork TD_elevator_group_tb.hall_call, S_0x7f77b4346960;
    %join;
    %free S_0x7f77b4346960;
    %pushi/vec4 20, 0, 32;
T_47.3 %dup/vec4;
    %cmpi/s 0, 0, 32;
    %jmp/1xz T_47.4, 5;
    %jmp/1 T_47.4, 4;
    %subi 1, 0, 32;
    %wait E_0x7f77b40c16d0;
    %jmp T_47.3;
T_47.4 ;
    %pop/vec4 1;
    %alloc S_0x7f77b4346960;
    %pushi/vec4 2, 0, 3;
    %store/vec4 v0x7f77b4346b20_0, 0, 3;
    %pushi/vec4 1, 0, 1;
    %store/vec4 v0x7f77b4346be0_0, 0, 1;
    %fork TD_elevator_group_tb.hall_call, S_0x7f77b4346960;
    %join;
    %free S_0x7f77b4346960;
    %pushi/vec4 20, 0, 32;
T_47.5 %dup/vec4;
    %cmpi/s 0, 0, 32;
    %jmp/1xz T_47.6, 5;
    %jmp/1 T_47.6, 4;
    %subi 1, 0, 32;
    %wait E_0x7f77b40c16d0;
    %jmp T_47.5;
T_47.6 ;
    %pop/vec4 1;
    %alloc S_0x7f77b40c1990;
    %pushi/vec4 1, 0, 32;
    %store/vec4 v0x7f77b40c1bf0_0, 0, 32;
    %pushi/vec4 6, 0, 3;
    %store/vec4 v0x7f77b40c1b60_0, 0, 3;
    %fork TD_elevator_group_tb.cabin_call, S_0x7f77b40c1990;
    %join;
    %free S_0x7f77b40c1990;
    %pushi/vec4 40, 0, 32;
T_47.7 %dup/vec4;
    %cmpi/s 0, 0, 32;
    %jmp/1xz T_47.8, 5;
    %jmp/1 T_47.8, 4;
    %subi 1, 0, 32;
    %wait E_0x7f77b40c16d0;
    %jmp T_47.7;
T_47.8 ;
    %pop/vec4 1;
    %alloc S_0x7f77b4346960;
    %pushi/vec4 7, 0, 3;
    %store/vec4 v0x7f77b4346b20_0, 0, 3;
    %pushi/vec4 1, 0, 1;
    %store/vec4 v0x7f77b4346be0_0, 0, 1;
    %fork TD_elevator_group_tb.hall_call, S_0x7f77b4346960;
    %join;
    %free S_0x7f77b4346960;
    %alloc S_0x7f77b4346960;
    %pushi/vec4 1, 0, 3;
    %store/vec4 v0x7f77b4346b20_0, 0, 3;
    %pushi/vec4 0, 0, 1;
    %store/vec4 v0x7f77b4346be0_0, 0, 1;
    %fork TD_elevator_group_tb.hall_call, S_0x7f77b4346960;
    %join;
    %free S_0x7f77b4346960;
    %pushi/vec4 80, 0, 32;
T_47.9 %dup/vec4;
    %cmpi/s 0, 0, 32;
    %jmp/1xz T_47.10, 5;
    %jmp/1 T_47.10, 4;
    %subi 1, 0, 32;
    %wait E_0x7f77b40c16d0;
    %jmp T_47.9;
T_47.10 ;
    %pop/vec4 1;
    %vpi_call/w 4 128 "$display", "Done. Floors: L0=%0d L1=%0d L2=%0d L3=%0d", v0x7f77b4346e30_0, v0x7f77b4346e30_1, v0x7f77b4346e30_2, v0x7f77b4346e30_3 {0 0 0};
    %vpi_call/w 4 130 "$finish" {0 0 0};
    %end;
    .thread T_47;
    .scope S_0x7f77b409b580;
T_48 ;
    %vpi_call/w 4 134 "$monitor", "t=%0t q=%0d asg=L%0d@f%0d idle=%b%b%b%b fl=%0d %0d %0d %0d", $time, v0x7f77b43474d0_0, v0x7f77b4347b20_0, v0x7f77b4347960_0, v0x7f77b43478b0_0, v0x7f77b43478b0_1, v0x7f77b43478b0_2, v0x7f77b43478b0_3, v0x7f77b4346e30_0, v0x7f77b4346e30_1, v0x7f77b4346e30_2, v0x7f77b4346e30_3 {0 0 0};
    %end;
    .thread T_48;
    .scope S_0x7f77b409b580;
T_49 ;
    %delay 5000, 0;
    %load/vec4 v0x7f77b4346d90_0;
    %inv;
    %store/vec4 v0x7f77b4346d90_0, 0, 1;
    %jmp T_49;
    .thread T_49;
# The file index is used to find the file name in the following table.
:file_names 6;
    "N/A";
    "<interactive>";
    "-";
    "elevator_controller.sv";
    "elevator_group_tb.sv";
    "elevator_group.sv";
